track_id,platform,listen_month,stream_count,skip_rate,playlist_adds
1,Spotify,2025-07-01,270332,0.24,9849
1,Apple Music,2023-03-01,244514,0.233,1648
1,YouTube Music,2025-10-01,67857,0.547,3230
2,Spotify,2024-02-01,239116,0.541,4857
2,Apple Music,2024-11-01,174111,0.303,5164
2,YouTube Music,2023-12-01,82540,0.129,3835
3,Spotify,2024-05-01,208140,0.168,2125
3,Apple Music,2023-06-01,61434,0.39,629
3,YouTube Music,2024-03-01,132056,0.234,9671
4,Spotify,2024-04-01,31094,0.277,1888
4,Apple Music,2025-08-01,54837,0.226,3638
4,YouTube Music,2025-12-01,58747,0.521,2882
5,Spotify,2024-02-01,232313,0.175,18429
5,Apple Music,2025-08-01,146745,0.196,4353
5,YouTube Music,2025-08-01,156649,0.098,1853
6,Spotify,2025-03-01,133839,0.414,3654
6,Apple Music,2024-07-01,124537,0.503,7471
6,YouTube Music,2023-04-01,189227,0.347,6531
7,Spotify,2023-12-01,48483,0.375,1303
7,Apple Music,2025-02-01,282642,0.182,11874
7,YouTube Music,2024-07-01,98627,0.129,6163
8,Spotify,2023-02-01,128050,0.177,1068
8,Apple Music,2025-07-01,245248,0.432,8237
8,YouTube Music,2023-06-01,64100,0.085,871
9,Spotify,2025-11-01,264151,0.308,2672
9,Apple Music,2024-03-01,94343,0.286,3802
9,YouTube Music,2023-09-01,70708,0.365,1293
10,Spotify,2025-05-01,201589,0.116,12552
10,Apple Music,2025-09-01,43361,0.164,2540
10,YouTube Music,2025-11-01,60895,0.102,3203
11,Spotify,2024-08-01,214214,0.502,7346
11,Apple Music,2023-04-01,16503,0.103,549
11,YouTube Music,2023-01-01,132790,0.174,823
12,Spotify,2023-11-01,114851,0.4,1118
12,Apple Music,2024-06-01,54942,0.101,2386
12,YouTube Music,2024-07-01,173869,0.374,13053
13,Spotify,2023-07-01,30220,0.13,884
13,Apple Music,2023-11-01,170176,0.263,6706
13,YouTube Music,2023-07-01,87456,0.253,878
14,Spotify,2025-09-01,100268,0.315,7949
14,Apple Music,2025-12-01,135172,0.531,6757
14,YouTube Music,2024-03-01,123521,0.537,7044
15,Spotify,2025-08-01,209991,0.403,16453
15,Apple Music,2024-09-01,18217,0.366,890
15,YouTube Music,2023-04-01,209706,0.317,12130
16,Spotify,2025-07-01,7089,0.501,199
16,Apple Music,2024-05-01,188285,0.117,2883
16,YouTube Music,2025-10-01,47629,0.176,373
17,Spotify,2025-01-01,145271,0.234,3756
17,Apple Music,2023-04-01,174739,0.275,11524
17,YouTube Music,2025-04-01,192379,0.194,8743
18,Spotify,2025-06-01,220030,0.185,15501
18,Apple Music,2023-04-01,51795,0.083,3638
18,YouTube Music,2023-03-01,16716,0.147,339
19,Spotify,2025-02-01,176007,0.454,3577
19,Apple Music,2023-07-01,138610,0.226,8195
19,YouTube Music,2025-04-01,54395,0.222,2623
20,Spotify,2024-07-01,94548,0.306,7216
20,Apple Music,2025-07-01,89630,0.287,3844
20,YouTube Music,2024-07-01,178539,0.528,7346
21,Spotify,2023-09-01,28016,0.513,1390
21,Apple Music,2024-07-01,172922,0.259,4831
21,YouTube Music,2024-04-01,172054,0.114,2623
22,Spotify,2025-12-01,55417,0.082,3858
22,Apple Music,2025-06-01,107964,0.515,8153
22,YouTube Music,2024-01-01,110656,0.381,5435
23,Spotify,2024-05-01,34154,0.346,668
23,Apple Music,2025-06-01,243611,0.32,10145
23,YouTube Music,2023-04-01,152795,0.261,5623
24,Spotify,2025-01-01,103188,0.462,5398
24,Apple Music,2025-03-01,219895,0.15,11084
24,YouTube Music,2023-01-01,63697,0.352,3483
25,Spotify,2024-12-01,39266,0.383,2896
25,Apple Music,2024-03-01,213429,0.118,15632
25,YouTube Music,2025-07-01,106974,0.222,8298
26,Spotify,2025-02-01,151792,0.273,10736
26,Apple Music,2023-05-01,34440,0.445,1061
26,YouTube Music,2023-03-01,182157,0.432,10460
27,Spotify,2025-07-01,103644,0.113,5930
27,Apple Music,2023-12-01,167432,0.283,3052
27,YouTube Music,2024-10-01,32814,0.166,2498
28,Spotify,2023-05-01,51241,0.108,958
28,Apple Music,2025-03-01,114599,0.509,1511
28,YouTube Music,2024-01-01,20904,0.258,538
29,Spotify,2023-01-01,173898,0.308,10788
29,Apple Music,2023-02-01,105467,0.083,5134
29,YouTube Music,2024-08-01,74593,0.083,3746
30,Spotify,2025-06-01,187450,0.364,5668
30,Apple Music,2024-10-01,128702,0.522,7063
30,YouTube Music,2023-08-01,25772,0.49,1687
31,Spotify,2023-10-01,229318,0.473,17056
31,Apple Music,2023-06-01,51877,0.211,2980
31,YouTube Music,2024-11-01,167174,0.39,6793
32,Spotify,2024-01-01,47887,0.38,3622
32,Apple Music,2024-11-01,203192,0.102,13322
32,YouTube Music,2023-06-01,131963,0.308,7975
33,Spotify,2025-12-01,184352,0.522,7504
33,Apple Music,2023-09-01,39945,0.218,784
33,YouTube Music,2024-02-01,229402,0.417,1693
34,Spotify,2024-03-01,103298,0.548,8164
34,Apple Music,2023-04-01,161318,0.307,7348
34,YouTube Music,2024-12-01,56559,0.39,662
35,Spotify,2024-04-01,7312,0.517,531
35,Apple Music,2023-11-01,180440,0.304,13048
35,YouTube Music,2025-06-01,48848,0.378,2046
36,Spotify,2025-06-01,80414,0.44,4024
36,Apple Music,2025-11-01,133708,0.429,7939
36,YouTube Music,2024-02-01,203924,0.285,4588
37,Spotify,2023-12-01,65460,0.122,3963
37,Apple Music,2024-10-01,35381,0.14,1008
37,YouTube Music,2024-07-01,155137,0.109,7007
38,Spotify,2023-09-01,106441,0.455,7987
38,Apple Music,2025-08-01,202584,0.184,7019
38,YouTube Music,2024-11-01,73888,0.523,5008
39,Spotify,2025-01-01,106597,0.213,6505
39,Apple Music,2024-12-01,156245,0.316,8850
39,YouTube Music,2025-07-01,164092,0.469,6912
40,Spotify,2023-12-01,22103,0.237,1482
40,Apple Music,2023-08-01,72605,0.105,5075
40,YouTube Music,2023-01-01,197889,0.543,10773
41,Spotify,2024-07-01,149237,0.279,6045
41,Apple Music,2023-12-01,86850,0.422,2273
41,YouTube Music,2025-01-01,149384,0.142,9175
42,Spotify,2024-12-01,183239,0.388,8848
42,Apple Music,2025-04-01,123750,0.148,2643
42,YouTube Music,2023-11-01,230121,0.25,15926
43,Spotify,2023-01-01,40209,0.542,2250
43,Apple Music,2023-09-01,26020,0.303,1974
43,YouTube Music,2025-07-01,171447,0.284,2767
44,Spotify,2025-10-01,53100,0.193,2211
44,Apple Music,2025-11-01,54478,0.256,3098
44,YouTube Music,2024-11-01,30387,0.487,1634
45,Spotify,2023-08-01,183249,0.085,2519
45,Apple Music,2025-10-01,202584,0.32,1362
45,YouTube Music,2023-07-01,121683,0.43,7857
46,Spotify,2023-02-01,178394,0.41,4883
46,Apple Music,2023-07-01,71872,0.507,4645
46,YouTube Music,2025-08-01,149538,0.341,6763
47,Spotify,2025-02-01,19180,0.355,1122
47,Apple Music,2023-10-01,247888,0.534,17927
47,YouTube Music,2023-01-01,165926,0.341,10791
48,Spotify,2024-01-01,39238,0.387,454
48,Apple Music,2025-03-01,31478,0.318,1015
48,YouTube Music,2023-09-01,154429,0.389,3648
49,Spotify,2025-06-01,92545,0.289,4468
49,Apple Music,2025-04-01,185157,0.548,9343
49,YouTube Music,2023-03-01,155411,0.465,3540
50,Spotify,2025-04-01,103865,0.181,1564
50,Apple Music,2023-09-01,158034,0.14,8166
50,YouTube Music,2024-02-01,64402,0.385,1110
51,Spotify,2023-02-01,80954,0.522,1274
51,Apple Music,2023-12-01,205200,0.548,11749
51,YouTube Music,2023-07-01,111603,0.384,4838
52,Spotify,2025-04-01,40321,0.45,1347
52,Apple Music,2024-02-01,20032,0.33,1127
52,YouTube Music,2024-03-01,102826,0.251,3086
53,Spotify,2023-07-01,57545,0.126,4515
53,Apple Music,2024-10-01,35581,0.138,1582
53,YouTube Music,2024-09-01,110466,0.244,5292
54,Spotify,2024-03-01,83324,0.501,1483
54,Apple Music,2025-10-01,116792,0.399,7492
54,YouTube Music,2025-12-01,115184,0.14,657
55,Spotify,2024-01-01,49287,0.147,2344
55,Apple Music,2025-10-01,225653,0.254,14287
55,YouTube Music,2024-09-01,134819,0.166,10646
56,Spotify,2023-05-01,87691,0.281,6631
56,Apple Music,2024-02-01,263676,0.525,9357
56,YouTube Music,2023-10-01,169749,0.423,12878
57,Spotify,2023-07-01,15875,0.214,1186
57,Apple Music,2025-11-01,236046,0.423,9671
57,YouTube Music,2025-04-01,284555,0.408,10076
58,Spotify,2024-04-01,189224,0.28,8529
58,Apple Music,2025-11-01,278907,0.513,22295
58,YouTube Music,2025-04-01,158673,0.291,2798
59,Spotify,2023-07-01,46978,0.475,2044
59,Apple Music,2025-04-01,160769,0.255,2169
59,YouTube Music,2024-05-01,223029,0.483,5967
60,Spotify,2023-05-01,77829,0.427,3709
60,Apple Music,2025-08-01,225037,0.5,16912
60,YouTube Music,2024-02-01,18937,0.369,561
61,Spotify,2023-02-01,2243,0.42,78
61,Apple Music,2023-07-01,149080,0.12,6495
61,YouTube Music,2024-04-01,53317,0.083,3343
62,Spotify,2023-09-01,154200,0.221,5724
62,Apple Music,2023-03-01,73864,0.286,5019
62,YouTube Music,2025-04-01,139649,0.083,9952
63,Spotify,2025-06-01,32357,0.099,1119
63,Apple Music,2025-05-01,9447,0.174,386
63,YouTube Music,2025-03-01,39967,0.339,2597
64,Spotify,2025-12-01,128567,0.447,4498
64,Apple Music,2023-03-01,108029,0.53,6962
64,YouTube Music,2025-06-01,119735,0.441,2722
65,Spotify,2024-05-01,188145,0.427,7069
65,Apple Music,2025-09-01,130374,0.282,6690
65,YouTube Music,2025-04-01,56392,0.44,3936
66,Spotify,2023-12-01,271666,0.173,15752
66,Apple Music,2025-11-01,253741,0.165,20157
66,YouTube Music,2024-04-01,178015,0.137,6247
67,Spotify,2023-07-01,40992,0.37,484
67,Apple Music,2023-06-01,119604,0.409,9390
67,YouTube Music,2024-02-01,122011,0.32,6502
68,Spotify,2023-06-01,72370,0.523,4224
68,Apple Music,2024-04-01,11786,0.08,642
68,YouTube Music,2023-05-01,81561,0.507,1024
69,Spotify,2023-11-01,131633,0.223,1614
69,Apple Music,2024-12-01,183209,0.141,5870
69,YouTube Music,2023-10-01,173048,0.255,9304
70,Spotify,2025-02-01,86236,0.13,4502
70,Apple Music,2023-04-01,12968,0.509,701
70,YouTube Music,2025-06-01,197717,0.126,14954
71,Spotify,2025-03-01,98236,0.545,1979
71,Apple Music,2025-06-01,10506,0.277,613
71,YouTube Music,2023-08-01,103110,0.417,7559
72,Spotify,2023-10-01,122946,0.528,7907
72,Apple Music,2025-01-01,88143,0.141,741
72,YouTube Music,2025-09-01,166712,0.463,7023
73,Spotify,2024-07-01,18127,0.433,612
73,Apple Music,2023-10-01,153753,0.167,2613
73,YouTube Music,2025-12-01,147486,0.516,6409
74,Spotify,2025-05-01,211183,0.223,4545
74,Apple Music,2024-01-01,126573,0.185,5697
74,YouTube Music,2024-01-01,149484,0.495,11143
75,Spotify,2023-01-01,234441,0.545,4864
75,Apple Music,2023-12-01,171983,0.364,5620
75,YouTube Music,2024-06-01,138481,0.143,10022
76,Spotify,2025-05-01,18234,0.085,577
76,Apple Music,2025-02-01,44656,0.087,2424
76,YouTube Music,2025-11-01,236924,0.26,12802
77,Spotify,2024-04-01,179667,0.464,3871
77,Apple Music,2024-04-01,180190,0.483,6245
77,YouTube Music,2023-08-01,237039,0.253,17223
78,Spotify,2025-08-01,51718,0.463,941
78,Apple Music,2023-07-01,174135,0.213,4921
78,YouTube Music,2023-08-01,210447,0.113,2189
79,Spotify,2025-01-01,281334,0.127,12521
79,Apple Music,2023-11-01,163694,0.26,2169
79,YouTube Music,2025-10-01,12626,0.442,316
80,Spotify,2025-12-01,5150,0.084,331
80,Apple Music,2025-08-01,117005,0.12,1806
80,YouTube Music,2025-12-01,42593,0.305,991
81,Spotify,2023-09-01,83074,0.138,5555
81,Apple Music,2023-04-01,67448,0.497,2437
81,YouTube Music,2024-04-01,6356,0.261,200
82,Spotify,2023-08-01,185464,0.496,12372
82,Apple Music,2024-06-01,62678,0.186,4809
82,YouTube Music,2023-01-01,23970,0.136,1779
83,Spotify,2023-11-01,141585,0.281,4263
83,Apple Music,2024-06-01,99672,0.394,2752
83,YouTube Music,2024-12-01,26706,0.315,872
84,Spotify,2025-03-01,26127,0.485,2047
84,Apple Music,2024-02-01,75050,0.29,4860
84,YouTube Music,2023-06-01,34590,0.531,895
85,Spotify,2024-08-01,30848,0.261,893
85,Apple Music,2023-11-01,252216,0.363,13303
85,YouTube Music,2024-09-01,66906,0.338,3037
86,Spotify,2024-09-01,182373,0.261,8858
86,Apple Music,2023-04-01,192407,0.461,4127
86,YouTube Music,2025-08-01,76419,0.547,480
87,Spotify,2023-05-01,48042,0.108,1498
87,Apple Music,2024-04-01,107431,0.481,8367
87,YouTube Music,2025-12-01,72281,0.106,1108
88,Spotify,2024-01-01,39012,0.092,3018
88,Apple Music,2025-03-01,159221,0.353,6490
88,YouTube Music,2023-10-01,7471,0.146,174
89,Spotify,2025-09-01,97597,0.166,5930
89,Apple Music,2024-11-01,251428,0.301,14882
89,YouTube Music,2025-01-01,147651,0.132,1402
90,Spotify,2024-11-01,198707,0.317,1155
90,Apple Music,2025-05-01,135436,0.47,10013
90,YouTube Music,2023-09-01,174591,0.518,4432
91,Spotify,2025-01-01,137947,0.139,2881
91,Apple Music,2025-02-01,59932,0.467,4686
91,YouTube Music,2024-03-01,196769,0.227,10456
92,Spotify,2023-02-01,19013,0.384,372
92,Apple Music,2023-05-01,21265,0.446,641
92,YouTube Music,2024-04-01,48559,0.111,2417
93,Spotify,2023-10-01,133662,0.517,3077
93,Apple Music,2023-06-01,122846,0.544,5071
93,YouTube Music,2024-07-01,34062,0.084,1081
94,Spotify,2023-12-01,120693,0.433,7172
94,Apple Music,2023-09-01,152254,0.271,9227
94,YouTube Music,2023-05-01,32462,0.454,1323
95,Spotify,2023-12-01,38098,0.298,2719
95,Apple Music,2025-03-01,81440,0.46,4403
95,YouTube Music,2024-08-01,146486,0.422,7888
96,Spotify,2024-01-01,35011,0.249,2422
96,Apple Music,2025-10-01,236899,0.262,4894
96,YouTube Music,2023-01-01,27716,0.346,2205
97,Spotify,2023-08-01,47729,0.225,3344
97,Apple Music,2023-05-01,27005,0.16,733
97,YouTube Music,2024-05-01,154357,0.122,2846
98,Spotify,2023-02-01,172778,0.439,6592
98,Apple Music,2024-10-01,163495,0.251,4332
98,YouTube Music,2024-06-01,156974,0.252,10731
99,Spotify,2025-01-01,27071,0.318,668
99,Apple Music,2025-09-01,226256,0.107,14546
99,YouTube Music,2025-07-01,2305,0.129,76
100,Spotify,2024-08-01,18331,0.491,1011
100,Apple Music,2023-03-01,146184,0.503,5827
100,YouTube Music,2024-04-01,166368,0.531,5784
101,Spotify,2024-04-01,105463,0.229,8408
101,Apple Music,2025-03-01,229785,0.134,8983
101,YouTube Music,2025-07-01,109759,0.18,5226
102,Spotify,2024-04-01,22957,0.25,855
102,Apple Music,2024-05-01,13603,0.091,841
102,YouTube Music,2024-02-01,78656,0.119,801
103,Spotify,2023-11-01,104228,0.292,3802
103,Apple Music,2024-06-01,62376,0.105,4498
103,YouTube Music,2024-08-01,193613,0.173,14645
104,Spotify,2024-12-01,170928,0.156,9785
104,Apple Music,2025-04-01,155027,0.085,9879
104,YouTube Music,2025-12-01,25779,0.352,408
105,Spotify,2024-03-01,252850,0.425,1533
105,Apple Music,2024-05-01,173295,0.133,13473
105,YouTube Music,2023-11-01,168966,0.544,12799
106,Spotify,2025-04-01,139976,0.352,1082
106,Apple Music,2023-06-01,134752,0.444,6747
106,YouTube Music,2023-06-01,76097,0.537,3672
107,Spotify,2023-12-01,77624,0.501,3311
107,Apple Music,2024-09-01,156213,0.294,5589
107,YouTube Music,2023-08-01,124905,0.44,1686
108,Spotify,2024-07-01,115490,0.34,1986
108,Apple Music,2024-12-01,98314,0.404,3717
108,YouTube Music,2023-02-01,222299,0.506,2765
109,Spotify,2024-12-01,28552,0.37,1023
109,Apple Music,2025-10-01,231993,0.336,12182
109,YouTube Music,2024-09-01,10871,0.48,227
110,Spotify,2024-08-01,87214,0.482,6653
110,Apple Music,2024-01-01,146243,0.383,9337
110,YouTube Music,2025-05-01,125294,0.319,3141
111,Spotify,2023-01-01,105657,0.454,3814
111,Apple Music,2025-12-01,89478,0.092,5752
111,YouTube Music,2024-04-01,156270,0.16,7487
112,Spotify,2023-10-01,202331,0.171,10790
112,Apple Music,2023-07-01,99125,0.379,7761
112,YouTube Music,2023-09-01,93153,0.286,1161
113,Spotify,2025-05-01,37169,0.449,2535
113,Apple Music,2023-07-01,130231,0.232,1562
113,YouTube Music,2025-09-01,4148,0.359,29
114,Spotify,2024-11-01,24174,0.092,1451
114,Apple Music,2023-05-01,210303,0.168,11343
114,YouTube Music,2024-05-01,57532,0.195,3653
115,Spotify,2023-11-01,144037,0.119,2273
115,Apple Music,2023-02-01,201158,0.132,14994
115,YouTube Music,2024-06-01,36530,0.5,436
116,Spotify,2023-08-01,56915,0.311,378
116,Apple Music,2024-11-01,139147,0.403,4611
116,YouTube Music,2023-11-01,152538,0.165,878
117,Spotify,2024-06-01,175880,0.482,2425
117,Apple Music,2025-12-01,177907,0.362,956
117,YouTube Music,2023-09-01,91140,0.171,657
118,Spotify,2023-01-01,169198,0.182,5476
118,Apple Music,2023-05-01,76269,0.119,4337
118,YouTube Music,2025-11-01,78665,0.528,2449
119,Spotify,2024-04-01,83883,0.46,3162
119,Apple Music,2024-07-01,59703,0.403,4271
119,YouTube Music,2023-12-01,31599,0.44,896
120,Spotify,2024-06-01,136095,0.29,6767
120,Apple Music,2024-06-01,141603,0.26,2829
120,YouTube Music,2025-05-01,214868,0.291,15407
121,Spotify,2025-06-01,161426,0.364,11427
121,Apple Music,2023-06-01,85815,0.165,2505
121,YouTube Music,2024-02-01,54671,0.389,1798
122,Spotify,2024-10-01,2998,0.085,88
122,Apple Music,2025-04-01,113561,0.344,3851
122,YouTube Music,2025-02-01,129074,0.344,7579
123,Spotify,2024-06-01,201617,0.278,12442
123,Apple Music,2024-07-01,48157,0.457,2041
123,YouTube Music,2024-04-01,27775,0.16,819
124,Spotify,2025-01-01,123217,0.088,7854
124,Apple Music,2025-09-01,117978,0.476,4154
124,YouTube Music,2024-12-01,10781,0.088,433
125,Spotify,2025-06-01,76609,0.434,2683
125,Apple Music,2024-08-01,151703,0.265,8682
125,YouTube Music,2025-02-01,232660,0.137,7687
126,Spotify,2024-12-01,7640,0.468,117
126,Apple Music,2024-09-01,202047,0.16,3906
126,YouTube Music,2023-02-01,2442,0.488,59
127,Spotify,2025-07-01,17901,0.115,531
127,Apple Music,2023-03-01,86874,0.515,4235
127,YouTube Music,2024-11-01,110917,0.434,7939
128,Spotify,2024-11-01,141254,0.325,3254
128,Apple Music,2023-02-01,178737,0.231,10691
128,YouTube Music,2023-11-01,87747,0.414,2761
129,Spotify,2024-01-01,211173,0.177,2291
129,Apple Music,2023-08-01,45401,0.182,3014
129,YouTube Music,2025-06-01,28022,0.463,1740
130,Spotify,2025-02-01,273130,0.413,14789
130,Apple Music,2025-09-01,32216,0.251,2517
130,YouTube Music,2023-11-01,68117,0.168,1759
131,Spotify,2024-02-01,111064,0.351,1405
131,Apple Music,2024-01-01,169589,0.088,6709
131,YouTube Music,2025-02-01,150052,0.293,3739
132,Spotify,2025-06-01,98910,0.151,4219
132,Apple Music,2024-12-01,15369,0.254,133
132,YouTube Music,2024-09-01,101971,0.169,1860
133,Spotify,2025-04-01,175099,0.284,9820
133,Apple Music,2024-04-01,27597,0.105,211
133,YouTube Music,2025-12-01,19879,0.209,1415
134,Spotify,2025-05-01,110296,0.128,6622
134,Apple Music,2024-12-01,120327,0.449,3738
134,YouTube Music,2025-10-01,152551,0.081,2880
135,Spotify,2023-06-01,156027,0.481,8830
135,Apple Music,2023-01-01,150773,0.168,10929
135,YouTube Music,2024-02-01,189937,0.237,3478
136,Spotify,2024-10-01,54645,0.481,2707
136,Apple Music,2023-10-01,833,0.196,10
136,YouTube Music,2023-03-01,249249,0.473,11065
137,Spotify,2024-12-01,21600,0.458,651
137,Apple Music,2024-08-01,128870,0.201,5346
137,YouTube Music,2025-11-01,5256,0.222,157
138,Spotify,2025-01-01,170866,0.207,7509
138,Apple Music,2023-06-01,54476,0.482,2966
138,YouTube Music,2024-06-01,107231,0.351,6132
139,Spotify,2025-02-01,68042,0.171,5212
139,Apple Music,2024-09-01,95899,0.399,6947
139,YouTube Music,2024-10-01,44469,0.399,3183
140,Spotify,2025-09-01,150238,0.21,2898
140,Apple Music,2024-10-01,185582,0.368,6961
140,YouTube Music,2025-03-01,88997,0.536,3775
141,Spotify,2025-11-01,148340,0.326,3965
141,Apple Music,2023-08-01,42357,0.215,2752
141,YouTube Music,2024-05-01,10452,0.468,149
142,Spotify,2024-03-01,1940,0.39,9
142,Apple Music,2025-03-01,122512,0.449,5225
142,YouTube Music,2024-10-01,28297,0.147,1697
143,Spotify,2023-11-01,21106,0.095,1582
143,Apple Music,2024-05-01,172814,0.268,12582
143,YouTube Music,2024-10-01,154881,0.345,8660
144,Spotify,2025-04-01,44750,0.174,679
144,Apple Music,2024-09-01,78070,0.22,5818
144,YouTube Music,2023-09-01,49811,0.492,1881
145,Spotify,2024-08-01,141526,0.317,7980
145,Apple Music,2023-09-01,98632,0.278,3528
145,YouTube Music,2025-05-01,10207,0.278,629
146,Spotify,2025-05-01,73608,0.255,3795
146,Apple Music,2023-08-01,18214,0.265,641
146,YouTube Music,2025-02-01,146668,0.106,1334
147,Spotify,2025-06-01,101688,0.466,4820
147,Apple Music,2025-01-01,14363,0.355,622
147,YouTube Music,2024-03-01,170220,0.148,10303
148,Spotify,2025-05-01,79018,0.381,1312
148,Apple Music,2025-04-01,263395,0.083,10897
148,YouTube Music,2025-02-01,25687,0.152,1823
149,Spotify,2024-07-01,60246,0.303,4063
149,Apple Music,2023-04-01,20455,0.221,844
149,YouTube Music,2025-10-01,137514,0.368,5216
150,Spotify,2025-11-01,34743,0.379,655
150,Apple Music,2024-08-01,57390,0.429,2640
150,YouTube Music,2024-11-01,74515,0.127,3662
151,Spotify,2024-07-01,75158,0.408,980
151,Apple Music,2023-10-01,32132,0.295,1520
151,YouTube Music,2024-01-01,65526,0.386,3557
152,Spotify,2024-01-01,128797,0.3,7628
152,Apple Music,2024-12-01,42616,0.482,1821
152,YouTube Music,2024-11-01,142888,0.109,7743
153,Spotify,2023-05-01,215101,0.296,14927
153,Apple Music,2025-08-01,169949,0.265,12527
153,YouTube Music,2025-09-01,136655,0.365,2531
154,Spotify,2025-06-01,193194,0.141,5661
154,Apple Music,2025-03-01,179928,0.27,1505
154,YouTube Music,2024-06-01,52538,0.13,3943
155,Spotify,2023-02-01,187507,0.443,13837
155,Apple Music,2023-01-01,57035,0.261,4448
155,YouTube Music,2024-06-01,152907,0.098,9364
156,Spotify,2023-12-01,188013,0.094,3394
156,Apple Music,2023-04-01,121481,0.545,5835
156,YouTube Music,2025-03-01,73002,0.399,1599
157,Spotify,2025-01-01,176683,0.46,3431
157,Apple Music,2023-01-01,273118,0.125,2046
157,YouTube Music,2024-03-01,143797,0.347,10042
158,Spotify,2024-04-01,266478,0.508,14167
158,Apple Music,2025-09-01,75233,0.303,2362
158,YouTube Music,2023-10-01,56324,0.286,2923
159,Spotify,2024-04-01,22066,0.323,277
159,Apple Music,2024-05-01,19494,0.236,425
159,YouTube Music,2024-02-01,150810,0.112,10611
160,Spotify,2025-05-01,193213,0.481,14468
160,Apple Music,2025-08-01,147784,0.337,10623
160,YouTube Music,2023-06-01,99346,0.095,3636
161,Spotify,2025-01-01,17037,0.337,1022
161,Apple Music,2025-12-01,81900,0.459,3872
161,YouTube Music,2025-10-01,11810,0.113,427
162,Spotify,2025-01-01,34581,0.305,508
162,Apple Music,2024-08-01,27379,0.319,1472
162,YouTube Music,2023-01-01,121876,0.492,2691
163,Spotify,2025-01-01,69819,0.484,3920
163,Apple Music,2023-07-01,189974,0.262,6324
163,YouTube Music,2025-06-01,233631,0.145,8842
164,Spotify,2023-02-01,84947,0.285,793
164,Apple Music,2025-10-01,124775,0.274,7666
164,YouTube Music,2023-02-01,17432,0.087,1028
165,Spotify,2024-10-01,13447,0.165,111
165,Apple Music,2024-08-01,229837,0.549,3385
165,YouTube Music,2025-04-01,150998,0.116,3588
166,Spotify,2023-08-01,159305,0.462,11521
166,Apple Music,2025-04-01,183999,0.252,8529
166,YouTube Music,2023-01-01,185152,0.23,8444
167,Spotify,2024-02-01,122456,0.412,6323
167,Apple Music,2024-12-01,72561,0.475,3198
167,YouTube Music,2023-01-01,134759,0.255,8924
168,Spotify,2023-01-01,75738,0.385,2956
168,Apple Music,2024-02-01,170906,0.207,8394
168,YouTube Music,2024-07-01,15629,0.367,658
169,Spotify,2024-09-01,96632,0.177,1819
169,Apple Music,2023-10-01,16985,0.095,1056
169,YouTube Music,2025-04-01,264883,0.514,19352
170,Spotify,2024-12-01,162472,0.421,8385
170,Apple Music,2025-11-01,241883,0.459,11246
170,YouTube Music,2025-12-01,99744,0.521,3966
171,Spotify,2024-12-01,188551,0.202,14522
171,Apple Music,2024-02-01,55339,0.087,3595
171,YouTube Music,2023-10-01,83367,0.219,3987
172,Spotify,2025-01-01,73629,0.39,4688
172,Apple Music,2023-08-01,32561,0.391,2204
172,YouTube Music,2024-08-01,98701,0.084,767
173,Spotify,2023-05-01,262907,0.182,2469
173,Apple Music,2024-05-01,217795,0.528,8283
173,YouTube Music,2023-10-01,108680,0.14,5681
174,Spotify,2025-09-01,171717,0.134,1354
174,Apple Music,2023-12-01,159687,0.1,9389
174,YouTube Music,2024-09-01,113709,0.088,7774
175,Spotify,2025-08-01,187331,0.19,2470
175,Apple Music,2024-11-01,40064,0.191,1179
175,YouTube Music,2023-06-01,110792,0.28,2906
176,Spotify,2025-06-01,243803,0.237,8681
176,Apple Music,2024-01-01,202999,0.218,1489
176,YouTube Music,2025-04-01,125088,0.509,865
177,Spotify,2025-12-01,109644,0.447,4727
177,Apple Music,2025-12-01,148439,0.258,7229
177,YouTube Music,2023-04-01,49179,0.549,535
178,Spotify,2024-09-01,196679,0.35,9070
178,Apple Music,2025-08-01,201774,0.493,13088
178,YouTube Music,2025-05-01,231811,0.287,5839
179,Spotify,2023-08-01,77148,0.456,6041
179,Apple Music,2025-07-01,124432,0.134,2871
179,YouTube Music,2024-11-01,97021,0.343,1041
180,Spotify,2025-03-01,177844,0.291,6475
180,Apple Music,2025-03-01,160717,0.507,8929
180,YouTube Music,2023-07-01,182712,0.215,5214
181,Spotify,2023-03-01,146746,0.15,6172
181,Apple Music,2025-12-01,116084,0.137,2873
181,YouTube Music,2024-01-01,184870,0.139,1396
182,Spotify,2025-07-01,195937,0.114,8546
182,Apple Music,2025-05-01,135145,0.269,6320
182,YouTube Music,2025-10-01,38121,0.468,1153
183,Spotify,2024-08-01,40150,0.101,2425
183,Apple Music,2024-12-01,126905,0.428,4781
183,YouTube Music,2025-02-01,44376,0.42,2184
184,Spotify,2025-08-01,54046,0.359,1769
184,Apple Music,2024-02-01,99176,0.163,5870
184,YouTube Music,2025-10-01,60060,0.24,2841
185,Spotify,2024-03-01,174707,0.281,5103
185,Apple Music,2025-04-01,31387,0.524,2234
185,YouTube Music,2023-06-01,125999,0.35,6446
186,Spotify,2023-03-01,67591,0.215,2804
186,Apple Music,2023-04-01,103794,0.202,5237
186,YouTube Music,2025-03-01,169450,0.125,7864
187,Spotify,2025-04-01,8888,0.099,638
187,Apple Music,2024-10-01,2456,0.467,80
187,YouTube Music,2024-02-01,139174,0.325,9370
188,Spotify,2024-08-01,230391,0.477,8830
188,Apple Music,2025-02-01,59186,0.144,1531
188,YouTube Music,2023-06-01,119531,0.43,2591
189,Spotify,2025-11-01,45919,0.21,2401
189,Apple Music,2024-02-01,24385,0.228,1813
189,YouTube Music,2025-11-01,236587,0.229,16113
190,Spotify,2025-07-01,13477,0.375,315
190,Apple Music,2023-12-01,70104,0.205,1146
190,YouTube Music,2025-12-01,126734,0.173,8958
191,Spotify,2025-04-01,182881,0.284,7644
191,Apple Music,2024-11-01,169238,0.277,4185
191,YouTube Music,2023-05-01,144478,0.244,6470
192,Spotify,2025-07-01,81209,0.394,3391
192,Apple Music,2023-05-01,159464,0.306,1951
192,YouTube Music,2023-03-01,152660,0.233,8347
193,Spotify,2024-12-01,201661,0.39,6265
193,Apple Music,2024-10-01,51684,0.307,3377
193,YouTube Music,2023-07-01,157851,0.094,3961
194,Spotify,2024-07-01,22436,0.232,1247
194,Apple Music,2024-12-01,147320,0.203,1340
194,YouTube Music,2024-04-01,69745,0.465,1962
195,Spotify,2023-10-01,239486,0.332,15199
195,Apple Music,2025-01-01,192302,0.364,1248
195,YouTube Music,2025-02-01,102396,0.411,7517
196,Spotify,2023-09-01,171399,0.179,7740
196,Apple Music,2024-06-01,164506,0.188,10708
196,YouTube Music,2023-01-01,121415,0.425,9166
197,Spotify,2024-01-01,324873,0.128,11320
197,Apple Music,2025-04-01,48463,0.091,2537
197,YouTube Music,2025-07-01,10814,0.138,689
198,Spotify,2023-02-01,54052,0.492,3764
198,Apple Music,2023-12-01,196465,0.438,7102
198,YouTube Music,2024-04-01,198862,0.151,11969
199,Spotify,2025-01-01,209543,0.449,7729
199,Apple Music,2025-10-01,76871,0.175,1907
199,YouTube Music,2024-09-01,127293,0.282,2758
200,Spotify,2023-07-01,80139,0.507,3605
200,Apple Music,2025-12-01,6996,0.422,534
200,YouTube Music,2023-08-01,30952,0.352,212
201,Spotify,2023-11-01,105834,0.131,2994
201,Apple Music,2024-10-01,19222,0.16,1342
201,YouTube Music,2025-12-01,56144,0.27,3809
202,Spotify,2024-05-01,187247,0.108,7865
202,Apple Music,2025-10-01,195149,0.151,5680
202,YouTube Music,2025-08-01,141638,0.206,2930
203,Spotify,2024-12-01,157858,0.531,3580
203,Apple Music,2023-02-01,140926,0.484,11197
203,YouTube Music,2023-09-01,136705,0.257,8443
204,Spotify,2023-01-01,171628,0.173,12053
204,Apple Music,2023-12-01,122542,0.374,5434
204,YouTube Music,2024-12-01,151238,0.084,2089
205,Spotify,2025-11-01,171246,0.232,12281
205,Apple Music,2025-12-01,38936,0.326,791
205,YouTube Music,2024-12-01,108740,0.198,4318
206,Spotify,2025-08-01,264554,0.516,4581
206,Apple Music,2023-05-01,3045,0.164,122
206,YouTube Music,2024-02-01,168269,0.406,7627
207,Spotify,2025-09-01,19409,0.359,194
207,Apple Music,2024-07-01,60168,0.087,1170
207,YouTube Music,2024-09-01,190235,0.253,11894
208,Spotify,2023-12-01,202377,0.175,10007
208,Apple Music,2025-10-01,66487,0.204,842
208,YouTube Music,2025-10-01,256266,0.235,16118
209,Spotify,2024-04-01,121179,0.427,6203
209,Apple Music,2025-03-01,42869,0.189,910
209,YouTube Music,2023-03-01,41068,0.491,1201
210,Spotify,2024-09-01,207508,0.28,8378
210,Apple Music,2024-12-01,208609,0.343,6946
210,YouTube Music,2023-10-01,151804,0.474,4367
211,Spotify,2025-03-01,93222,0.524,6294
211,Apple Music,2025-02-01,156971,0.31,10073
211,YouTube Music,2024-08-01,235950,0.386,4329
212,Spotify,2023-07-01,212980,0.279,10920
212,Apple Music,2024-06-01,107358,0.431,622
212,YouTube Music,2024-05-01,152271,0.356,4512
213,Spotify,2024-11-01,178999,0.365,1345
213,Apple Music,2024-11-01,130907,0.548,7569
213,YouTube Music,2024-10-01,21432,0.467,1494
214,Spotify,2025-09-01,178320,0.162,10921
214,Apple Music,2023-12-01,22821,0.094,1644
214,YouTube Music,2023-01-01,175329,0.48,1965
215,Spotify,2025-05-01,138029,0.109,1699
215,Apple Music,2025-06-01,61327,0.427,1836
215,YouTube Music,2024-09-01,168081,0.544,9943
216,Spotify,2025-01-01,5749,0.269,389
216,Apple Music,2024-02-01,16050,0.438,257
216,YouTube Music,2025-07-01,48762,0.209,970
217,Spotify,2024-05-01,54147,0.476,4092
217,Apple Music,2025-02-01,148982,0.24,7093
217,YouTube Music,2023-12-01,202261,0.121,14937
218,Spotify,2023-01-01,21101,0.358,1633
218,Apple Music,2023-05-01,68036,0.296,4816
218,YouTube Music,2025-03-01,212174,0.504,4101
219,Spotify,2023-10-01,68134,0.412,1250
219,Apple Music,2023-03-01,87243,0.473,2221
219,YouTube Music,2024-10-01,74360,0.287,887
220,Spotify,2025-11-01,96711,0.382,3745
220,Apple Music,2025-10-01,37146,0.472,1260
220,YouTube Music,2025-05-01,77803,0.284,4158
221,Spotify,2025-05-01,55171,0.535,2558
221,Apple Music,2024-01-01,26913,0.179,575
221,YouTube Music,2024-10-01,34110,0.377,1386
222,Spotify,2023-06-01,104592,0.258,5138
222,Apple Music,2023-07-01,190849,0.249,13851
222,YouTube Music,2024-05-01,150301,0.385,1881
223,Spotify,2025-08-01,55943,0.167,370
223,Apple Music,2023-05-01,214592,0.284,7499
223,YouTube Music,2024-01-01,233611,0.239,13056
224,Spotify,2024-07-01,93468,0.503,4021
224,Apple Music,2025-03-01,117110,0.268,836
224,YouTube Music,2023-10-01,126741,0.534,9596
225,Spotify,2023-02-01,209541,0.392,13440
225,Apple Music,2024-03-01,124878,0.146,3865
225,YouTube Music,2024-05-01,116464,0.149,8294
226,Spotify,2025-04-01,23572,0.483,889
226,Apple Music,2024-03-01,59436,0.477,1965
226,YouTube Music,2023-08-01,93765,0.338,3239
227,Spotify,2023-07-01,216306,0.298,5019
227,Apple Music,2024-05-01,40654,0.52,1422
227,YouTube Music,2023-06-01,263564,0.28,9103
228,Spotify,2025-03-01,185347,0.536,1300
228,Apple Music,2025-10-01,76175,0.24,5084
228,YouTube Music,2024-04-01,246282,0.116,5481
229,Spotify,2025-03-01,13455,0.285,409
229,Apple Music,2024-01-01,119779,0.226,6665
229,YouTube Music,2025-09-01,113733,0.278,1963
230,Spotify,2023-11-01,36770,0.119,2075
230,Apple Music,2025-09-01,163902,0.086,4741
230,YouTube Music,2025-07-01,147100,0.085,7948
231,Spotify,2025-02-01,168576,0.222,4113
231,Apple Music,2024-12-01,244637,0.507,10434
231,YouTube Music,2023-07-01,138490,0.537,1852
232,Spotify,2023-06-01,210795,0.489,2318
232,Apple Music,2025-08-01,257569,0.173,16989
232,YouTube Music,2024-08-01,113924,0.212,1608
233,Spotify,2024-06-01,80293,0.362,2625
233,Apple Music,2023-05-01,173486,0.465,7929
233,YouTube Music,2023-10-01,98779,0.29,2699
234,Spotify,2023-03-01,30204,0.097,1824
234,Apple Music,2024-07-01,25258,0.139,400
234,YouTube Music,2025-09-01,73033,0.295,3746
235,Spotify,2023-10-01,160910,0.116,5303
235,Apple Music,2025-02-01,224997,0.495,7569
235,YouTube Music,2023-03-01,120786,0.432,4431
236,Spotify,2024-02-01,187254,0.387,13336
236,Apple Music,2025-04-01,57970,0.548,2966
236,YouTube Music,2024-05-01,233479,0.256,9448
237,Spotify,2023-10-01,238158,0.167,10149
237,Apple Music,2024-04-01,141326,0.399,3596
237,YouTube Music,2024-10-01,6862,0.389,175
238,Spotify,2024-04-01,165403,0.184,1051
238,Apple Music,2024-10-01,20074,0.422,1017
238,YouTube Music,2025-01-01,130839,0.235,4471
239,Spotify,2024-12-01,90795,0.243,3480
239,Apple Music,2024-07-01,121636,0.408,6747
239,YouTube Music,2024-09-01,10717,0.349,116
240,Spotify,2024-05-01,77352,0.432,3459
240,Apple Music,2025-10-01,195201,0.397,1408
240,YouTube Music,2023-05-01,51924,0.345,1877
241,Spotify,2025-03-01,182436,0.545,6047
241,Apple Music,2023-04-01,116080,0.479,1424
241,YouTube Music,2025-07-01,33703,0.164,570
242,Spotify,2025-05-01,151224,0.433,5499
242,Apple Music,2025-11-01,106322,0.376,5828
242,YouTube Music,2024-08-01,165717,0.332,5702
243,Spotify,2023-07-01,257376,0.468,9962
243,Apple Music,2025-03-01,73242,0.47,4557
243,YouTube Music,2024-07-01,289796,0.26,15644
244,Spotify,2025-09-01,70928,0.371,1091
244,Apple Music,2024-10-01,30066,0.424,2282
244,YouTube Music,2024-01-01,71291,0.374,4015
245,Spotify,2025-04-01,271994,0.451,9302
245,Apple Music,2024-12-01,55199,0.42,1266
245,YouTube Music,2023-10-01,63042,0.218,4544
246,Spotify,2023-03-01,156674,0.401,5996
246,Apple Music,2024-03-01,160338,0.132,8065
246,YouTube Music,2023-11-01,83629,0.532,461
247,Spotify,2024-02-01,222879,0.324,8974
247,Apple Music,2025-10-01,181171,0.495,8207
247,YouTube Music,2025-01-01,284496,0.416,10779
248,Spotify,2023-06-01,119378,0.469,7089
248,Apple Music,2024-02-01,155283,0.32,8342
248,YouTube Music,2023-12-01,29465,0.203,1970
249,Spotify,2023-08-01,54816,0.389,857
249,Apple Music,2024-12-01,63932,0.235,3645
249,YouTube Music,2025-08-01,194277,0.436,5961
250,Spotify,2025-01-01,133115,0.409,6338
250,Apple Music,2024-10-01,39682,0.216,856
250,YouTube Music,2025-11-01,140886,0.224,8268
251,Spotify,2025-12-01,104679,0.287,2838
251,Apple Music,2025-04-01,36438,0.217,1232
251,YouTube Music,2023-05-01,12331,0.354,198
252,Spotify,2024-08-01,141948,0.43,11314
252,Apple Music,2025-09-01,261501,0.537,13935
252,YouTube Music,2025-03-01,110807,0.258,8250
253,Spotify,2025-02-01,150517,0.307,5040
253,Apple Music,2025-12-01,84373,0.177,1371
253,YouTube Music,2025-01-01,37901,0.248,1495
254,Spotify,2023-12-01,256424,0.448,11361
254,Apple Music,2024-09-01,54563,0.095,2836
254,YouTube Music,2025-02-01,17442,0.532,1194
255,Spotify,2025-03-01,16204,0.326,378
255,Apple Music,2025-08-01,246894,0.483,5462
255,YouTube Music,2023-12-01,38744,0.366,1797
256,Spotify,2023-09-01,62385,0.511,4551
256,Apple Music,2025-08-01,66809,0.187,3268
256,YouTube Music,2025-02-01,104969,0.494,927
257,Spotify,2023-09-01,56513,0.288,2300
257,Apple Music,2025-07-01,143995,0.309,6868
257,YouTube Music,2025-11-01,36633,0.288,1948
258,Spotify,2024-10-01,202492,0.546,4835
258,Apple Music,2025-05-01,78303,0.163,3370
258,YouTube Music,2024-11-01,166225,0.488,3935
259,Spotify,2023-08-01,162666,0.374,2173
259,Apple Music,2023-03-01,2189,0.538,88
259,YouTube Music,2024-06-01,22218,0.396,268
260,Spotify,2023-04-01,203302,0.467,3968
260,Apple Music,2024-02-01,55508,0.224,3468
260,YouTube Music,2023-06-01,176408,0.366,8436
261,Spotify,2023-10-01,37974,0.266,679
261,Apple Music,2025-10-01,155778,0.53,12242
261,YouTube Music,2024-05-01,139197,0.207,10434
262,Spotify,2025-06-01,86659,0.237,2733
262,Apple Music,2023-07-01,116589,0.345,7252
262,YouTube Music,2024-05-01,20715,0.246,1354
263,Spotify,2024-05-01,7238,0.175,395
263,Apple Music,2025-09-01,80121,0.281,2698
263,YouTube Music,2024-02-01,178625,0.181,7630
264,Spotify,2025-10-01,22712,0.233,930
264,Apple Music,2024-12-01,203502,0.525,12941
264,YouTube Music,2024-01-01,243392,0.212,12291
265,Spotify,2024-05-01,27101,0.241,1228
265,Apple Music,2025-07-01,38479,0.494,405
265,YouTube Music,2025-02-01,64024,0.357,3076
266,Spotify,2024-09-01,131144,0.349,8158
266,Apple Music,2023-12-01,216328,0.404,3360
266,YouTube Music,2024-12-01,279010,0.53,8954
267,Spotify,2024-04-01,62070,0.3,2455
267,Apple Music,2023-03-01,295621,0.202,14861
267,YouTube Music,2023-09-01,45154,0.281,2955
268,Spotify,2024-01-01,26367,0.321,163
268,Apple Music,2024-10-01,210771,0.234,9571
268,YouTube Music,2025-02-01,124661,0.425,5908
269,Spotify,2025-08-01,150239,0.321,10345
269,Apple Music,2025-07-01,229094,0.17,2401
269,YouTube Music,2023-11-01,94659,0.498,7532
270,Spotify,2025-12-01,88215,0.384,2689
270,Apple Music,2025-05-01,301340,0.283,1992
270,YouTube Music,2024-07-01,3050,0.263,17
271,Spotify,2024-09-01,38165,0.185,2121
271,Apple Music,2024-12-01,143652,0.174,9569
271,YouTube Music,2023-02-01,135267,0.443,2767
272,Spotify,2023-09-01,8259,0.524,65
272,Apple Music,2023-11-01,126107,0.234,3612
272,YouTube Music,2023-04-01,50874,0.157,4035
273,Spotify,2023-07-01,76454,0.492,5797
273,Apple Music,2024-01-01,7639,0.43,462
273,YouTube Music,2025-02-01,125054,0.173,7856
274,Spotify,2025-02-01,34317,0.318,1660
274,Apple Music,2025-06-01,54168,0.137,2257
274,YouTube Music,2023-09-01,275284,0.275,5718
275,Spotify,2023-01-01,103064,0.319,7819
275,Apple Music,2024-06-01,128361,0.268,8896
275,YouTube Music,2024-04-01,106443,0.284,7300
276,Spotify,2024-01-01,156794,0.382,5366
276,Apple Music,2023-03-01,89757,0.502,754
276,YouTube Music,2024-01-01,119627,0.324,1856
277,Spotify,2024-06-01,19146,0.179,1158
277,Apple Music,2025-03-01,170332,0.154,3054
277,YouTube Music,2023-03-01,250704,0.394,8117
278,Spotify,2024-10-01,9182,0.224,476
278,Apple Music,2024-01-01,69180,0.092,493
278,YouTube Music,2024-10-01,255595,0.509,2169
279,Spotify,2023-02-01,211766,0.154,1296
279,Apple Music,2024-09-01,154013,0.133,6264
279,YouTube Music,2024-08-01,102112,0.364,5387
280,Spotify,2025-06-01,165554,0.201,4836
280,Apple Music,2025-04-01,193795,0.125,8131
280,YouTube Music,2023-11-01,31195,0.141,2360
281,Spotify,2025-02-01,27466,0.417,718
281,Apple Music,2024-12-01,61737,0.167,3361
281,YouTube Music,2024-03-01,146102,0.324,7054
282,Spotify,2023-12-01,91069,0.391,4412
282,Apple Music,2023-03-01,119602,0.453,9384
282,YouTube Music,2024-01-01,136906,0.454,2346
283,Spotify,2025-07-01,163780,0.483,3125
283,Apple Music,2024-02-01,166101,0.293,4104
283,YouTube Music,2024-03-01,189439,0.441,14073
284,Spotify,2024-11-01,67730,0.49,4260
284,Apple Music,2023-06-01,30977,0.241,1360
284,YouTube Music,2023-08-01,133127,0.533,1925
285,Spotify,2024-05-01,25844,0.415,374
285,Apple Music,2025-03-01,126487,0.543,1419
285,YouTube Music,2023-11-01,135296,0.496,5860
286,Spotify,2025-10-01,74234,0.173,4516
286,Apple Music,2025-06-01,45833,0.329,390
286,YouTube Music,2024-03-01,133152,0.525,5967
287,Spotify,2023-12-01,32320,0.378,2243
287,Apple Music,2023-05-01,45383,0.529,1670
287,YouTube Music,2025-07-01,18323,0.526,499
288,Spotify,2023-02-01,135557,0.144,10215
288,Apple Music,2025-10-01,81320,0.394,1679
288,YouTube Music,2023-08-01,214875,0.108,7687
289,Spotify,2023-07-01,53508,0.459,4083
289,Apple Music,2024-02-01,50234,0.264,979
289,YouTube Music,2023-12-01,82438,0.21,5931
290,Spotify,2023-11-01,223858,0.396,4575
290,Apple Music,2024-09-01,91351,0.085,1260
290,YouTube Music,2024-05-01,34604,0.361,775
291,Spotify,2025-06-01,37377,0.367,617
291,Apple Music,2024-02-01,98385,0.099,6675
291,YouTube Music,2025-08-01,178010,0.355,12588
292,Spotify,2025-10-01,233129,0.326,2714
292,Apple Music,2024-12-01,249357,0.193,17142
292,YouTube Music,2024-12-01,143888,0.38,10055
293,Spotify,2024-11-01,223040,0.198,9610
293,Apple Music,2024-04-01,110681,0.119,1392
293,YouTube Music,2023-12-01,202800,0.358,11138
294,Spotify,2025-11-01,175083,0.474,5810
294,Apple Music,2025-02-01,99815,0.131,6773
294,YouTube Music,2025-11-01,155686,0.534,3564
295,Spotify,2025-01-01,300304,0.278,10369
295,Apple Music,2025-01-01,130531,0.287,5163
295,YouTube Music,2025-01-01,162296,0.375,10276
296,Spotify,2023-05-01,78168,0.091,5936
296,Apple Music,2024-06-01,166867,0.423,11464
296,YouTube Music,2024-01-01,216841,0.538,5128
297,Spotify,2023-04-01,110374,0.546,2730
297,Apple Music,2024-06-01,222552,0.337,6485
297,YouTube Music,2025-09-01,71514,0.483,2147
298,Spotify,2024-02-01,299395,0.534,8604
298,Apple Music,2025-03-01,194516,0.271,10043
298,YouTube Music,2024-06-01,245660,0.204,14261
299,Spotify,2024-01-01,184984,0.435,14234
299,Apple Music,2025-09-01,32595,0.226,1400
299,YouTube Music,2025-02-01,117602,0.333,4098
300,Spotify,2025-07-01,53996,0.414,3974
300,Apple Music,2023-07-01,74056,0.24,2335
300,YouTube Music,2024-10-01,43388,0.426,3069
301,Spotify,2023-04-01,248757,0.232,5438
301,Apple Music,2023-12-01,154473,0.547,1077
301,YouTube Music,2023-03-01,65815,0.186,3527
302,Spotify,2024-08-01,4407,0.533,305
302,Apple Music,2023-09-01,148524,0.549,2884
302,YouTube Music,2024-12-01,190624,0.35,13853
303,Spotify,2024-07-01,101421,0.542,6618
303,Apple Music,2025-06-01,119253,0.515,2695
303,YouTube Music,2025-04-01,34143,0.143,2372
304,Spotify,2025-12-01,194968,0.125,14390
304,Apple Music,2023-12-01,168466,0.129,11282
304,YouTube Music,2023-08-01,135578,0.383,6311
305,Spotify,2024-10-01,97586,0.105,5016
305,Apple Music,2024-09-01,115595,0.548,769
305,YouTube Music,2023-02-01,171210,0.243,11996
306,Spotify,2024-12-01,217861,0.529,5600
306,Apple Music,2023-07-01,11391,0.311,658
306,YouTube Music,2024-06-01,81756,0.226,4683
307,Spotify,2023-09-01,84225,0.492,6398
307,Apple Music,2023-12-01,247619,0.485,19268
307,YouTube Music,2025-02-01,241504,0.136,18910
308,Spotify,2025-03-01,175317,0.156,3435
308,Apple Music,2024-02-01,47108,0.517,2809
308,YouTube Music,2024-07-01,41330,0.35,3148
309,Spotify,2023-05-01,146803,0.145,4513
309,Apple Music,2023-03-01,101814,0.282,2433
309,YouTube Music,2025-02-01,85919,0.187,6780
310,Spotify,2025-01-01,95916,0.124,2333
310,Apple Music,2025-01-01,122438,0.255,2159
310,YouTube Music,2025-10-01,1714,0.224,111
311,Spotify,2025-08-01,129931,0.529,2486
311,Apple Music,2025-03-01,53986,0.539,662
311,YouTube Music,2023-09-01,161576,0.163,6148
312,Spotify,2025-02-01,50926,0.289,2630
312,Apple Music,2025-09-01,111877,0.131,6290
312,YouTube Music,2025-06-01,59474,0.314,2989
313,Spotify,2024-02-01,162436,0.338,5549
313,Apple Music,2023-08-01,199121,0.239,6456
313,YouTube Music,2024-11-01,63658,0.1,598
314,Spotify,2023-11-01,233017,0.358,15981
314,Apple Music,2025-09-01,170831,0.328,8222
314,YouTube Music,2023-08-01,130222,0.382,3410
315,Spotify,2024-02-01,51145,0.374,1806
315,Apple Music,2025-07-01,105103,0.129,4949
315,YouTube Music,2025-12-01,88642,0.45,2352
316,Spotify,2024-10-01,16689,0.1,1268
316,Apple Music,2025-01-01,263401,0.335,13978
316,YouTube Music,2024-09-01,114807,0.534,3888
317,Spotify,2025-09-01,18436,0.402,692
317,Apple Music,2023-02-01,52208,0.4,436
317,YouTube Music,2023-12-01,164891,0.499,9634
318,Spotify,2023-07-01,59108,0.348,3013
318,Apple Music,2023-11-01,73052,0.135,1956
318,YouTube Music,2024-07-01,121269,0.544,8124
319,Spotify,2024-07-01,10929,0.361,564
319,Apple Music,2023-11-01,204317,0.486,10617
319,YouTube Music,2024-07-01,261024,0.272,1505
320,Spotify,2024-10-01,95827,0.169,6079
320,Apple Music,2024-03-01,3802,0.266,217
320,YouTube Music,2023-08-01,211536,0.113,2872
321,Spotify,2024-11-01,16318,0.234,1236
321,Apple Music,2024-10-01,255290,0.267,11544
321,YouTube Music,2023-02-01,59734,0.136,3985
322,Spotify,2023-08-01,190849,0.174,8371
322,Apple Music,2023-02-01,109082,0.187,7361
322,YouTube Music,2024-12-01,234079,0.194,11972
323,Spotify,2025-04-01,40396,0.441,2210
323,Apple Music,2023-06-01,68740,0.101,416
323,YouTube Music,2025-01-01,89637,0.245,1797
324,Spotify,2023-03-01,105968,0.525,4548
324,Apple Music,2024-02-01,151166,0.389,5731
324,YouTube Music,2025-06-01,75381,0.215,1287
325,Spotify,2023-10-01,13320,0.111,584
325,Apple Music,2023-02-01,170802,0.518,5598
325,YouTube Music,2024-10-01,169131,0.259,7983
326,Spotify,2025-02-01,41874,0.438,319
326,Apple Music,2025-07-01,6764,0.508,509
326,YouTube Music,2023-11-01,90303,0.262,6616
327,Spotify,2024-08-01,180874,0.242,14306
327,Apple Music,2024-11-01,52310,0.493,1139
327,YouTube Music,2023-06-01,208553,0.535,16670
328,Spotify,2024-07-01,189640,0.459,2996
328,Apple Music,2023-11-01,297661,0.48,23533
328,YouTube Music,2024-12-01,103237,0.271,7357
329,Spotify,2024-11-01,152362,0.263,4916
329,Apple Music,2025-04-01,110931,0.329,2601
329,YouTube Music,2025-06-01,164465,0.491,8955
330,Spotify,2025-05-01,165235,0.439,5884
330,Apple Music,2024-05-01,70184,0.301,3208
330,YouTube Music,2023-11-01,206066,0.174,6249
331,Spotify,2023-12-01,165498,0.283,12534
331,Apple Music,2025-11-01,67614,0.393,1724
331,YouTube Music,2023-03-01,224325,0.381,10796
332,Spotify,2024-06-01,128666,0.195,7769
332,Apple Music,2023-11-01,261901,0.368,15753
332,YouTube Music,2023-06-01,39606,0.12,223
333,Spotify,2023-04-01,28547,0.504,577
333,Apple Music,2025-08-01,126984,0.251,9294
333,YouTube Music,2025-03-01,150525,0.162,4176
334,Spotify,2024-03-01,36232,0.136,2654
334,Apple Music,2025-04-01,167147,0.301,13162
334,YouTube Music,2023-03-01,36208,0.149,1389
335,Spotify,2025-12-01,108762,0.304,6801
335,Apple Music,2023-08-01,129737,0.355,2417
335,YouTube Music,2024-02-01,201334,0.496,15922
336,Spotify,2023-02-01,41371,0.221,1428
336,Apple Music,2023-06-01,161478,0.378,4347
336,YouTube Music,2025-07-01,220369,0.313,11379
337,Spotify,2025-01-01,45675,0.199,1987
337,Apple Music,2025-05-01,127706,0.158,6858
337,YouTube Music,2025-11-01,74291,0.283,596
338,Spotify,2025-01-01,144175,0.236,1060
338,Apple Music,2024-07-01,220921,0.222,4412
338,YouTube Music,2024-06-01,84060,0.396,4813
339,Spotify,2024-03-01,176973,0.449,6289
339,Apple Music,2024-02-01,112388,0.34,4682
339,YouTube Music,2024-09-01,160031,0.12,8796
340,Spotify,2023-02-01,24624,0.14,1530
340,Apple Music,2023-02-01,48054,0.152,3128
340,YouTube Music,2025-02-01,3736,0.426,114
341,Spotify,2025-06-01,47662,0.534,3702
341,Apple Music,2023-12-01,150947,0.137,8726
341,YouTube Music,2024-11-01,19843,0.418,235
342,Spotify,2025-09-01,57048,0.417,1940
342,Apple Music,2025-12-01,55365,0.173,4379
342,YouTube Music,2023-08-01,53292,0.424,2631
343,Spotify,2024-03-01,54097,0.117,4223
343,Apple Music,2023-04-01,163292,0.169,2335
343,YouTube Music,2024-11-01,64847,0.435,1431
344,Spotify,2023-07-01,152347,0.274,8081
344,Apple Music,2025-11-01,85816,0.426,3843
344,YouTube Music,2024-06-01,64403,0.156,619
345,Spotify,2025-12-01,161084,0.435,6001
345,Apple Music,2025-06-01,94763,0.43,1100
345,YouTube Music,2024-12-01,221782,0.399,2204
346,Spotify,2024-05-01,108083,0.429,4435
346,Apple Music,2025-03-01,152612,0.55,2941
346,YouTube Music,2024-07-01,17041,0.273,1209
347,Spotify,2025-07-01,193482,0.298,3183
347,Apple Music,2024-11-01,181623,0.49,11645
347,YouTube Music,2025-03-01,49479,0.087,3184
348,Spotify,2024-08-01,55605,0.166,673
348,Apple Music,2023-05-01,45964,0.173,1944
348,YouTube Music,2024-07-01,167612,0.169,8466
349,Spotify,2023-06-01,188116,0.155,14613
349,Apple Music,2024-03-01,28521,0.232,1162
349,YouTube Music,2024-01-01,82868,0.312,1759
350,Spotify,2025-07-01,95776,0.239,2710
350,Apple Music,2025-06-01,140425,0.141,3671
350,YouTube Music,2023-01-01,238626,0.254,18560
351,Spotify,2025-04-01,120287,0.196,9122
351,Apple Music,2024-09-01,97292,0.504,3961
351,YouTube Music,2023-06-01,102971,0.236,2016
352,Spotify,2025-04-01,190202,0.508,11052
352,Apple Music,2025-02-01,71928,0.301,464
352,YouTube Music,2024-08-01,126511,0.373,1404
353,Spotify,2023-08-01,212386,0.525,12655
353,Apple Music,2023-06-01,129970,0.452,3342
353,YouTube Music,2024-10-01,17317,0.185,90
354,Spotify,2024-06-01,144412,0.448,11083
354,Apple Music,2023-10-01,211507,0.174,13918
354,YouTube Music,2023-09-01,138785,0.425,8349
355,Spotify,2023-05-01,128604,0.452,4722
355,Apple Music,2025-07-01,63578,0.219,455
355,YouTube Music,2024-11-01,21580,0.445,1715
356,Spotify,2023-05-01,114045,0.359,7057
356,Apple Music,2023-10-01,115889,0.412,4519
356,YouTube Music,2024-09-01,33977,0.088,303
357,Spotify,2025-01-01,128242,0.228,7571
357,Apple Music,2025-01-01,175372,0.232,3218
357,YouTube Music,2025-01-01,164101,0.346,7817
358,Spotify,2023-03-01,233733,0.142,2288
358,Apple Music,2023-06-01,34654,0.157,2028
358,YouTube Music,2024-07-01,94378,0.274,5786
359,Spotify,2025-03-01,120064,0.276,7711
359,Apple Music,2023-05-01,186526,0.463,7206
359,YouTube Music,2023-11-01,56717,0.383,2655
360,Spotify,2023-03-01,171432,0.1,3672
360,Apple Music,2025-07-01,40261,0.232,2483
360,YouTube Music,2025-12-01,6135,0.216,41
361,Spotify,2023-04-01,123480,0.099,6078
361,Apple Music,2024-09-01,167802,0.244,1853
361,YouTube Music,2025-12-01,45205,0.152,250
362,Spotify,2023-04-01,158659,0.341,6872
362,Apple Music,2024-07-01,230819,0.237,6815
362,YouTube Music,2025-11-01,37778,0.292,1451
363,Spotify,2024-02-01,169949,0.176,2286
363,Apple Music,2025-12-01,265475,0.177,16454
363,YouTube Music,2024-06-01,102392,0.397,7320
364,Spotify,2024-04-01,101643,0.374,4829
364,Apple Music,2024-04-01,109506,0.086,7360
364,YouTube Music,2024-10-01,179854,0.263,5315
365,Spotify,2024-11-01,178139,0.311,8383
365,Apple Music,2023-10-01,55577,0.13,279
365,YouTube Music,2024-08-01,17892,0.525,1337
366,Spotify,2024-04-01,124327,0.532,1528
366,Apple Music,2023-05-01,155263,0.279,10982
366,YouTube Music,2023-05-01,131068,0.22,999
367,Spotify,2023-02-01,36085,0.517,2581
367,Apple Music,2024-03-01,208684,0.4,1518
367,YouTube Music,2025-12-01,3695,0.421,144
368,Spotify,2023-12-01,141333,0.091,6676
368,Apple Music,2023-01-01,162206,0.111,9059
368,YouTube Music,2023-10-01,138683,0.299,2513
369,Spotify,2025-05-01,14378,0.531,1016
369,Apple Music,2024-04-01,205480,0.457,1403
369,YouTube Music,2023-10-01,75323,0.461,6002
370,Spotify,2025-12-01,130137,0.41,8380
370,Apple Music,2024-09-01,12534,0.122,407
370,YouTube Music,2025-03-01,44505,0.504,2646
371,Spotify,2024-06-01,104963,0.243,1894
371,Apple Music,2025-08-01,171049,0.441,2749
371,YouTube Music,2025-05-01,199901,0.249,7471
372,Spotify,2025-11-01,36569,0.249,1462
372,Apple Music,2025-03-01,58107,0.241,4292
372,YouTube Music,2025-03-01,158254,0.377,9631
373,Spotify,2023-09-01,70505,0.266,4706
373,Apple Music,2025-11-01,118088,0.129,626
373,YouTube Music,2024-02-01,54324,0.401,3481
374,Spotify,2024-09-01,106345,0.455,4906
374,Apple Music,2024-12-01,223062,0.183,6989
374,YouTube Music,2023-12-01,275097,0.186,14660
375,Spotify,2025-02-01,180753,0.08,11662
375,Apple Music,2023-07-01,115538,0.114,8810
375,YouTube Music,2023-01-01,103471,0.335,1266
376,Spotify,2025-02-01,3889,0.137,73
376,Apple Music,2024-11-01,17202,0.527,630
376,YouTube Music,2024-04-01,85588,0.361,2630
377,Spotify,2025-10-01,84711,0.357,3463
377,Apple Music,2024-01-01,13858,0.539,588
377,YouTube Music,2025-02-01,82437,0.485,2784
378,Spotify,2025-08-01,135033,0.372,4230
378,Apple Music,2023-08-01,7877,0.533,487
378,YouTube Music,2025-11-01,75008,0.119,4449
379,Spotify,2024-01-01,26973,0.432,623
379,Apple Music,2023-10-01,83937,0.445,5799
379,YouTube Music,2025-01-01,92671,0.401,4587
380,Spotify,2025-10-01,142102,0.316,5646
380,Apple Music,2024-10-01,130970,0.332,7769
380,YouTube Music,2024-03-01,38208,0.311,2776
381,Spotify,2023-02-01,10654,0.236,140
381,Apple Music,2025-11-01,57403,0.197,1954
381,YouTube Music,2024-11-01,59133,0.101,1105
382,Spotify,2025-02-01,200646,0.188,7694
382,Apple Music,2025-10-01,24368,0.142,1910
382,YouTube Music,2023-12-01,7128,0.252,409
383,Spotify,2024-08-01,184957,0.253,8463
383,Apple Music,2023-02-01,8987,0.342,329
383,YouTube Music,2025-04-01,92050,0.392,3736
384,Spotify,2025-04-01,31894,0.156,1523
384,Apple Music,2024-02-01,140450,0.337,6573
384,YouTube Music,2023-04-01,157232,0.274,7385
385,Spotify,2024-01-01,38361,0.431,1315
385,Apple Music,2025-09-01,170872,0.133,9388
385,YouTube Music,2023-08-01,2770,0.461,80
386,Spotify,2023-03-01,51580,0.303,2109
386,Apple Music,2023-03-01,115642,0.375,8025
386,YouTube Music,2023-08-01,153655,0.32,10692
387,Spotify,2025-07-01,188290,0.114,3267
387,Apple Music,2023-07-01,167305,0.186,4129
387,YouTube Music,2025-12-01,15535,0.447,109
388,Spotify,2025-03-01,101851,0.365,7131
388,Apple Music,2025-11-01,147475,0.452,10567
388,YouTube Music,2023-07-01,39427,0.325,1667
389,Spotify,2023-11-01,129117,0.111,1467
389,Apple Music,2024-05-01,11210,0.265,446
389,YouTube Music,2024-09-01,163802,0.512,11327
390,Spotify,2025-09-01,158920,0.489,9000
390,Apple Music,2024-06-01,250299,0.391,12026
390,YouTube Music,2025-11-01,35499,0.538,1595
391,Spotify,2024-10-01,19396,0.206,491
391,Apple Music,2023-10-01,151875,0.516,4451
391,YouTube Music,2025-11-01,61320,0.224,4104
392,Spotify,2023-10-01,125781,0.361,6946
392,Apple Music,2025-06-01,56907,0.404,1095
392,YouTube Music,2025-09-01,253016,0.231,16408
393,Spotify,2023-04-01,47999,0.42,1289
393,Apple Music,2025-08-01,240467,0.47,4504
393,YouTube Music,2025-08-01,112324,0.308,2842
394,Spotify,2023-07-01,170474,0.2,1773
394,Apple Music,2024-08-01,241678,0.082,4632
394,YouTube Music,2025-10-01,195492,0.339,13017
395,Spotify,2024-10-01,122180,0.104,4530
395,Apple Music,2023-02-01,37567,0.262,524
395,YouTube Music,2023-05-01,143525,0.547,1159
396,Spotify,2025-11-01,38845,0.206,2477
396,Apple Music,2023-02-01,123440,0.499,5862
396,YouTube Music,2023-04-01,148037,0.418,3895
397,Spotify,2025-06-01,81902,0.348,2047
397,Apple Music,2023-03-01,66783,0.34,1920
397,YouTube Music,2023-10-01,111701,0.37,8554
398,Spotify,2023-02-01,272871,0.538,17932
398,Apple Music,2023-03-01,102023,0.184,4026
398,YouTube Music,2024-10-01,67653,0.081,3743
399,Spotify,2023-07-01,247876,0.29,5555
399,Apple Music,2025-07-01,239646,0.151,17160
399,YouTube Music,2024-07-01,8821,0.208,627
400,Spotify,2024-08-01,166304,0.09,7162
400,Apple Music,2025-11-01,176720,0.148,1908
400,YouTube Music,2024-07-01,107585,0.27,2296
401,Spotify,2025-08-01,82430,0.217,1839
401,Apple Music,2023-08-01,9980,0.345,533
401,YouTube Music,2024-01-01,287899,0.263,8892
402,Spotify,2024-05-01,164618,0.289,6059
402,Apple Music,2024-03-01,103218,0.252,8234
402,YouTube Music,2025-04-01,49944,0.355,2186
403,Spotify,2023-12-01,13894,0.251,862
403,Apple Music,2023-09-01,36027,0.407,315
403,YouTube Music,2024-03-01,72226,0.218,5011
404,Spotify,2023-10-01,63320,0.158,633
404,Apple Music,2025-03-01,16203,0.448,1140
404,YouTube Music,2023-01-01,85854,0.523,6191
405,Spotify,2024-03-01,60075,0.116,3782
405,Apple Music,2025-03-01,122840,0.297,7624
405,YouTube Music,2024-03-01,45405,0.168,2906
406,Spotify,2023-07-01,79651,0.09,3412
406,Apple Music,2023-10-01,32295,0.3,2211
406,YouTube Music,2023-12-01,110719,0.211,2594
407,Spotify,2023-02-01,35985,0.156,1815
407,Apple Music,2024-11-01,87659,0.215,3915
407,YouTube Music,2025-08-01,205560,0.334,7254
408,Spotify,2025-12-01,232486,0.246,11720
408,Apple Music,2025-08-01,133504,0.326,4749
408,YouTube Music,2024-05-01,43096,0.177,2154
409,Spotify,2024-01-01,35794,0.274,1188
409,Apple Music,2025-03-01,90615,0.433,1918
409,YouTube Music,2025-05-01,156248,0.452,9561
410,Spotify,2024-05-01,98837,0.088,2177
410,Apple Music,2023-08-01,133170,0.415,4376
410,YouTube Music,2025-02-01,36403,0.104,2769
411,Spotify,2025-07-01,79845,0.245,5845
411,Apple Music,2024-01-01,24313,0.247,1056
411,YouTube Music,2025-03-01,106079,0.236,2999
412,Spotify,2024-01-01,4741,0.149,276
412,Apple Music,2024-07-01,7706,0.376,253
412,YouTube Music,2024-06-01,112645,0.296,5816
413,Spotify,2024-07-01,17734,0.355,1263
413,Apple Music,2025-09-01,111120,0.446,6628
413,YouTube Music,2024-11-01,25379,0.152,1696
414,Spotify,2023-04-01,199740,0.42,5000
414,Apple Music,2023-05-01,29170,0.21,627
414,YouTube Music,2024-03-01,5042,0.171,240
415,Spotify,2023-02-01,126826,0.2,9347
415,Apple Music,2023-04-01,56994,0.205,2348
415,YouTube Music,2023-02-01,166291,0.158,9220
416,Spotify,2024-08-01,189316,0.503,9704
416,Apple Music,2025-06-01,78121,0.338,5671
416,YouTube Music,2025-10-01,199088,0.328,10966
417,Spotify,2023-04-01,165500,0.459,10488
417,Apple Music,2024-08-01,6707,0.208,506
417,YouTube Music,2024-02-01,265517,0.104,13110
418,Spotify,2023-08-01,44514,0.477,953
418,Apple Music,2024-12-01,55140,0.408,2367
418,YouTube Music,2023-10-01,110749,0.236,1227
419,Spotify,2023-07-01,173376,0.392,10943
419,Apple Music,2023-06-01,137810,0.152,5579
419,YouTube Music,2024-07-01,84996,0.191,6029
420,Spotify,2023-10-01,143673,0.282,3251
420,Apple Music,2023-02-01,43798,0.361,2168
420,YouTube Music,2024-08-01,18703,0.427,303
421,Spotify,2023-01-01,33606,0.453,1925
421,Apple Music,2024-11-01,1133,0.095,30
421,YouTube Music,2023-01-01,243479,0.409,13380
422,Spotify,2025-02-01,58519,0.235,463
422,Apple Music,2023-07-01,12688,0.466,246
422,YouTube Music,2025-02-01,111561,0.359,5707
423,Spotify,2024-03-01,156398,0.111,7892
423,Apple Music,2023-12-01,214121,0.322,9042
423,YouTube Music,2025-08-01,61334,0.481,3365
424,Spotify,2025-07-01,120938,0.319,3268
424,Apple Music,2024-11-01,141347,0.191,11144
424,YouTube Music,2023-02-01,79773,0.297,4606
425,Spotify,2024-03-01,18326,0.135,239
425,Apple Music,2024-10-01,48908,0.213,1465
425,YouTube Music,2025-11-01,77834,0.285,1104
426,Spotify,2023-08-01,239693,0.356,18050
426,Apple Music,2023-01-01,169816,0.154,3287
426,YouTube Music,2024-08-01,13659,0.458,467
427,Spotify,2024-03-01,286601,0.448,19974
427,Apple Music,2025-12-01,129002,0.412,7015
427,YouTube Music,2024-02-01,47035,0.448,3601
428,Spotify,2023-04-01,203784,0.237,1661
428,Apple Music,2025-03-01,188193,0.53,13747
428,YouTube Music,2024-10-01,108686,0.084,3483
429,Spotify,2025-04-01,98511,0.129,6193
429,Apple Music,2025-09-01,49613,0.4,3439
429,YouTube Music,2025-10-01,80737,0.498,6420
430,Spotify,2024-12-01,55226,0.526,3590
430,Apple Music,2023-05-01,175356,0.333,10816
430,YouTube Music,2023-08-01,71094,0.357,5501
431,Spotify,2023-06-01,149151,0.51,7555
431,Apple Music,2023-04-01,145102,0.204,10427
431,YouTube Music,2025-04-01,235933,0.199,5875
432,Spotify,2023-07-01,10383,0.466,238
432,Apple Music,2025-07-01,17904,0.457,456
432,YouTube Music,2025-05-01,5267,0.528,340
433,Spotify,2025-11-01,189102,0.313,9173
433,Apple Music,2024-09-01,141306,0.134,3195
433,YouTube Music,2025-07-01,190199,0.336,3807
434,Spotify,2023-03-01,25593,0.195,1049
434,Apple Music,2024-07-01,292737,0.159,7881
434,YouTube Music,2023-05-01,69217,0.176,1196
435,Spotify,2023-03-01,137015,0.405,7251
435,Apple Music,2024-03-01,50899,0.082,1168
435,YouTube Music,2025-08-01,45652,0.239,1941
436,Spotify,2023-06-01,140835,0.394,3643
436,Apple Music,2024-12-01,29902,0.262,574
436,YouTube Music,2023-02-01,8528,0.372,662
437,Spotify,2025-04-01,45840,0.155,3031
437,Apple Music,2024-07-01,210848,0.436,6610
437,YouTube Music,2024-04-01,252840,0.459,15976
438,Spotify,2025-12-01,48718,0.38,3069
438,Apple Music,2024-09-01,29992,0.43,2027
438,YouTube Music,2023-01-01,149308,0.382,2976
439,Spotify,2025-06-01,130603,0.348,820
439,Apple Music,2024-08-01,205330,0.432,1141
439,YouTube Music,2023-10-01,24132,0.125,1062
440,Spotify,2024-02-01,46949,0.34,2177
440,Apple Music,2023-05-01,253684,0.449,13408
440,YouTube Music,2023-05-01,219279,0.218,15217
441,Spotify,2024-03-01,289108,0.144,7045
441,Apple Music,2025-06-01,89242,0.274,944
441,YouTube Music,2023-05-01,26625,0.427,945
442,Spotify,2025-10-01,94458,0.124,1445
442,Apple Music,2024-06-01,248030,0.25,3010
442,YouTube Music,2023-04-01,134279,0.166,2809
443,Spotify,2025-02-01,15491,0.475,716
443,Apple Music,2024-09-01,253915,0.351,14418
443,YouTube Music,2023-05-01,203100,0.501,12474
444,Spotify,2023-02-01,113625,0.237,6883
444,Apple Music,2024-01-01,41449,0.357,539
444,YouTube Music,2023-10-01,190546,0.271,2480
445,Spotify,2023-11-01,236831,0.196,7117
445,Apple Music,2024-04-01,219181,0.129,14448
445,YouTube Music,2025-09-01,281535,0.16,21621
446,Spotify,2024-10-01,105443,0.082,4663
446,Apple Music,2023-07-01,291366,0.168,13422
446,YouTube Music,2024-06-01,78225,0.263,5231
447,Spotify,2024-05-01,45302,0.358,3320
447,Apple Music,2024-11-01,92343,0.498,5357
447,YouTube Music,2023-12-01,209830,0.54,7431
448,Spotify,2025-02-01,97384,0.351,6435
448,Apple Music,2023-12-01,200945,0.414,4483
448,YouTube Music,2023-05-01,18887,0.402,282
449,Spotify,2025-01-01,41238,0.386,2424
449,Apple Music,2025-11-01,112886,0.177,1786
449,YouTube Music,2025-09-01,52016,0.233,1863
450,Spotify,2023-04-01,172587,0.392,11965
450,Apple Music,2025-04-01,103749,0.489,7195
450,YouTube Music,2023-07-01,140962,0.209,1222
451,Spotify,2025-08-01,109232,0.447,7376
451,Apple Music,2023-05-01,134273,0.274,9546
451,YouTube Music,2025-02-01,66811,0.441,2705
452,Spotify,2023-12-01,165449,0.223,3610
452,Apple Music,2024-04-01,94842,0.533,2392
452,YouTube Music,2024-07-01,154904,0.088,3497
453,Spotify,2023-02-01,80557,0.339,4280
453,Apple Music,2024-11-01,87116,0.325,4943
453,YouTube Music,2025-02-01,173897,0.431,1134
454,Spotify,2025-09-01,85358,0.198,1990
454,Apple Music,2025-08-01,184688,0.514,13692
454,YouTube Music,2025-09-01,111478,0.531,3294
455,Spotify,2023-12-01,126087,0.081,2459
455,Apple Music,2024-10-01,99593,0.28,5696
455,YouTube Music,2025-10-01,62148,0.395,4788
456,Spotify,2023-06-01,80666,0.302,1590
456,Apple Music,2025-06-01,16442,0.248,1018
456,YouTube Music,2023-02-01,121541,0.53,757
457,Spotify,2023-08-01,198831,0.189,13916
457,Apple Music,2025-08-01,121735,0.427,1545
457,YouTube Music,2023-01-01,166442,0.427,3559
458,Spotify,2024-11-01,54657,0.356,766
458,Apple Music,2023-10-01,206490,0.5,2480
458,YouTube Music,2025-11-01,27084,0.198,1350
459,Spotify,2023-11-01,188914,0.304,4870
459,Apple Music,2023-07-01,242320,0.083,16514
459,YouTube Music,2025-05-01,74998,0.317,1664
460,Spotify,2024-09-01,553,0.244,17
460,Apple Music,2025-01-01,164382,0.427,12912
460,YouTube Music,2025-01-01,169315,0.161,2839
461,Spotify,2024-08-01,174723,0.469,3463
461,Apple Music,2023-12-01,19824,0.186,299
461,YouTube Music,2024-11-01,175558,0.375,12466
462,Spotify,2024-07-01,101460,0.11,7364
462,Apple Music,2024-02-01,2255,0.097,40
462,YouTube Music,2023-07-01,28616,0.18,473
463,Spotify,2025-09-01,73918,0.158,4326
463,Apple Music,2025-06-01,199105,0.503,9831
463,YouTube Music,2025-04-01,106675,0.549,4796
464,Spotify,2024-06-01,124711,0.367,8056
464,Apple Music,2023-04-01,79970,0.515,5187
464,YouTube Music,2023-10-01,104457,0.443,4164
465,Spotify,2025-12-01,39280,0.14,354
465,Apple Music,2025-10-01,192263,0.133,7873
465,YouTube Music,2025-04-01,232688,0.144,10202
466,Spotify,2025-02-01,31767,0.104,2203
466,Apple Music,2023-05-01,71679,0.119,3181
466,YouTube Music,2024-08-01,68903,0.144,1265
467,Spotify,2023-09-01,48007,0.451,2755
467,Apple Music,2025-02-01,46114,0.114,2723
467,YouTube Music,2024-01-01,243547,0.297,13663
468,Spotify,2025-01-01,11557,0.447,729
468,Apple Music,2025-10-01,155502,0.232,9612
468,YouTube Music,2023-08-01,18478,0.169,1413
469,Spotify,2025-01-01,168536,0.107,8816
469,Apple Music,2023-09-01,168220,0.246,5623
469,YouTube Music,2025-03-01,165314,0.217,2801
470,Spotify,2025-02-01,189592,0.334,5031
470,Apple Music,2023-06-01,36192,0.439,1542
470,YouTube Music,2023-10-01,108098,0.318,4329
471,Spotify,2024-11-01,10667,0.203,249
471,Apple Music,2023-07-01,76805,0.42,1968
471,YouTube Music,2024-09-01,113230,0.191,1833
472,Spotify,2024-03-01,83981,0.254,728
472,Apple Music,2025-08-01,155533,0.1,9109
472,YouTube Music,2025-09-01,15037,0.193,754
473,Spotify,2025-11-01,141781,0.45,889
473,Apple Music,2023-02-01,126009,0.11,3161
473,YouTube Music,2025-12-01,98190,0.328,7046
474,Spotify,2025-03-01,1725,0.425,133
474,Apple Music,2025-04-01,197168,0.314,14751
474,YouTube Music,2024-05-01,122614,0.168,6569
475,Spotify,2025-11-01,57144,0.111,3271
475,Apple Music,2025-12-01,96218,0.325,5136
475,YouTube Music,2024-12-01,84724,0.155,1965
476,Spotify,2023-02-01,35439,0.421,1581
476,Apple Music,2023-07-01,112395,0.198,4456
476,YouTube Music,2024-05-01,105207,0.377,1762
477,Spotify,2024-06-01,10572,0.451,624
477,Apple Music,2025-01-01,172977,0.218,13309
477,YouTube Music,2024-05-01,149552,0.257,5359
478,Spotify,2023-04-01,154602,0.463,6631
478,Apple Music,2025-03-01,166212,0.193,9524
478,YouTube Music,2025-01-01,72625,0.537,2899
479,Spotify,2023-05-01,214814,0.098,12139
479,Apple Music,2024-04-01,58231,0.182,4526
479,YouTube Music,2024-12-01,132161,0.228,7687
480,Spotify,2025-10-01,75325,0.459,885
480,Apple Music,2025-01-01,133561,0.419,8554
480,YouTube Music,2025-04-01,220933,0.193,2619
481,Spotify,2023-01-01,120562,0.27,3523
481,Apple Music,2025-09-01,140610,0.42,10787
481,YouTube Music,2024-09-01,164031,0.234,5609
482,Spotify,2023-01-01,135915,0.419,6025
482,Apple Music,2025-02-01,45290,0.092,2980
482,YouTube Music,2025-09-01,111777,0.133,1631
483,Spotify,2025-08-01,3728,0.257,150
483,Apple Music,2025-07-01,86228,0.467,4285
483,YouTube Music,2025-06-01,1734,0.4,59
484,Spotify,2023-09-01,47411,0.116,2383
484,Apple Music,2023-04-01,212311,0.215,9647
484,YouTube Music,2023-07-01,116903,0.241,815
485,Spotify,2025-10-01,46507,0.42,3516
485,Apple Music,2024-07-01,118295,0.193,3031
485,YouTube Music,2025-05-01,17635,0.519,1007
486,Spotify,2024-11-01,38459,0.271,2347
486,Apple Music,2024-07-01,7690,0.239,322
486,YouTube Music,2023-02-01,158161,0.43,6951
487,Spotify,2023-04-01,172075,0.447,1092
487,Apple Music,2025-02-01,16703,0.175,572
487,YouTube Music,2025-04-01,7890,0.402,82
488,Spotify,2024-06-01,36623,0.441,880
488,Apple Music,2025-02-01,18253,0.319,342
488,YouTube Music,2025-03-01,150201,0.308,9346
489,Spotify,2025-01-01,151335,0.327,3750
489,Apple Music,2025-08-01,29173,0.501,156
489,YouTube Music,2025-12-01,51659,0.192,3601
490,Spotify,2024-10-01,122646,0.102,2763
490,Apple Music,2025-12-01,166373,0.128,5455
490,YouTube Music,2025-10-01,6086,0.102,198
491,Spotify,2023-12-01,156018,0.216,7497
491,Apple Music,2025-12-01,166410,0.354,2898
491,YouTube Music,2025-07-01,176905,0.374,11056
492,Spotify,2025-12-01,168842,0.34,8501
492,Apple Music,2023-09-01,231224,0.438,15969
492,YouTube Music,2025-10-01,69173,0.448,3351
493,Spotify,2025-05-01,58231,0.346,1576
493,Apple Music,2023-04-01,175439,0.538,3435
493,YouTube Music,2024-03-01,26330,0.447,1749
494,Spotify,2024-10-01,118002,0.343,8887
494,Apple Music,2025-02-01,149666,0.342,2488
494,YouTube Music,2024-03-01,151429,0.537,1103
495,Spotify,2023-09-01,219652,0.344,17484
495,Apple Music,2024-11-01,178486,0.395,8956
495,YouTube Music,2025-01-01,103571,0.324,5623
496,Spotify,2025-02-01,116918,0.502,9002
496,Apple Music,2023-09-01,60914,0.346,2287
496,YouTube Music,2023-07-01,48969,0.439,2244
497,Spotify,2024-06-01,200087,0.448,6739
497,Apple Music,2025-08-01,151525,0.514,3219
497,YouTube Music,2023-09-01,115609,0.47,8228
498,Spotify,2024-04-01,113467,0.541,6953
498,Apple Music,2024-09-01,87921,0.15,4314
498,YouTube Music,2023-08-01,101259,0.099,729
499,Spotify,2024-10-01,221660,0.083,15275
499,Apple Music,2023-07-01,166026,0.263,13262
499,YouTube Music,2025-06-01,146580,0.118,2858
500,Spotify,2025-11-01,5950,0.111,265
500,Apple Music,2025-06-01,62503,0.376,655
500,YouTube Music,2025-04-01,15799,0.444,1101
501,Spotify,2023-12-01,209815,0.382,10915
501,Apple Music,2024-08-01,90492,0.212,566
501,YouTube Music,2024-03-01,135115,0.264,1265
502,Spotify,2025-03-01,198823,0.486,11005
502,Apple Music,2024-12-01,73717,0.455,4492
502,YouTube Music,2023-10-01,213051,0.514,15815
503,Spotify,2023-07-01,249890,0.111,15825
503,Apple Music,2023-04-01,166088,0.204,12917
503,YouTube Music,2024-06-01,112221,0.521,8592
504,Spotify,2024-02-01,255252,0.175,18808
504,Apple Music,2023-11-01,138565,0.117,803
504,YouTube Music,2023-07-01,22998,0.157,770
505,Spotify,2024-08-01,81439,0.54,2348
505,Apple Music,2023-08-01,164355,0.242,2316
505,YouTube Music,2025-01-01,26678,0.336,747
506,Spotify,2023-07-01,262700,0.486,7677
506,Apple Music,2024-05-01,85809,0.537,1037
506,YouTube Music,2023-07-01,13532,0.176,321
507,Spotify,2025-08-01,138732,0.516,10110
507,Apple Music,2023-11-01,194373,0.51,2067
507,YouTube Music,2023-02-01,32757,0.5,1610
508,Spotify,2023-10-01,151324,0.324,11807
508,Apple Music,2025-10-01,144249,0.47,9207
508,YouTube Music,2025-04-01,108418,0.28,7261
509,Spotify,2024-07-01,40105,0.163,2250
509,Apple Music,2025-01-01,8168,0.349,316
509,YouTube Music,2024-07-01,164884,0.357,9718
510,Spotify,2023-07-01,242707,0.136,9920
510,Apple Music,2023-01-01,123011,0.27,7810
510,YouTube Music,2025-03-01,121095,0.257,1909
511,Spotify,2023-07-01,44664,0.244,2480
511,Apple Music,2025-08-01,236252,0.252,14953
511,YouTube Music,2023-09-01,33936,0.27,552
512,Spotify,2023-06-01,216106,0.162,16991
512,Apple Music,2023-09-01,155151,0.295,7689
512,YouTube Music,2025-10-01,174055,0.4,3940
513,Spotify,2023-03-01,138735,0.337,861
513,Apple Music,2025-12-01,13635,0.455,1041
513,YouTube Music,2025-12-01,72729,0.335,5682
514,Spotify,2024-10-01,172744,0.535,9263
514,Apple Music,2023-11-01,116424,0.367,5415
514,YouTube Music,2024-01-01,21850,0.292,1003
515,Spotify,2023-09-01,261621,0.123,19431
515,Apple Music,2025-03-01,135651,0.304,6164
515,YouTube Music,2023-10-01,12034,0.292,403
516,Spotify,2025-09-01,25333,0.392,1003
516,Apple Music,2024-09-01,160289,0.15,8298
516,YouTube Music,2024-09-01,193302,0.152,13058
517,Spotify,2025-09-01,167062,0.547,1313
517,Apple Music,2025-11-01,121756,0.08,6485
517,YouTube Music,2025-06-01,76901,0.407,5477
518,Spotify,2025-08-01,332802,0.259,17127
518,Apple Music,2025-03-01,147851,0.396,2601
518,YouTube Music,2025-07-01,236732,0.256,5643
519,Spotify,2025-05-01,140202,0.172,4413
519,Apple Music,2025-12-01,58175,0.378,871
519,YouTube Music,2023-04-01,198179,0.451,13332
520,Spotify,2024-07-01,197741,0.514,14848
520,Apple Music,2023-09-01,41702,0.402,3073
520,YouTube Music,2024-07-01,109869,0.518,2015
521,Spotify,2023-12-01,61401,0.161,4663
521,Apple Music,2023-04-01,59118,0.366,3339
521,YouTube Music,2023-11-01,114656,0.414,3748
522,Spotify,2025-06-01,143203,0.529,10914
522,Apple Music,2024-05-01,5359,0.435,337
522,YouTube Music,2025-09-01,47689,0.224,2467
523,Spotify,2025-08-01,128181,0.471,9426
523,Apple Music,2025-04-01,36193,0.325,2093
523,YouTube Music,2024-05-01,90666,0.12,2930
524,Spotify,2024-04-01,23508,0.293,693
524,Apple Music,2023-07-01,26603,0.162,1368
524,YouTube Music,2024-08-01,154887,0.527,1905
525,Spotify,2023-12-01,69245,0.531,1726
525,Apple Music,2023-01-01,216740,0.213,13596
525,YouTube Music,2023-12-01,84532,0.26,3777
526,Spotify,2023-08-01,173395,0.344,8735
526,Apple Music,2025-09-01,2179,0.141,148
526,YouTube Music,2025-07-01,95602,0.498,7183
527,Spotify,2025-07-01,91495,0.232,5761
527,Apple Music,2023-03-01,212082,0.288,5810
527,YouTube Music,2025-05-01,158661,0.32,12492
528,Spotify,2024-06-01,167945,0.424,6154
528,Apple Music,2024-10-01,244446,0.215,10426
528,YouTube Music,2024-01-01,43633,0.462,1619
529,Spotify,2023-05-01,49193,0.083,391
529,Apple Music,2023-04-01,116159,0.356,8233
529,YouTube Music,2023-06-01,41346,0.468,3280
530,Spotify,2023-09-01,70435,0.083,2147
530,Apple Music,2025-02-01,63723,0.28,3846
530,YouTube Music,2024-07-01,73573,0.48,3263
531,Spotify,2025-04-01,180754,0.417,2856
531,Apple Music,2024-11-01,119136,0.38,4536
531,YouTube Music,2025-12-01,96846,0.083,3144
532,Spotify,2023-09-01,166585,0.253,3446
532,Apple Music,2023-12-01,74121,0.161,3391
532,YouTube Music,2023-11-01,32506,0.11,650
533,Spotify,2025-01-01,2772,0.373,26
533,Apple Music,2023-12-01,26741,0.275,1115
533,YouTube Music,2024-07-01,156727,0.091,2723
534,Spotify,2023-06-01,166997,0.393,3051
534,Apple Music,2025-11-01,136274,0.202,10628
534,YouTube Music,2023-06-01,76466,0.258,5330
535,Spotify,2025-12-01,44318,0.32,2799
535,Apple Music,2023-07-01,122917,0.389,2837
535,YouTube Music,2023-11-01,16286,0.165,618
536,Spotify,2024-12-01,111704,0.295,2360
536,Apple Music,2023-01-01,178089,0.345,8671
536,YouTube Music,2025-04-01,78100,0.153,5985
537,Spotify,2024-06-01,203932,0.16,2561
537,Apple Music,2025-09-01,226759,0.115,6290
537,YouTube Music,2025-04-01,35993,0.158,1943
538,Spotify,2024-05-01,199528,0.334,5789
538,Apple Music,2025-08-01,96099,0.421,3817
538,YouTube Music,2023-10-01,51909,0.265,1221
539,Spotify,2024-10-01,83891,0.199,5520
539,Apple Music,2025-08-01,232258,0.165,8944
539,YouTube Music,2023-06-01,1098,0.162,11
540,Spotify,2024-12-01,78140,0.36,4843
540,Apple Music,2023-10-01,27850,0.413,1846
540,YouTube Music,2023-11-01,200825,0.324,2972
541,Spotify,2025-12-01,273645,0.143,8845
541,Apple Music,2024-09-01,16628,0.161,1184
541,YouTube Music,2025-09-01,149769,0.522,10687
542,Spotify,2025-12-01,175477,0.286,9874
542,Apple Music,2023-04-01,232094,0.255,10113
542,YouTube Music,2023-04-01,187875,0.514,12193
543,Spotify,2025-02-01,4876,0.222,361
543,Apple Music,2023-06-01,197780,0.35,2612
543,YouTube Music,2023-01-01,59331,0.49,2835
544,Spotify,2025-12-01,46973,0.159,3500
544,Apple Music,2024-11-01,110002,0.123,2190
544,YouTube Music,2023-10-01,213789,0.107,14269
545,Spotify,2024-02-01,152705,0.119,8629
545,Apple Music,2023-12-01,220962,0.148,1907
545,YouTube Music,2025-08-01,35025,0.154,2451
546,Spotify,2025-12-01,116641,0.39,1051
546,Apple Music,2023-03-01,151108,0.133,5319
546,YouTube Music,2025-06-01,10009,0.419,385
547,Spotify,2023-04-01,216681,0.329,8195
547,Apple Music,2023-07-01,204442,0.181,5524
547,YouTube Music,2024-11-01,100428,0.332,5475
548,Spotify,2024-03-01,225005,0.445,2873
548,Apple Music,2024-11-01,22917,0.091,1074
548,YouTube Music,2025-06-01,122110,0.238,690
549,Spotify,2025-04-01,31858,0.215,467
549,Apple Music,2024-02-01,240909,0.547,7527
549,YouTube Music,2025-11-01,242159,0.081,18114
550,Spotify,2024-01-01,173224,0.14,9889
550,Apple Music,2023-07-01,24344,0.293,380
550,YouTube Music,2023-04-01,106895,0.334,3640
551,Spotify,2023-01-01,7251,0.115,440
551,Apple Music,2024-10-01,52167,0.517,1913
551,YouTube Music,2023-10-01,46717,0.342,1207
552,Spotify,2024-07-01,136314,0.418,10537
552,Apple Music,2024-09-01,126388,0.187,1830
552,YouTube Music,2023-11-01,233660,0.13,6766
553,Spotify,2024-01-01,196871,0.184,11472
553,Apple Music,2024-08-01,55085,0.088,1775
553,YouTube Music,2024-10-01,200203,0.381,6535
554,Spotify,2024-06-01,17902,0.357,1134
554,Apple Music,2024-02-01,79366,0.161,1861
554,YouTube Music,2023-01-01,47363,0.198,1779
555,Spotify,2023-01-01,121981,0.136,7778
555,Apple Music,2025-04-01,44733,0.508,2882
555,YouTube Music,2024-03-01,28679,0.21,2172
556,Spotify,2025-11-01,123847,0.336,5420
556,Apple Music,2025-02-01,103133,0.15,751
556,YouTube Music,2023-07-01,110449,0.298,2171
557,Spotify,2024-02-01,102666,0.105,6000
557,Apple Music,2024-08-01,16780,0.215,1304
557,YouTube Music,2023-01-01,72844,0.268,988
558,Spotify,2025-11-01,5773,0.165,259
558,Apple Music,2024-01-01,100024,0.411,4972
558,YouTube Music,2025-04-01,47212,0.083,940
559,Spotify,2024-05-01,166242,0.467,12295
559,Apple Music,2024-10-01,153626,0.285,2483
559,YouTube Music,2024-01-01,19281,0.47,1107
560,Spotify,2023-05-01,7435,0.205,268
560,Apple Music,2023-01-01,102431,0.092,1033
560,YouTube Music,2024-01-01,135674,0.393,1943
561,Spotify,2025-02-01,7059,0.203,160
561,Apple Music,2025-05-01,213791,0.409,12413
561,YouTube Music,2023-06-01,121085,0.197,9663
562,Spotify,2025-05-01,45184,0.367,1926
562,Apple Music,2024-10-01,264804,0.466,19779
562,YouTube Music,2023-08-01,232861,0.38,12481
563,Spotify,2025-09-01,165092,0.137,5958
563,Apple Music,2023-03-01,192268,0.273,6469
563,YouTube Music,2025-05-01,62400,0.528,2581
564,Spotify,2023-04-01,61639,0.162,1798
564,Apple Music,2024-10-01,235011,0.322,11591
564,YouTube Music,2023-02-01,201429,0.548,7745
565,Spotify,2025-03-01,241905,0.204,17237
565,Apple Music,2025-03-01,6867,0.104,271
565,YouTube Music,2025-11-01,24071,0.106,406
566,Spotify,2025-02-01,9062,0.39,221
566,Apple Music,2025-10-01,63503,0.41,3247
566,YouTube Music,2023-02-01,176673,0.447,6827
567,Spotify,2025-09-01,31022,0.532,1855
567,Apple Music,2023-02-01,189705,0.216,10360
567,YouTube Music,2023-03-01,195103,0.5,5425
568,Spotify,2025-09-01,173697,0.525,12377
568,Apple Music,2025-06-01,262865,0.348,9995
568,YouTube Music,2023-05-01,156657,0.333,1508
569,Spotify,2023-03-01,117657,0.303,4764
569,Apple Music,2023-11-01,51430,0.12,2554
569,YouTube Music,2025-10-01,149339,0.154,10726
570,Spotify,2025-03-01,109211,0.362,4014
570,Apple Music,2025-08-01,180859,0.264,13699
570,YouTube Music,2023-12-01,247656,0.206,12175
571,Spotify,2024-02-01,36003,0.452,2313
571,Apple Music,2023-03-01,118462,0.312,5495
571,YouTube Music,2025-04-01,149408,0.5,8489
572,Spotify,2024-10-01,130094,0.246,8251
572,Apple Music,2023-10-01,249763,0.267,6734
572,YouTube Music,2024-09-01,162705,0.213,8255
573,Spotify,2024-08-01,97122,0.52,3612
573,Apple Music,2025-06-01,159536,0.11,936
573,YouTube Music,2025-04-01,33785,0.155,2534
574,Spotify,2025-10-01,207626,0.335,2985
574,Apple Music,2023-10-01,67586,0.268,3869
574,YouTube Music,2024-03-01,17962,0.145,438
575,Spotify,2023-10-01,265059,0.363,2680
575,Apple Music,2023-10-01,17536,0.115,1401
575,YouTube Music,2025-11-01,333259,0.197,18192
576,Spotify,2023-04-01,60573,0.49,3549
576,Apple Music,2023-04-01,61225,0.272,308
576,YouTube Music,2024-06-01,16183,0.231,701
577,Spotify,2024-05-01,149691,0.158,10924
577,Apple Music,2024-11-01,115651,0.139,1422
577,YouTube Music,2025-07-01,11615,0.408,296
578,Spotify,2025-02-01,166100,0.301,10053
578,Apple Music,2025-11-01,142669,0.202,6472
578,YouTube Music,2024-08-01,15519,0.53,926
579,Spotify,2024-09-01,128638,0.208,4915
579,Apple Music,2024-11-01,35519,0.475,1836
579,YouTube Music,2025-10-01,135743,0.337,6954
580,Spotify,2025-08-01,80191,0.353,4589
580,Apple Music,2023-06-01,111626,0.259,3173
580,YouTube Music,2023-02-01,103428,0.54,6750
581,Spotify,2023-11-01,38593,0.42,2159
581,Apple Music,2025-01-01,175636,0.196,13112
581,YouTube Music,2025-01-01,80362,0.303,2948
582,Spotify,2024-04-01,78002,0.333,4902
582,Apple Music,2023-02-01,109666,0.273,6382
582,YouTube Music,2024-08-01,155399,0.234,7764
583,Spotify,2024-03-01,2083,0.359,112
583,Apple Music,2024-07-01,88120,0.353,1623
583,YouTube Music,2025-10-01,119511,0.209,8691
584,Spotify,2024-05-01,121241,0.273,3578
584,Apple Music,2024-06-01,34707,0.452,982
584,YouTube Music,2025-08-01,161682,0.24,11630
585,Spotify,2025-10-01,102600,0.533,1992
585,Apple Music,2024-07-01,8517,0.194,542
585,YouTube Music,2024-06-01,127561,0.482,2401
586,Spotify,2025-10-01,179279,0.131,9402
586,Apple Music,2025-07-01,85738,0.105,4896
586,YouTube Music,2023-08-01,55832,0.136,916
587,Spotify,2024-07-01,155430,0.305,8431
587,Apple Music,2023-02-01,44939,0.368,1539
587,YouTube Music,2025-05-01,45393,0.542,541
588,Spotify,2023-09-01,179358,0.381,14259
588,Apple Music,2024-12-01,3836,0.357,301
588,YouTube Music,2023-10-01,181541,0.14,12816
589,Spotify,2023-05-01,208214,0.248,15575
589,Apple Music,2023-11-01,103463,0.418,6667
589,YouTube Music,2023-04-01,94638,0.423,6999
590,Spotify,2024-04-01,132257,0.426,9434
590,Apple Music,2025-01-01,114084,0.357,3872
590,YouTube Music,2024-05-01,137482,0.538,7240
591,Spotify,2025-04-01,122392,0.14,6778
591,Apple Music,2024-01-01,131760,0.199,8533
591,YouTube Music,2024-05-01,10536,0.282,294
592,Spotify,2023-02-01,185247,0.428,13011
592,Apple Music,2024-05-01,50819,0.152,2971
592,YouTube Music,2025-10-01,165208,0.426,12933
593,Spotify,2024-04-01,298253,0.12,11297
593,Apple Music,2023-08-01,92308,0.383,5158
593,YouTube Music,2024-11-01,44186,0.488,2060
594,Spotify,2023-11-01,69741,0.502,2198
594,Apple Music,2024-04-01,143355,0.478,7240
594,YouTube Music,2024-10-01,13073,0.416,255
595,Spotify,2024-10-01,72443,0.336,4870
595,Apple Music,2023-12-01,72673,0.188,2028
595,YouTube Music,2024-08-01,249029,0.322,14602
596,Spotify,2024-06-01,165199,0.322,1655
596,Apple Music,2024-05-01,52994,0.2,2928
596,YouTube Music,2025-06-01,87670,0.468,1820
597,Spotify,2025-09-01,182323,0.363,3884
597,Apple Music,2025-11-01,27765,0.403,1712
597,YouTube Music,2024-09-01,95795,0.36,1535
598,Spotify,2025-10-01,193634,0.491,11647
598,Apple Music,2023-12-01,192944,0.356,8409
598,YouTube Music,2025-12-01,158093,0.547,4519
599,Spotify,2025-03-01,55211,0.129,3753
599,Apple Music,2025-10-01,82535,0.097,966
599,YouTube Music,2024-03-01,213025,0.259,5101
600,Spotify,2023-09-01,84029,0.385,4153
600,Apple Music,2023-11-01,70410,0.452,1149
600,YouTube Music,2023-10-01,235082,0.094,17395
601,Spotify,2023-12-01,92698,0.323,4041
601,Apple Music,2023-02-01,206934,0.18,3296
601,YouTube Music,2023-12-01,4817,0.163,24
602,Spotify,2023-09-01,170014,0.284,2311
602,Apple Music,2025-08-01,230714,0.488,17065
602,YouTube Music,2024-04-01,232633,0.085,2621
603,Spotify,2025-04-01,121393,0.124,1168
603,Apple Music,2023-10-01,169963,0.23,3959
603,YouTube Music,2025-11-01,201916,0.449,5194
604,Spotify,2025-06-01,40430,0.225,2829
604,Apple Music,2023-08-01,271808,0.096,5406
604,YouTube Music,2024-06-01,247120,0.166,8094
605,Spotify,2023-12-01,269885,0.286,2858
605,Apple Music,2024-05-01,16022,0.537,883
605,YouTube Music,2024-05-01,24947,0.505,860
606,Spotify,2023-05-01,34093,0.411,2450
606,Apple Music,2025-10-01,1410,0.335,17
606,YouTube Music,2023-06-01,107617,0.301,4757
607,Spotify,2024-09-01,222703,0.282,10270
607,Apple Music,2024-03-01,46100,0.421,2182
607,YouTube Music,2025-07-01,142940,0.449,6374
608,Spotify,2024-09-01,199611,0.502,9467
608,Apple Music,2024-01-01,257406,0.308,13147
608,YouTube Music,2023-10-01,150350,0.282,4845
609,Spotify,2023-01-01,192098,0.091,9528
609,Apple Music,2024-08-01,24594,0.494,1532
609,YouTube Music,2024-01-01,221650,0.343,15615
610,Spotify,2025-06-01,132882,0.34,722
610,Apple Music,2025-06-01,60565,0.448,1943
610,YouTube Music,2025-12-01,40522,0.295,2348
611,Spotify,2023-02-01,48090,0.261,907
611,Apple Music,2024-02-01,205893,0.472,9544
611,YouTube Music,2024-03-01,235752,0.269,3614
612,Spotify,2025-02-01,45807,0.523,1377
612,Apple Music,2024-12-01,118090,0.412,9409
612,YouTube Music,2025-06-01,235264,0.511,3033
613,Spotify,2024-07-01,209713,0.308,14181
613,Apple Music,2024-08-01,139881,0.477,2184
613,YouTube Music,2023-11-01,757,0.088,45
614,Spotify,2024-01-01,117591,0.411,3605
614,Apple Music,2024-03-01,131026,0.469,3391
614,YouTube Music,2025-05-01,142620,0.343,4222
615,Spotify,2025-03-01,1828,0.308,98
615,Apple Music,2023-07-01,62145,0.417,1431
615,YouTube Music,2024-01-01,24190,0.519,1797
616,Spotify,2025-12-01,127658,0.45,9666
616,Apple Music,2023-10-01,325190,0.123,15634
616,YouTube Music,2025-02-01,73927,0.496,975
617,Spotify,2025-06-01,90868,0.118,6452
617,Apple Music,2025-03-01,98697,0.485,3754
617,YouTube Music,2025-06-01,52380,0.297,3442
618,Spotify,2025-11-01,173623,0.53,4207
618,Apple Music,2025-06-01,36936,0.35,1049
618,YouTube Music,2025-09-01,215193,0.461,3349
619,Spotify,2024-06-01,155010,0.341,3255
619,Apple Music,2023-07-01,48560,0.211,1962
619,YouTube Music,2023-08-01,197084,0.373,11642
620,Spotify,2025-02-01,82361,0.461,922
620,Apple Music,2025-11-01,11239,0.101,352
620,YouTube Music,2024-04-01,200820,0.402,2039
621,Spotify,2023-06-01,194494,0.2,12116
621,Apple Music,2025-07-01,42289,0.108,2945
621,YouTube Music,2023-12-01,13347,0.29,655
622,Spotify,2025-05-01,88610,0.518,3788
622,Apple Music,2025-05-01,46433,0.187,3440
622,YouTube Music,2023-08-01,144211,0.334,4299
623,Spotify,2024-10-01,158647,0.411,5474
623,Apple Music,2023-10-01,89479,0.251,3112
623,YouTube Music,2024-06-01,59910,0.085,452
624,Spotify,2023-11-01,23597,0.376,665
624,Apple Music,2023-08-01,135878,0.19,10371
624,YouTube Music,2023-03-01,182261,0.125,14393
625,Spotify,2024-01-01,111160,0.411,4267
625,Apple Music,2025-10-01,220531,0.159,1496
625,YouTube Music,2024-12-01,132110,0.228,9775
626,Spotify,2025-03-01,26971,0.549,1941
626,Apple Music,2025-06-01,51296,0.227,3310
626,YouTube Music,2025-01-01,12984,0.484,804
627,Spotify,2023-06-01,21017,0.239,1465
627,Apple Music,2025-06-01,208579,0.356,7928
627,YouTube Music,2023-08-01,9444,0.101,638
628,Spotify,2023-06-01,169318,0.141,8401
628,Apple Music,2023-11-01,231955,0.397,12361
628,YouTube Music,2024-11-01,256094,0.103,20152
629,Spotify,2023-12-01,152071,0.223,8987
629,Apple Music,2023-04-01,132648,0.21,1917
629,YouTube Music,2024-02-01,93330,0.367,7272
630,Spotify,2023-11-01,21810,0.375,1597
630,Apple Music,2025-06-01,117942,0.37,2131
630,YouTube Music,2025-06-01,114582,0.195,3785
631,Spotify,2024-08-01,32191,0.262,241
631,Apple Music,2025-07-01,204327,0.086,1316
631,YouTube Music,2024-05-01,120298,0.337,7071
632,Spotify,2025-05-01,15275,0.501,1217
632,Apple Music,2025-04-01,220518,0.417,16920
632,YouTube Music,2024-04-01,196337,0.224,11273
633,Spotify,2023-06-01,4710,0.311,156
633,Apple Music,2023-02-01,69623,0.156,2164
633,YouTube Music,2024-03-01,120388,0.258,2905
634,Spotify,2023-11-01,65137,0.333,1223
634,Apple Music,2023-04-01,59198,0.349,3755
634,YouTube Music,2023-10-01,81052,0.125,497
635,Spotify,2023-06-01,12976,0.499,881
635,Apple Music,2024-09-01,51847,0.439,2362
635,YouTube Music,2023-07-01,63268,0.151,4600
636,Spotify,2023-05-01,110284,0.453,5648
636,Apple Music,2024-10-01,178448,0.538,13099
636,YouTube Music,2025-03-01,186481,0.335,5453
637,Spotify,2024-03-01,21208,0.426,1332
637,Apple Music,2025-03-01,86188,0.528,1984
637,YouTube Music,2025-03-01,3619,0.146,118
638,Spotify,2025-10-01,19907,0.542,1428
638,Apple Music,2024-03-01,26862,0.289,317
638,YouTube Music,2024-12-01,73265,0.339,1360
639,Spotify,2023-02-01,38332,0.454,2277
639,Apple Music,2025-08-01,124903,0.326,1790
639,YouTube Music,2023-02-01,152466,0.252,1842
640,Spotify,2025-02-01,140590,0.332,4206
640,Apple Music,2025-08-01,221343,0.227,13551
640,YouTube Music,2023-12-01,54277,0.124,2534
641,Spotify,2024-09-01,17124,0.443,1263
641,Apple Music,2024-10-01,213674,0.181,9842
641,YouTube Music,2025-05-01,45331,0.353,3283
642,Spotify,2023-09-01,120409,0.226,1084
642,Apple Music,2023-03-01,33063,0.434,568
642,YouTube Music,2023-03-01,134589,0.218,1959
643,Spotify,2024-08-01,238138,0.108,2774
643,Apple Music,2025-12-01,87767,0.424,6524
643,YouTube Music,2025-10-01,24565,0.538,1885
644,Spotify,2025-12-01,171405,0.085,2483
644,Apple Music,2024-12-01,3435,0.378,269
644,YouTube Music,2024-08-01,162718,0.481,2407
645,Spotify,2023-06-01,124025,0.14,8766
645,Apple Music,2025-02-01,172902,0.502,10710
645,YouTube Music,2023-01-01,110197,0.102,2645
646,Spotify,2025-04-01,249377,0.107,14624
646,Apple Music,2023-10-01,124424,0.247,9049
646,YouTube Music,2025-03-01,132089,0.441,7434
647,Spotify,2025-02-01,134317,0.401,8861
647,Apple Music,2023-10-01,121041,0.487,976
647,YouTube Music,2023-05-01,270388,0.183,20497
648,Spotify,2023-10-01,85491,0.429,5692
648,Apple Music,2023-02-01,105557,0.151,1170
648,YouTube Music,2025-06-01,120729,0.316,3925
649,Spotify,2023-07-01,143525,0.506,5674
649,Apple Music,2025-07-01,75420,0.517,852
649,YouTube Music,2024-05-01,97031,0.223,2573
650,Spotify,2023-11-01,141722,0.534,4870
650,Apple Music,2024-06-01,93907,0.169,2052
650,YouTube Music,2023-03-01,2686,0.364,47
651,Spotify,2023-05-01,46184,0.284,3119
651,Apple Music,2025-06-01,37181,0.449,2041
651,YouTube Music,2023-11-01,194952,0.231,10822
652,Spotify,2025-12-01,177415,0.379,13593
652,Apple Music,2023-12-01,177668,0.359,10045
652,YouTube Music,2024-12-01,222410,0.149,5117
653,Spotify,2023-04-01,32526,0.348,1090
653,Apple Music,2024-08-01,177250,0.193,2667
653,YouTube Music,2023-04-01,79092,0.393,2558
654,Spotify,2025-04-01,74444,0.175,4923
654,Apple Music,2025-08-01,21174,0.472,1453
654,YouTube Music,2024-12-01,104722,0.541,2621
655,Spotify,2024-08-01,166564,0.345,4187
655,Apple Music,2024-12-01,146156,0.501,9472
655,YouTube Music,2024-06-01,200843,0.174,15571
656,Spotify,2025-10-01,192957,0.483,6652
656,Apple Music,2024-03-01,163428,0.459,6098
656,YouTube Music,2025-01-01,23086,0.214,153
657,Spotify,2024-09-01,180610,0.474,9278
657,Apple Music,2023-06-01,36263,0.167,1266
657,YouTube Music,2023-02-01,134442,0.267,9184
658,Spotify,2023-06-01,61376,0.489,1578
658,Apple Music,2023-05-01,260918,0.136,4858
658,YouTube Music,2025-04-01,23998,0.528,1291
659,Spotify,2023-05-01,100202,0.154,3623
659,Apple Music,2024-10-01,133482,0.18,8772
659,YouTube Music,2025-01-01,121540,0.442,2667
660,Spotify,2025-06-01,11242,0.403,159
660,Apple Music,2025-08-01,47039,0.137,1534
660,YouTube Music,2023-06-01,40030,0.342,1155
661,Spotify,2025-08-01,200848,0.501,7525
661,Apple Music,2024-01-01,79039,0.4,5672
661,YouTube Music,2025-11-01,39503,0.382,682
662,Spotify,2025-03-01,8669,0.273,265
662,Apple Music,2024-07-01,79023,0.298,1177
662,YouTube Music,2023-05-01,178259,0.169,7148
663,Spotify,2025-06-01,19875,0.102,1237
663,Apple Music,2024-06-01,52142,0.518,506
663,YouTube Music,2023-08-01,189676,0.543,1465
664,Spotify,2024-08-01,162691,0.14,4586
664,Apple Music,2025-05-01,227839,0.172,8408
664,YouTube Music,2023-07-01,82739,0.405,1179
665,Spotify,2023-01-01,178682,0.406,7518
665,Apple Music,2025-03-01,45852,0.258,1418
665,YouTube Music,2025-11-01,172485,0.163,10187
666,Spotify,2023-06-01,56565,0.377,2338
666,Apple Music,2025-11-01,41879,0.534,1315
666,YouTube Music,2025-08-01,75886,0.15,1237
667,Spotify,2025-03-01,73131,0.169,3229
667,Apple Music,2023-06-01,848,0.481,48
667,YouTube Music,2024-01-01,52311,0.279,603
668,Spotify,2024-01-01,128315,0.506,5946
668,Apple Music,2023-09-01,122792,0.365,7870
668,YouTube Music,2023-08-01,54538,0.174,430
669,Spotify,2025-04-01,29652,0.127,1582
669,Apple Music,2023-08-01,177195,0.377,3316
669,YouTube Music,2024-09-01,223529,0.376,16592
670,Spotify,2024-03-01,86456,0.305,2535
670,Apple Music,2025-03-01,35692,0.536,758
670,YouTube Music,2025-02-01,51601,0.512,2225
671,Spotify,2025-11-01,230860,0.199,3820
671,Apple Music,2025-11-01,221814,0.417,12172
671,YouTube Music,2024-03-01,44242,0.53,1565
672,Spotify,2023-07-01,226789,0.239,7454
672,Apple Music,2023-02-01,83194,0.379,4921
672,YouTube Music,2024-05-01,147967,0.106,5143
673,Spotify,2023-09-01,36180,0.083,1996
673,Apple Music,2023-11-01,101601,0.387,2976
673,YouTube Music,2023-09-01,17989,0.261,631
674,Spotify,2024-11-01,90704,0.188,6087
674,Apple Music,2024-01-01,99329,0.228,2559
674,YouTube Music,2025-11-01,94420,0.347,6132
675,Spotify,2023-02-01,18520,0.281,1093
675,Apple Music,2024-01-01,187632,0.396,5581
675,YouTube Music,2025-04-01,203742,0.123,12034
676,Spotify,2023-01-01,154262,0.337,4910
676,Apple Music,2023-07-01,161005,0.461,1024
676,YouTube Music,2024-02-01,50395,0.113,3528
677,Spotify,2023-10-01,44717,0.122,1254
677,Apple Music,2024-08-01,80537,0.282,6120
677,YouTube Music,2025-08-01,159537,0.293,1232
678,Spotify,2023-02-01,48156,0.28,3466
678,Apple Music,2024-11-01,220196,0.167,8331
678,YouTube Music,2025-09-01,8526,0.239,411
679,Spotify,2025-04-01,177367,0.336,5574
679,Apple Music,2024-04-01,200902,0.503,11526
679,YouTube Music,2024-04-01,35685,0.376,1201
680,Spotify,2025-06-01,11793,0.396,753
680,Apple Music,2025-02-01,45235,0.148,764
680,YouTube Music,2024-05-01,121088,0.444,5021
681,Spotify,2024-01-01,84916,0.294,6294
681,Apple Music,2024-07-01,155099,0.146,12037
681,YouTube Music,2024-05-01,79589,0.393,2996
682,Spotify,2023-07-01,160892,0.292,4539
682,Apple Music,2023-05-01,54943,0.243,3120
682,YouTube Music,2025-04-01,71464,0.271,2249
683,Spotify,2024-10-01,113812,0.357,3864
683,Apple Music,2023-11-01,131420,0.533,5007
683,YouTube Music,2023-06-01,176988,0.145,10122
684,Spotify,2023-03-01,45196,0.254,1805
684,Apple Music,2024-11-01,97926,0.156,1672
684,YouTube Music,2024-10-01,57652,0.19,627
685,Spotify,2025-06-01,103273,0.372,4850
685,Apple Music,2024-04-01,166663,0.514,6007
685,YouTube Music,2024-12-01,108957,0.434,7692
686,Spotify,2024-10-01,57628,0.201,603
686,Apple Music,2025-04-01,33506,0.516,1647
686,YouTube Music,2024-04-01,253538,0.201,12264
687,Spotify,2025-11-01,200891,0.492,4978
687,Apple Music,2025-06-01,210809,0.161,4603
687,YouTube Music,2023-10-01,138562,0.365,5650
688,Spotify,2025-05-01,226975,0.382,16155
688,Apple Music,2025-08-01,25305,0.129,141
688,YouTube Music,2023-08-01,28732,0.161,1997
689,Spotify,2024-11-01,84520,0.48,2626
689,Apple Music,2025-03-01,237044,0.254,9587
689,YouTube Music,2025-07-01,27501,0.085,759
690,Spotify,2023-10-01,82613,0.11,4896
690,Apple Music,2024-02-01,19167,0.146,1155
690,YouTube Music,2024-07-01,45933,0.176,3205
691,Spotify,2025-06-01,104893,0.36,2021
691,Apple Music,2024-02-01,199229,0.302,1030
691,YouTube Music,2024-09-01,175881,0.524,4323
692,Spotify,2023-02-01,71900,0.407,2497
692,Apple Music,2023-05-01,18206,0.335,597
692,YouTube Music,2025-03-01,44453,0.271,3332
693,Spotify,2023-05-01,12198,0.172,479
693,Apple Music,2025-08-01,99022,0.131,2732
693,YouTube Music,2025-07-01,215444,0.317,12277
694,Spotify,2025-06-01,184585,0.095,11879
694,Apple Music,2024-10-01,228799,0.146,15907
694,YouTube Music,2025-08-01,12163,0.458,142
695,Spotify,2023-05-01,153838,0.11,3809
695,Apple Music,2024-01-01,71746,0.107,1587
695,YouTube Music,2024-07-01,38871,0.343,2947
696,Spotify,2023-04-01,81050,0.433,4841
696,Apple Music,2023-01-01,46821,0.547,2423
696,YouTube Music,2023-04-01,29335,0.235,1408
697,Spotify,2024-07-01,71753,0.188,1539
697,Apple Music,2024-08-01,131263,0.425,1865
697,YouTube Music,2023-08-01,130849,0.085,9053
698,Spotify,2025-01-01,186930,0.433,5353
698,Apple Music,2023-04-01,44469,0.254,409
698,YouTube Music,2023-04-01,221879,0.442,14689
699,Spotify,2023-01-01,7545,0.417,575
699,Apple Music,2025-12-01,38001,0.295,2887
699,YouTube Music,2025-03-01,4097,0.417,314
700,Spotify,2025-07-01,64192,0.255,2436
700,Apple Music,2023-08-01,81805,0.337,4885
700,YouTube Music,2024-02-01,199515,0.313,13340
701,Spotify,2024-01-01,208137,0.362,14500
701,Apple Music,2024-03-01,103383,0.335,4679
701,YouTube Music,2023-03-01,192655,0.15,8271
702,Spotify,2025-06-01,40863,0.099,3133
702,Apple Music,2025-12-01,105204,0.331,6148
702,YouTube Music,2023-08-01,172675,0.196,4089
703,Spotify,2023-02-01,190274,0.116,3610
703,Apple Music,2025-01-01,31957,0.136,1257
703,YouTube Music,2025-10-01,75875,0.542,3525
704,Spotify,2024-01-01,16351,0.499,1183
704,Apple Music,2023-10-01,124355,0.097,6490
704,YouTube Music,2024-12-01,40558,0.356,2086
705,Spotify,2023-08-01,84842,0.23,6060
705,Apple Music,2024-12-01,24617,0.147,1031
705,YouTube Music,2023-06-01,63851,0.342,1189
706,Spotify,2025-06-01,67916,0.133,1236
706,Apple Music,2023-04-01,231699,0.358,12385
706,YouTube Music,2023-05-01,241479,0.405,15994
707,Spotify,2024-09-01,76223,0.492,5146
707,Apple Music,2023-05-01,150007,0.362,11128
707,YouTube Music,2025-11-01,99365,0.158,6907
708,Spotify,2024-04-01,125283,0.402,1297
708,Apple Music,2023-07-01,191601,0.201,11045
708,YouTube Music,2025-12-01,132805,0.178,10102
709,Spotify,2024-08-01,87523,0.206,3406
709,Apple Music,2023-01-01,107383,0.155,3425
709,YouTube Music,2023-10-01,93460,0.268,4271
710,Spotify,2023-03-01,29056,0.253,1725
710,Apple Music,2024-04-01,151386,0.114,11248
710,YouTube Music,2025-10-01,10264,0.229,634
711,Spotify,2023-11-01,99536,0.195,5487
711,Apple Music,2023-01-01,97219,0.373,2649
711,YouTube Music,2025-01-01,116580,0.238,2849
712,Spotify,2025-02-01,244955,0.24,4798
712,Apple Music,2024-10-01,84404,0.437,678
712,YouTube Music,2023-11-01,221188,0.185,15298
713,Spotify,2023-02-01,24401,0.151,1860
713,Apple Music,2023-12-01,147012,0.32,10787
713,YouTube Music,2025-08-01,132259,0.489,6051
714,Spotify,2023-09-01,124195,0.084,7733
714,Apple Music,2024-03-01,98959,0.332,3385
714,YouTube Music,2025-08-01,170148,0.453,3117
715,Spotify,2025-06-01,165281,0.306,11138
715,Apple Music,2024-12-01,319695,0.38,8354
715,YouTube Music,2023-04-01,124437,0.136,4685
716,Spotify,2024-03-01,112069,0.133,1744
716,Apple Music,2023-01-01,48102,0.166,1343
716,YouTube Music,2023-05-01,80842,0.199,1719
717,Spotify,2025-02-01,252212,0.32,17906
717,Apple Music,2024-10-01,31316,0.369,516
717,YouTube Music,2025-02-01,222386,0.368,10708
718,Spotify,2025-01-01,184329,0.408,2454
718,Apple Music,2025-12-01,17266,0.283,617
718,YouTube Music,2023-12-01,211697,0.081,1143
719,Spotify,2023-01-01,57680,0.171,2001
719,Apple Music,2023-09-01,120051,0.234,2216
719,YouTube Music,2025-03-01,84183,0.081,2664
720,Spotify,2025-10-01,172411,0.369,9396
720,Apple Music,2023-08-01,16919,0.267,969
720,YouTube Music,2025-04-01,253219,0.195,5579
721,Spotify,2023-04-01,153855,0.261,9880
721,Apple Music,2025-02-01,132950,0.431,5706
721,YouTube Music,2024-03-01,228679,0.509,14007
722,Spotify,2023-01-01,112379,0.196,5215
722,Apple Music,2023-04-01,18277,0.392,1175
722,YouTube Music,2025-12-01,219570,0.127,9999
723,Spotify,2025-02-01,59736,0.168,3601
723,Apple Music,2025-01-01,150976,0.413,9408
723,YouTube Music,2025-01-01,146687,0.307,4976
724,Spotify,2023-01-01,139434,0.42,9330
724,Apple Music,2025-05-01,223544,0.333,2801
724,YouTube Music,2024-07-01,82476,0.372,3301
725,Spotify,2025-07-01,33488,0.316,445
725,Apple Music,2024-06-01,199973,0.382,9114
725,YouTube Music,2025-12-01,190817,0.425,1192
726,Spotify,2024-09-01,48833,0.257,2792
726,Apple Music,2023-03-01,127442,0.367,4019
726,YouTube Music,2025-03-01,91231,0.225,3926
727,Spotify,2025-11-01,90136,0.363,4987
727,Apple Music,2025-10-01,3607,0.427,257
727,YouTube Music,2025-07-01,6819,0.375,107
728,Spotify,2024-10-01,128573,0.549,1249
728,Apple Music,2025-08-01,168849,0.09,892
728,YouTube Music,2025-10-01,98110,0.314,4604
729,Spotify,2023-10-01,145753,0.21,11153
729,Apple Music,2024-08-01,173515,0.133,6880
729,YouTube Music,2025-09-01,186557,0.241,6510
730,Spotify,2025-01-01,121213,0.259,7664
730,Apple Music,2025-11-01,68205,0.085,3435
730,YouTube Music,2023-02-01,173871,0.492,5129
731,Spotify,2024-07-01,7844,0.146,309
731,Apple Music,2025-03-01,86564,0.504,550
731,YouTube Music,2023-01-01,80052,0.199,3522
732,Spotify,2025-01-01,194079,0.349,3735
732,Apple Music,2023-10-01,94758,0.393,4317
732,YouTube Music,2023-09-01,194364,0.203,13429
733,Spotify,2024-06-01,96173,0.487,585
733,Apple Music,2025-07-01,3176,0.18,177
733,YouTube Music,2025-06-01,241059,0.128,17270
734,Spotify,2024-05-01,156363,0.508,11926
734,Apple Music,2024-09-01,29448,0.441,570
734,YouTube Music,2025-01-01,228449,0.546,8543
735,Spotify,2025-02-01,166220,0.51,12203
735,Apple Music,2023-01-01,151278,0.275,8048
735,YouTube Music,2025-02-01,35501,0.176,1168
736,Spotify,2024-03-01,14617,0.512,405
736,Apple Music,2025-06-01,219633,0.1,9069
736,YouTube Music,2024-03-01,151352,0.517,10047
737,Spotify,2023-02-01,129919,0.258,8321
737,Apple Music,2024-03-01,137836,0.367,5198
737,YouTube Music,2023-02-01,135707,0.441,2553
738,Spotify,2025-11-01,154648,0.191,11581
738,Apple Music,2024-07-01,99317,0.094,4212
738,YouTube Music,2025-04-01,108080,0.402,3180
739,Spotify,2023-09-01,201389,0.16,13816
739,Apple Music,2023-05-01,70557,0.31,785
739,YouTube Music,2025-01-01,130347,0.183,2276
740,Spotify,2023-02-01,2047,0.265,111
740,Apple Music,2023-11-01,286690,0.191,18179
740,YouTube Music,2025-09-01,160511,0.28,4061
741,Spotify,2025-06-01,218675,0.243,6357
741,Apple Music,2023-11-01,174014,0.165,9595
741,YouTube Music,2023-09-01,96819,0.484,1220
742,Spotify,2023-06-01,113382,0.369,4381
742,Apple Music,2025-02-01,19028,0.379,613
742,YouTube Music,2024-11-01,87505,0.224,3532
743,Spotify,2025-12-01,69129,0.146,2618
743,Apple Music,2024-02-01,307558,0.219,20758
743,YouTube Music,2024-04-01,129435,0.41,10160
744,Spotify,2024-04-01,80203,0.504,1623
744,Apple Music,2025-04-01,170611,0.094,3351
744,YouTube Music,2023-11-01,113140,0.45,6406
745,Spotify,2023-09-01,222309,0.541,8233
745,Apple Music,2025-02-01,165370,0.498,10898
745,YouTube Music,2023-05-01,142378,0.306,5786
746,Spotify,2023-02-01,185803,0.229,1801
746,Apple Music,2023-06-01,170861,0.272,11512
746,YouTube Music,2023-02-01,215156,0.462,13730
747,Spotify,2024-04-01,184044,0.13,6784
747,Apple Music,2024-08-01,89615,0.259,1036
747,YouTube Music,2025-02-01,240509,0.156,15796
748,Spotify,2025-10-01,91824,0.462,1399
748,Apple Music,2024-01-01,108561,0.376,4043
748,YouTube Music,2023-02-01,221699,0.355,1590
749,Spotify,2025-01-01,14709,0.34,602
749,Apple Music,2024-03-01,187793,0.471,10569
749,YouTube Music,2025-05-01,31121,0.334,1111
750,Spotify,2025-09-01,68437,0.219,1763
750,Apple Music,2025-12-01,91964,0.521,6249
750,YouTube Music,2024-08-01,138556,0.286,6522
751,Spotify,2023-09-01,102325,0.348,6299
751,Apple Music,2023-08-01,168991,0.358,3115
751,YouTube Music,2025-11-01,225279,0.424,11419
752,Spotify,2025-10-01,25701,0.221,1170
752,Apple Music,2025-09-01,159301,0.297,11862
752,YouTube Music,2023-05-01,106540,0.203,3159
753,Spotify,2024-09-01,57544,0.437,977
753,Apple Music,2023-09-01,23773,0.421,1256
753,YouTube Music,2023-10-01,132965,0.284,6013
754,Spotify,2023-05-01,75691,0.543,5114
754,Apple Music,2025-11-01,101668,0.497,681
754,YouTube Music,2024-08-01,216481,0.478,14613
755,Spotify,2024-07-01,125704,0.228,5910
755,Apple Music,2025-11-01,142306,0.467,4699
755,YouTube Music,2025-08-01,102943,0.333,674
756,Spotify,2023-11-01,158880,0.473,4588
756,Apple Music,2023-10-01,84391,0.43,1193
756,YouTube Music,2025-08-01,17273,0.531,776
757,Spotify,2023-12-01,71398,0.487,2228
757,Apple Music,2025-02-01,92710,0.108,4156
757,YouTube Music,2023-05-01,162610,0.1,4810
758,Spotify,2024-12-01,68960,0.177,705
758,Apple Music,2024-02-01,153328,0.258,5390
758,YouTube Music,2025-04-01,69682,0.32,3481
759,Spotify,2023-11-01,55943,0.455,532
759,Apple Music,2024-02-01,99174,0.538,7759
759,YouTube Music,2023-11-01,113998,0.217,6261
760,Spotify,2024-10-01,116029,0.466,2663
760,Apple Music,2024-05-01,49943,0.451,683
760,YouTube Music,2023-09-01,67336,0.399,551
761,Spotify,2023-09-01,68668,0.165,488
761,Apple Music,2023-06-01,164645,0.44,5493
761,YouTube Music,2024-05-01,64355,0.325,2144
762,Spotify,2023-10-01,23876,0.401,256
762,Apple Music,2023-06-01,197217,0.526,10372
762,YouTube Music,2024-01-01,186395,0.378,5120
763,Spotify,2025-01-01,135538,0.098,7481
763,Apple Music,2024-07-01,39377,0.181,976
763,YouTube Music,2023-05-01,58107,0.519,2509
764,Spotify,2025-04-01,159220,0.207,2182
764,Apple Music,2024-10-01,154156,0.179,1020
764,YouTube Music,2025-10-01,12897,0.269,736
765,Spotify,2023-09-01,227255,0.512,10845
765,Apple Music,2024-05-01,177597,0.211,9061
765,YouTube Music,2023-06-01,105672,0.245,7309
766,Spotify,2023-08-01,176680,0.293,12091
766,Apple Music,2025-09-01,93572,0.09,7260
766,YouTube Music,2024-12-01,40629,0.436,2760
767,Spotify,2025-02-01,8946,0.525,441
767,Apple Music,2025-06-01,146294,0.338,5594
767,YouTube Music,2024-08-01,125746,0.19,4445
768,Spotify,2025-01-01,5385,0.124,316
768,Apple Music,2025-11-01,220694,0.523,6881
768,YouTube Music,2023-06-01,152489,0.168,2223
769,Spotify,2023-11-01,88871,0.536,6601
769,Apple Music,2023-12-01,59500,0.189,676
769,YouTube Music,2024-02-01,173857,0.297,964
770,Spotify,2025-05-01,4719,0.404,267
770,Apple Music,2023-09-01,30339,0.155,996
770,YouTube Music,2024-02-01,142937,0.372,8375
771,Spotify,2024-01-01,225839,0.148,5821
771,Apple Music,2024-05-01,191261,0.342,3122
771,YouTube Music,2024-05-01,157723,0.166,5203
772,Spotify,2025-11-01,34892,0.087,2352
772,Apple Music,2025-01-01,164362,0.277,2151
772,YouTube Music,2025-07-01,8963,0.26,334
773,Spotify,2024-12-01,47227,0.086,2170
773,Apple Music,2023-01-01,154790,0.519,2532
773,YouTube Music,2024-12-01,156536,0.452,5372
774,Spotify,2025-10-01,30339,0.249,1082
774,Apple Music,2023-01-01,6989,0.298,352
774,YouTube Music,2025-01-01,28090,0.144,2153
775,Spotify,2023-01-01,9355,0.182,370
775,Apple Music,2025-07-01,184227,0.155,2429
775,YouTube Music,2025-07-01,122863,0.319,8765
776,Spotify,2024-06-01,115491,0.136,7543
776,Apple Music,2024-02-01,235886,0.429,15197
776,YouTube Music,2024-01-01,134852,0.46,10428
777,Spotify,2023-04-01,114224,0.195,1031
777,Apple Music,2023-03-01,195809,0.483,14646
777,YouTube Music,2024-03-01,84233,0.385,518
778,Spotify,2025-11-01,76465,0.207,854
778,Apple Music,2024-08-01,155540,0.208,9432
778,YouTube Music,2024-11-01,48980,0.091,2722
779,Spotify,2024-07-01,166425,0.124,12352
779,Apple Music,2025-01-01,25227,0.363,693
779,YouTube Music,2024-10-01,156707,0.526,10505
780,Spotify,2023-10-01,143555,0.26,2132
780,Apple Music,2023-03-01,151992,0.529,6881
780,YouTube Music,2024-12-01,127255,0.27,7865
781,Spotify,2025-07-01,204420,0.496,4936
781,Apple Music,2023-01-01,162826,0.14,6475
781,YouTube Music,2025-12-01,146801,0.227,3583
782,Spotify,2025-02-01,64823,0.389,5071
782,Apple Music,2023-02-01,123268,0.217,8441
782,YouTube Music,2025-09-01,112855,0.104,5399
783,Spotify,2023-06-01,66310,0.532,3441
783,Apple Music,2024-01-01,70696,0.206,2670
783,YouTube Music,2024-06-01,142423,0.185,11024
784,Spotify,2023-02-01,92021,0.15,6365
784,Apple Music,2025-03-01,48714,0.422,2751
784,YouTube Music,2023-01-01,5254,0.235,372
785,Spotify,2024-12-01,16065,0.338,534
785,Apple Music,2025-01-01,314622,0.293,15583
785,YouTube Music,2023-02-01,1837,0.349,116
786,Spotify,2023-07-01,69639,0.455,469
786,Apple Music,2023-11-01,224303,0.375,14922
786,YouTube Music,2025-09-01,143799,0.295,9688
787,Spotify,2024-01-01,225160,0.428,11558
787,Apple Music,2023-09-01,218418,0.238,9992
787,YouTube Music,2023-01-01,146200,0.201,3416
788,Spotify,2025-04-01,242840,0.537,10594
788,Apple Music,2023-08-01,83735,0.498,4959
788,YouTube Music,2023-11-01,36043,0.326,410
789,Spotify,2025-03-01,180025,0.254,4398
789,Apple Music,2023-04-01,228258,0.458,3710
789,YouTube Music,2024-04-01,159823,0.478,943
790,Spotify,2024-06-01,107421,0.211,3849
790,Apple Music,2025-12-01,134995,0.365,3210
790,YouTube Music,2023-02-01,95093,0.283,1532
791,Spotify,2023-03-01,17916,0.205,954
791,Apple Music,2023-03-01,234304,0.508,13274
791,YouTube Music,2024-01-01,160168,0.29,11881
792,Spotify,2024-09-01,54560,0.264,410
792,Apple Music,2024-04-01,20707,0.404,1508
792,YouTube Music,2023-06-01,111705,0.171,3168
793,Spotify,2023-09-01,96950,0.218,1644
793,Apple Music,2025-07-01,41921,0.236,1935
793,YouTube Music,2024-10-01,22014,0.45,1719
794,Spotify,2023-01-01,5047,0.487,175
794,Apple Music,2024-01-01,141991,0.183,3526
794,YouTube Music,2024-02-01,12425,0.344,548
795,Spotify,2023-03-01,7056,0.493,515
795,Apple Music,2024-02-01,185336,0.515,6865
795,YouTube Music,2025-06-01,27220,0.505,2068
796,Spotify,2023-12-01,3869,0.282,237
796,Apple Music,2024-11-01,189244,0.259,1599
796,YouTube Music,2023-11-01,62918,0.54,2291
797,Spotify,2023-06-01,81450,0.534,1061
797,Apple Music,2025-04-01,50274,0.315,3054
797,YouTube Music,2024-09-01,189566,0.477,4636
798,Spotify,2023-06-01,94405,0.55,4258
798,Apple Music,2025-03-01,171244,0.399,11465
798,YouTube Music,2024-12-01,111307,0.082,3828
799,Spotify,2023-03-01,138901,0.518,8853
799,Apple Music,2024-07-01,101295,0.53,5227
799,YouTube Music,2025-05-01,152932,0.482,3856
800,Spotify,2023-11-01,134570,0.118,2284
800,Apple Music,2023-09-01,55877,0.097,4365
800,YouTube Music,2023-03-01,88039,0.307,2429
801,Spotify,2023-05-01,61429,0.208,1272
801,Apple Music,2023-02-01,200671,0.427,6698
801,YouTube Music,2024-10-01,34114,0.452,1277
802,Spotify,2023-01-01,242677,0.157,5886
802,Apple Music,2023-02-01,125898,0.21,3302
802,YouTube Music,2025-09-01,32458,0.368,2046
803,Spotify,2025-07-01,24110,0.298,125
803,Apple Music,2024-09-01,60725,0.239,2975
803,YouTube Music,2024-10-01,169813,0.42,7576
804,Spotify,2023-06-01,124038,0.547,4389
804,Apple Music,2023-06-01,33898,0.547,631
804,YouTube Music,2025-03-01,75271,0.432,840
805,Spotify,2024-10-01,86038,0.136,3020
805,Apple Music,2023-08-01,267997,0.279,17898
805,YouTube Music,2024-01-01,32516,0.423,2289
806,Spotify,2023-10-01,14582,0.109,837
806,Apple Music,2023-02-01,132947,0.358,6691
806,YouTube Music,2024-08-01,30767,0.095,184
807,Spotify,2023-10-01,29382,0.433,1240
807,Apple Music,2025-02-01,154410,0.341,1299
807,YouTube Music,2024-11-01,207937,0.496,3466
808,Spotify,2025-05-01,219988,0.433,1940
808,Apple Music,2024-09-01,30251,0.214,2370
808,YouTube Music,2023-04-01,114419,0.513,5967
809,Spotify,2023-01-01,115710,0.239,2016
809,Apple Music,2024-09-01,168350,0.342,9377
809,YouTube Music,2023-12-01,156976,0.145,6294
810,Spotify,2023-09-01,64767,0.524,837
810,Apple Music,2023-03-01,200896,0.446,8085
810,YouTube Music,2024-05-01,64723,0.493,3178
811,Spotify,2024-04-01,138556,0.137,2749
811,Apple Music,2023-03-01,11826,0.277,824
811,YouTube Music,2024-06-01,85384,0.397,5014
812,Spotify,2025-05-01,161777,0.315,987
812,Apple Music,2023-07-01,232352,0.171,14545
812,YouTube Music,2023-07-01,44255,0.467,1518
813,Spotify,2024-05-01,190329,0.26,5982
813,Apple Music,2025-11-01,125910,0.089,8192
813,YouTube Music,2025-06-01,78901,0.371,1095
814,Spotify,2024-01-01,228853,0.492,3582
814,Apple Music,2023-07-01,168102,0.271,4600
814,YouTube Music,2024-01-01,15697,0.516,334
815,Spotify,2024-04-01,189951,0.201,12087
815,Apple Music,2023-10-01,230708,0.133,10465
815,YouTube Music,2023-01-01,35423,0.482,1514
816,Spotify,2023-01-01,3117,0.13,114
816,Apple Music,2023-07-01,109714,0.102,1379
816,YouTube Music,2024-12-01,154409,0.439,9044
817,Spotify,2025-06-01,79997,0.453,1786
817,Apple Music,2023-02-01,60626,0.123,317
817,YouTube Music,2023-08-01,98197,0.278,6152
818,Spotify,2023-06-01,171895,0.355,6332
818,Apple Music,2023-03-01,117894,0.238,7172
818,YouTube Music,2024-02-01,181300,0.506,13247
819,Spotify,2025-02-01,33504,0.255,1581
819,Apple Music,2025-01-01,91549,0.153,6322
819,YouTube Music,2024-01-01,227220,0.297,5005
820,Spotify,2024-05-01,39819,0.218,2463
820,Apple Music,2023-08-01,140731,0.3,1090
820,YouTube Music,2024-02-01,22182,0.176,1486
821,Spotify,2025-11-01,98217,0.204,5296
821,Apple Music,2023-08-01,185521,0.392,1779
821,YouTube Music,2023-08-01,82543,0.187,511
822,Spotify,2024-12-01,101132,0.475,4322
822,Apple Music,2023-06-01,145361,0.26,2492
822,YouTube Music,2023-08-01,86523,0.265,3859
823,Spotify,2024-07-01,55791,0.472,4450
823,Apple Music,2024-11-01,107259,0.085,5786
823,YouTube Music,2025-04-01,48506,0.524,3369
824,Spotify,2024-07-01,98975,0.338,7330
824,Apple Music,2025-07-01,192645,0.364,4111
824,YouTube Music,2025-12-01,251045,0.303,2236
825,Spotify,2024-10-01,12915,0.323,971
825,Apple Music,2024-04-01,201521,0.107,6064
825,YouTube Music,2025-03-01,66134,0.45,3739
826,Spotify,2024-10-01,137808,0.277,1555
826,Apple Music,2023-11-01,150113,0.201,850
826,YouTube Music,2024-09-01,257284,0.273,2401
827,Spotify,2024-03-01,249723,0.315,7597
827,Apple Music,2023-09-01,180639,0.356,12590
827,YouTube Music,2024-12-01,73093,0.165,1516
828,Spotify,2023-03-01,44614,0.177,422
828,Apple Music,2024-06-01,180346,0.129,11202
828,YouTube Music,2024-02-01,273720,0.28,3846
829,Spotify,2025-06-01,120095,0.446,2020
829,Apple Music,2025-04-01,35495,0.473,1253
829,YouTube Music,2025-01-01,11053,0.522,747
830,Spotify,2023-12-01,75739,0.459,1441
830,Apple Music,2023-02-01,182418,0.542,11784
830,YouTube Music,2023-01-01,76784,0.267,3237
831,Spotify,2023-04-01,150501,0.488,5838
831,Apple Music,2023-06-01,26922,0.171,1925
831,YouTube Music,2023-03-01,174326,0.095,8497
832,Spotify,2024-10-01,169923,0.166,12533
832,Apple Music,2025-05-01,93161,0.486,3544
832,YouTube Music,2025-04-01,148544,0.194,6928
833,Spotify,2024-01-01,145583,0.267,10878
833,Apple Music,2025-06-01,66109,0.369,3368
833,YouTube Music,2023-08-01,42434,0.183,2136
834,Spotify,2023-03-01,197774,0.436,3661
834,Apple Music,2023-05-01,157358,0.262,4894
834,YouTube Music,2025-07-01,229370,0.108,15432
835,Spotify,2023-09-01,123553,0.236,2208
835,Apple Music,2024-10-01,166446,0.539,8173
835,YouTube Music,2023-09-01,231457,0.256,9014
836,Spotify,2024-06-01,152415,0.464,5548
836,Apple Music,2025-01-01,207475,0.489,3677
836,YouTube Music,2023-10-01,214880,0.129,16543
837,Spotify,2024-04-01,11404,0.443,830
837,Apple Music,2023-10-01,133543,0.202,6400
837,YouTube Music,2023-04-01,53813,0.154,4131
838,Spotify,2023-03-01,36927,0.159,1174
838,Apple Music,2023-02-01,132476,0.459,4080
838,YouTube Music,2024-12-01,216334,0.186,6559
839,Spotify,2025-09-01,240298,0.186,8497
839,Apple Music,2023-04-01,143080,0.448,7409
839,YouTube Music,2025-07-01,42018,0.196,3106
840,Spotify,2025-12-01,28289,0.333,877
840,Apple Music,2024-05-01,198265,0.188,2869
840,YouTube Music,2024-10-01,21721,0.353,832
841,Spotify,2023-01-01,102216,0.491,5119
841,Apple Music,2023-08-01,27813,0.534,976
841,YouTube Music,2023-07-01,119262,0.255,2027
842,Spotify,2025-04-01,55863,0.487,2964
842,Apple Music,2023-03-01,118582,0.543,1462
842,YouTube Music,2024-04-01,111248,0.41,1389
843,Spotify,2024-08-01,197596,0.524,13658
843,Apple Music,2024-05-01,74811,0.481,3906
843,YouTube Music,2025-07-01,86971,0.506,5008
844,Spotify,2025-10-01,34296,0.44,239
844,Apple Music,2024-03-01,50236,0.493,3651
844,YouTube Music,2024-12-01,59741,0.158,773
845,Spotify,2024-04-01,80099,0.247,2309
845,Apple Music,2024-04-01,238972,0.127,12662
845,YouTube Music,2025-08-01,228516,0.323,8711
846,Spotify,2024-12-01,148187,0.299,11564
846,Apple Music,2025-09-01,185227,0.142,14411
846,YouTube Music,2024-12-01,76477,0.2,4958
847,Spotify,2023-05-01,180984,0.358,10894
847,Apple Music,2024-10-01,155602,0.099,6528
847,YouTube Music,2025-10-01,72258,0.494,4466
848,Spotify,2023-03-01,155341,0.125,10943
848,Apple Music,2024-05-01,96913,0.335,2591
848,YouTube Music,2024-12-01,20653,0.237,883
849,Spotify,2024-12-01,155129,0.47,7075
849,Apple Music,2023-01-01,141178,0.305,4989
849,YouTube Music,2025-03-01,214758,0.267,3092
850,Spotify,2024-12-01,93888,0.182,5962
850,Apple Music,2023-03-01,83401,0.355,1472
850,YouTube Music,2023-06-01,64263,0.084,833
851,Spotify,2024-08-01,244883,0.519,8676
851,Apple Music,2023-11-01,51612,0.169,3201
851,YouTube Music,2023-05-01,3273,0.525,211
852,Spotify,2023-10-01,22713,0.349,1125
852,Apple Music,2024-01-01,220203,0.265,14833
852,YouTube Music,2024-01-01,37367,0.08,2761
853,Spotify,2024-11-01,155293,0.171,1553
853,Apple Music,2025-02-01,8771,0.189,93
853,YouTube Music,2025-03-01,140893,0.254,2826
854,Spotify,2025-04-01,32038,0.473,385
854,Apple Music,2023-09-01,132078,0.407,4819
854,YouTube Music,2024-07-01,41065,0.39,1192
855,Spotify,2023-08-01,40041,0.432,2695
855,Apple Music,2025-12-01,151753,0.264,3244
855,YouTube Music,2023-04-01,75213,0.349,1663
856,Spotify,2023-04-01,75521,0.289,2788
856,Apple Music,2024-02-01,153422,0.542,10962
856,YouTube Music,2025-02-01,4456,0.453,108
857,Spotify,2024-06-01,112289,0.521,6586
857,Apple Music,2023-08-01,97625,0.215,7190
857,YouTube Music,2024-08-01,51048,0.389,1742
858,Spotify,2025-04-01,147904,0.433,5420
858,Apple Music,2024-07-01,77083,0.165,6020
858,YouTube Music,2025-08-01,20280,0.483,253
859,Spotify,2025-10-01,7949,0.473,334
859,Apple Music,2023-05-01,45163,0.408,365
859,YouTube Music,2023-08-01,137300,0.225,8630
860,Spotify,2023-09-01,41538,0.242,2640
860,Apple Music,2023-03-01,117100,0.291,7267
860,YouTube Music,2023-07-01,125285,0.443,4100
861,Spotify,2024-03-01,38212,0.347,996
861,Apple Music,2025-01-01,58097,0.425,1450
861,YouTube Music,2025-06-01,1553,0.187,109
862,Spotify,2025-05-01,157856,0.206,1871
862,Apple Music,2023-10-01,61513,0.357,381
862,YouTube Music,2023-05-01,63290,0.116,3506
863,Spotify,2024-04-01,168212,0.378,10139
863,Apple Music,2023-08-01,132301,0.506,3260
863,YouTube Music,2024-11-01,14454,0.256,660
864,Spotify,2024-03-01,122911,0.201,4431
864,Apple Music,2023-06-01,236855,0.435,8363
864,YouTube Music,2025-12-01,169499,0.406,7451
865,Spotify,2024-12-01,182985,0.521,2961
865,Apple Music,2024-06-01,50728,0.132,3210
865,YouTube Music,2024-01-01,13708,0.385,929
866,Spotify,2024-01-01,127274,0.251,7823
866,Apple Music,2024-07-01,143015,0.187,3374
866,YouTube Music,2025-08-01,206588,0.179,7174
867,Spotify,2023-09-01,194644,0.464,7849
867,Apple Music,2024-10-01,39366,0.166,1408
867,YouTube Music,2025-08-01,196334,0.118,1219
868,Spotify,2024-11-01,190626,0.283,4070
868,Apple Music,2023-10-01,242415,0.102,9770
868,YouTube Music,2025-12-01,120913,0.399,2138
869,Spotify,2024-01-01,257582,0.317,10591
869,Apple Music,2023-11-01,305646,0.455,16146
869,YouTube Music,2025-08-01,197224,0.145,13240
870,Spotify,2025-02-01,18247,0.483,669
870,Apple Music,2024-07-01,226879,0.401,8668
870,YouTube Music,2023-10-01,59633,0.109,610
871,Spotify,2025-10-01,285353,0.087,5528
871,Apple Music,2025-10-01,71037,0.319,3635
871,YouTube Music,2024-12-01,230054,0.311,10844
872,Spotify,2023-08-01,140928,0.442,8870
872,Apple Music,2024-05-01,31213,0.51,170
872,YouTube Music,2023-04-01,184522,0.27,4962
873,Spotify,2023-02-01,275652,0.332,21094
873,Apple Music,2025-10-01,268692,0.53,7439
873,YouTube Music,2025-07-01,177235,0.213,11189
874,Spotify,2025-06-01,115917,0.259,2141
874,Apple Music,2025-09-01,180829,0.081,4409
874,YouTube Music,2025-12-01,71078,0.208,3348
875,Spotify,2023-12-01,105215,0.195,954
875,Apple Music,2023-07-01,276711,0.115,16423
875,YouTube Music,2024-11-01,163982,0.516,5571
876,Spotify,2025-09-01,102875,0.399,3166
876,Apple Music,2023-07-01,241259,0.437,17873
876,YouTube Music,2025-11-01,268959,0.495,13063
877,Spotify,2023-04-01,60658,0.387,727
877,Apple Music,2025-03-01,179313,0.134,1628
877,YouTube Music,2023-01-01,153542,0.1,10899
878,Spotify,2023-08-01,190785,0.095,10120
878,Apple Music,2024-09-01,52814,0.328,2643
878,YouTube Music,2025-06-01,65836,0.442,4441
879,Spotify,2023-09-01,324525,0.39,2090
879,Apple Music,2023-11-01,191684,0.534,14636
879,YouTube Music,2025-01-01,220437,0.21,2346
880,Spotify,2024-02-01,182074,0.402,10731
880,Apple Music,2025-01-01,69812,0.271,1042
880,YouTube Music,2024-01-01,147363,0.088,7643
881,Spotify,2023-11-01,251570,0.162,18669
881,Apple Music,2024-11-01,81171,0.183,5294
881,YouTube Music,2025-08-01,186957,0.199,14933
882,Spotify,2025-11-01,2075,0.085,126
882,Apple Music,2024-10-01,44501,0.389,1470
882,YouTube Music,2023-08-01,7415,0.521,123
883,Spotify,2025-08-01,91103,0.166,6669
883,Apple Music,2025-07-01,138025,0.516,1298
883,YouTube Music,2024-04-01,214428,0.08,15840
884,Spotify,2024-01-01,98021,0.477,7043
884,Apple Music,2025-02-01,93954,0.408,3463
884,YouTube Music,2024-11-01,205994,0.287,6703
885,Spotify,2024-09-01,6586,0.491,441
885,Apple Music,2024-08-01,127743,0.246,7506
885,YouTube Music,2024-03-01,72984,0.21,4263
886,Spotify,2024-08-01,71980,0.188,567
886,Apple Music,2025-02-01,201075,0.536,7154
886,YouTube Music,2025-03-01,35222,0.226,2333
887,Spotify,2025-07-01,44792,0.527,848
887,Apple Music,2023-07-01,43957,0.273,2263
887,YouTube Music,2025-10-01,114071,0.534,8686
888,Spotify,2025-10-01,97413,0.499,3241
888,Apple Music,2025-09-01,223384,0.356,13468
888,YouTube Music,2024-09-01,60860,0.433,3658
889,Spotify,2024-07-01,146061,0.313,7422
889,Apple Music,2023-09-01,3666,0.196,162
889,YouTube Music,2023-10-01,88813,0.462,1081
890,Spotify,2023-03-01,173269,0.539,8656
890,Apple Music,2024-01-01,85426,0.082,853
890,YouTube Music,2023-10-01,237948,0.408,17785
891,Spotify,2025-11-01,237645,0.112,15311
891,Apple Music,2025-02-01,162753,0.096,4283
891,YouTube Music,2025-08-01,56441,0.088,2468
892,Spotify,2023-01-01,75546,0.379,3457
892,Apple Music,2025-07-01,181631,0.284,5365
892,YouTube Music,2023-05-01,70224,0.449,5300
893,Spotify,2023-09-01,3469,0.536,186
893,Apple Music,2024-07-01,45482,0.471,333
893,YouTube Music,2024-09-01,131344,0.456,6787
894,Spotify,2025-01-01,169736,0.51,8084
894,Apple Music,2023-02-01,237640,0.254,10704
894,YouTube Music,2024-10-01,149080,0.196,11202
895,Spotify,2024-08-01,134963,0.52,5033
895,Apple Music,2024-01-01,61111,0.386,3663
895,YouTube Music,2023-12-01,92975,0.522,3886
896,Spotify,2024-11-01,51511,0.533,2794
896,Apple Music,2024-08-01,193157,0.27,1150
896,YouTube Music,2024-01-01,143725,0.16,6068
897,Spotify,2023-01-01,75298,0.436,4678
897,Apple Music,2025-10-01,56858,0.472,3457
897,YouTube Music,2023-08-01,191937,0.173,7931
898,Spotify,2024-05-01,12138,0.424,798
898,Apple Music,2024-07-01,137729,0.366,8743
898,YouTube Music,2023-04-01,9250,0.531,334
899,Spotify,2025-08-01,138848,0.514,9908
899,Apple Music,2024-11-01,129747,0.445,6568
899,YouTube Music,2024-02-01,15710,0.403,1083
900,Spotify,2025-10-01,185768,0.532,3248
900,Apple Music,2024-01-01,93001,0.245,1808
900,YouTube Music,2023-06-01,245976,0.342,7760
901,Spotify,2023-06-01,123426,0.117,7435
901,Apple Music,2025-06-01,136519,0.418,7022
901,YouTube Music,2025-08-01,91619,0.135,3195
902,Spotify,2023-12-01,119703,0.214,5875
902,Apple Music,2023-04-01,97731,0.227,4443
902,YouTube Music,2023-09-01,258138,0.415,4187
903,Spotify,2023-12-01,9899,0.357,341
903,Apple Music,2025-09-01,190061,0.321,13998
903,YouTube Music,2025-01-01,152814,0.211,11905
904,Spotify,2024-03-01,222168,0.334,3636
904,Apple Music,2024-12-01,233847,0.123,16976
904,YouTube Music,2023-06-01,169339,0.177,3434
905,Spotify,2025-08-01,238839,0.174,17898
905,Apple Music,2023-07-01,90994,0.09,6650
905,YouTube Music,2024-01-01,127064,0.418,6401
906,Spotify,2025-12-01,169613,0.54,9951
906,Apple Music,2025-05-01,166073,0.474,11072
906,YouTube Music,2023-07-01,59775,0.174,4137
907,Spotify,2024-09-01,102950,0.238,2643
907,Apple Music,2025-02-01,15486,0.456,357
907,YouTube Music,2024-11-01,41230,0.27,1119
908,Spotify,2025-08-01,295339,0.149,8421
908,Apple Music,2025-05-01,172034,0.304,4377
908,YouTube Music,2025-11-01,102064,0.408,6557
909,Spotify,2023-08-01,270608,0.512,19525
909,Apple Music,2025-10-01,198426,0.263,2084
909,YouTube Music,2024-07-01,132693,0.351,4855
910,Spotify,2025-10-01,113437,0.271,2678
910,Apple Music,2023-12-01,160895,0.251,12584
910,YouTube Music,2024-08-01,102579,0.331,639
911,Spotify,2025-07-01,235731,0.083,17211
911,Apple Music,2023-07-01,15804,0.462,545
911,YouTube Music,2023-12-01,118007,0.47,3873
912,Spotify,2024-01-01,223295,0.121,11722
912,Apple Music,2025-01-01,221845,0.137,15411
912,YouTube Music,2023-11-01,162817,0.158,10650
913,Spotify,2024-03-01,8560,0.144,433
913,Apple Music,2025-08-01,199829,0.523,12344
913,YouTube Music,2025-03-01,254375,0.189,3410
914,Spotify,2023-03-01,102336,0.373,4605
914,Apple Music,2024-11-01,147754,0.463,6201
914,YouTube Music,2023-01-01,97177,0.208,5078
915,Spotify,2025-05-01,98077,0.342,4940
915,Apple Music,2025-09-01,97447,0.123,4561
915,YouTube Music,2024-09-01,47507,0.36,1476
916,Spotify,2024-07-01,54231,0.474,1422
916,Apple Music,2024-03-01,95644,0.159,6175
916,YouTube Music,2024-07-01,35985,0.313,1029
917,Spotify,2024-03-01,3447,0.461,43
917,Apple Music,2024-11-01,91869,0.094,531
917,YouTube Music,2023-04-01,51364,0.504,1821
918,Spotify,2023-02-01,119181,0.11,5100
918,Apple Music,2023-11-01,135456,0.4,1366
918,YouTube Music,2023-06-01,225280,0.122,9524
919,Spotify,2024-03-01,92769,0.327,4444
919,Apple Music,2024-05-01,45273,0.115,1059
919,YouTube Music,2024-12-01,132794,0.107,4402
920,Spotify,2025-08-01,199649,0.126,13151
920,Apple Music,2025-02-01,127784,0.42,1818
920,YouTube Music,2024-07-01,236361,0.327,11385
921,Spotify,2023-07-01,266180,0.478,9408
921,Apple Music,2024-12-01,89905,0.138,2034
921,YouTube Music,2024-09-01,175173,0.375,8227
922,Spotify,2023-12-01,2368,0.3,148
922,Apple Music,2025-05-01,198309,0.303,11864
922,YouTube Music,2023-03-01,84784,0.459,1061
923,Spotify,2023-03-01,8358,0.283,193
923,Apple Music,2025-03-01,222051,0.408,4652
923,YouTube Music,2023-03-01,63387,0.484,1691
924,Spotify,2024-08-01,199525,0.231,12416
924,Apple Music,2023-08-01,115964,0.359,2204
924,YouTube Music,2023-12-01,168340,0.372,9794
925,Spotify,2023-11-01,185824,0.386,1580
925,Apple Music,2023-02-01,39271,0.124,2224
925,YouTube Music,2025-05-01,130420,0.187,8461
926,Spotify,2023-10-01,68339,0.532,2876
926,Apple Music,2025-08-01,173323,0.498,984
926,YouTube Music,2024-12-01,112880,0.485,3343
927,Spotify,2024-06-01,79005,0.263,5815
927,Apple Music,2025-04-01,131109,0.366,1338
927,YouTube Music,2024-04-01,27055,0.417,933
928,Spotify,2025-12-01,67972,0.167,4205
928,Apple Music,2023-04-01,53879,0.312,2158
928,YouTube Music,2023-07-01,21257,0.421,1222
929,Spotify,2024-01-01,143628,0.423,1022
929,Apple Music,2023-06-01,62261,0.105,2078
929,YouTube Music,2023-11-01,159598,0.373,10327
930,Spotify,2025-05-01,64590,0.467,3424
930,Apple Music,2025-11-01,159214,0.502,4023
930,YouTube Music,2024-08-01,123955,0.437,5327
931,Spotify,2024-03-01,97676,0.348,506
931,Apple Music,2025-11-01,5372,0.195,189
931,YouTube Music,2024-07-01,111021,0.453,8414
932,Spotify,2025-08-01,161425,0.35,4042
932,Apple Music,2025-12-01,195519,0.129,14546
932,YouTube Music,2025-05-01,181282,0.432,12308
933,Spotify,2025-07-01,200365,0.201,14735
933,Apple Music,2024-01-01,10972,0.372,314
933,YouTube Music,2024-07-01,86236,0.456,1773
934,Spotify,2025-05-01,72764,0.142,1577
934,Apple Music,2025-12-01,86411,0.127,5089
934,YouTube Music,2023-06-01,180178,0.115,12617
935,Spotify,2023-01-01,157584,0.518,3482
935,Apple Music,2025-03-01,155242,0.402,5863
935,YouTube Music,2025-05-01,49170,0.464,3830
936,Spotify,2023-06-01,128365,0.469,9587
936,Apple Music,2023-09-01,128748,0.431,7365
936,YouTube Music,2024-09-01,147156,0.507,2156
937,Spotify,2025-05-01,190622,0.307,5668
937,Apple Music,2025-04-01,18761,0.103,1075
937,YouTube Music,2024-08-01,226380,0.351,7415
938,Spotify,2024-07-01,272656,0.362,21249
938,Apple Music,2024-10-01,8665,0.233,321
938,YouTube Music,2025-09-01,81089,0.454,1577
939,Spotify,2024-03-01,105841,0.482,7340
939,Apple Music,2023-10-01,66296,0.136,4505
939,YouTube Music,2023-07-01,47118,0.261,703
940,Spotify,2025-07-01,103505,0.23,4007
940,Apple Music,2024-06-01,87835,0.393,3882
940,YouTube Music,2023-03-01,129737,0.248,5450
941,Spotify,2024-09-01,87375,0.209,481
941,Apple Music,2025-03-01,141386,0.45,5106
941,YouTube Music,2024-05-01,111552,0.248,4027
942,Spotify,2024-05-01,88865,0.162,2155
942,Apple Music,2024-01-01,28032,0.357,1133
942,YouTube Music,2024-09-01,58682,0.472,1180
943,Spotify,2024-01-01,109007,0.444,7383
943,Apple Music,2023-01-01,193014,0.089,4513
943,YouTube Music,2023-09-01,192202,0.52,3179
944,Spotify,2024-12-01,176954,0.161,11466
944,Apple Music,2025-05-01,14859,0.426,323
944,YouTube Music,2025-07-01,165138,0.206,7989
945,Spotify,2025-08-01,140855,0.365,7004
945,Apple Music,2024-02-01,46789,0.238,770
945,YouTube Music,2024-06-01,56456,0.366,2512
946,Spotify,2025-08-01,12479,0.246,783
946,Apple Music,2024-08-01,109914,0.538,666
946,YouTube Music,2023-06-01,199216,0.185,4749
947,Spotify,2025-07-01,199375,0.438,1672
947,Apple Music,2025-01-01,707,0.37,17
947,YouTube Music,2023-06-01,85178,0.246,3814
948,Spotify,2023-05-01,132615,0.476,837
948,Apple Music,2025-08-01,33604,0.125,2043
948,YouTube Music,2024-02-01,120468,0.285,3878
949,Spotify,2024-11-01,170002,0.321,6273
949,Apple Music,2025-03-01,169555,0.175,7217
949,YouTube Music,2025-09-01,158181,0.381,11157
950,Spotify,2023-03-01,63017,0.278,1471
950,Apple Music,2024-12-01,92554,0.382,5478
950,YouTube Music,2024-05-01,205336,0.158,7494
951,Spotify,2025-01-01,125788,0.479,4812
951,Apple Music,2025-11-01,105368,0.476,2215
951,YouTube Music,2023-08-01,23692,0.541,1059
952,Spotify,2024-06-01,156573,0.219,2505
952,Apple Music,2023-07-01,101952,0.275,4705
952,YouTube Music,2025-08-01,38166,0.296,604
953,Spotify,2023-03-01,33932,0.316,1643
953,Apple Music,2025-07-01,65265,0.469,603
953,YouTube Music,2025-11-01,107989,0.49,6326
954,Spotify,2024-08-01,98293,0.498,2559
954,Apple Music,2024-07-01,151834,0.202,7900
954,YouTube Music,2025-09-01,129109,0.175,5727
955,Spotify,2024-09-01,198846,0.476,12163
955,Apple Music,2023-09-01,18090,0.11,760
955,YouTube Music,2025-11-01,149985,0.32,7595
956,Spotify,2024-09-01,92666,0.469,1923
956,Apple Music,2023-01-01,143529,0.177,963
956,YouTube Music,2024-11-01,195875,0.117,4472
957,Spotify,2025-01-01,26351,0.52,1685
957,Apple Music,2025-02-01,217673,0.427,10021
957,YouTube Music,2025-07-01,55706,0.384,2534
958,Spotify,2023-11-01,219003,0.126,13693
958,Apple Music,2025-01-01,103379,0.269,6062
958,YouTube Music,2023-10-01,26125,0.355,560
959,Spotify,2023-05-01,129365,0.34,9315
959,Apple Music,2024-10-01,205525,0.517,7758
959,YouTube Music,2024-08-01,161719,0.194,4643
960,Spotify,2025-04-01,93040,0.369,6481
960,Apple Music,2024-08-01,50722,0.405,304
960,YouTube Music,2025-04-01,77613,0.44,5276
961,Spotify,2024-08-01,26585,0.24,218
961,Apple Music,2025-08-01,238712,0.248,12718
961,YouTube Music,2024-12-01,188806,0.492,4096
962,Spotify,2025-04-01,70838,0.226,5570
962,Apple Music,2024-01-01,38641,0.226,1087
962,YouTube Music,2023-11-01,231517,0.128,3803
963,Spotify,2024-02-01,111515,0.173,5038
963,Apple Music,2025-10-01,100620,0.265,7554
963,YouTube Music,2024-10-01,25008,0.354,946
964,Spotify,2025-05-01,131935,0.491,2066
964,Apple Music,2024-08-01,158444,0.28,4261
964,YouTube Music,2023-07-01,194337,0.092,12067
965,Spotify,2023-07-01,250554,0.528,16556
965,Apple Music,2024-09-01,78522,0.368,3218
965,YouTube Music,2024-06-01,160960,0.136,7834
966,Spotify,2025-03-01,145946,0.155,10690
966,Apple Music,2025-12-01,185244,0.129,6393
966,YouTube Music,2024-09-01,67604,0.144,4545
967,Spotify,2023-04-01,131306,0.391,6984
967,Apple Music,2024-02-01,45462,0.257,3611
967,YouTube Music,2025-07-01,145858,0.427,6609
968,Spotify,2024-07-01,100158,0.299,2058
968,Apple Music,2024-12-01,182273,0.263,10851
968,YouTube Music,2025-08-01,228068,0.336,12263
969,Spotify,2024-02-01,105555,0.514,5355
969,Apple Music,2023-02-01,111946,0.086,1916
969,YouTube Music,2025-05-01,194384,0.27,9016
970,Spotify,2025-08-01,29700,0.439,2014
970,Apple Music,2025-04-01,149031,0.108,7348
970,YouTube Music,2023-10-01,239075,0.291,1658
971,Spotify,2025-04-01,248622,0.332,6624
971,Apple Music,2025-06-01,67239,0.093,1100
971,YouTube Music,2025-03-01,160990,0.421,7870
972,Spotify,2024-02-01,35242,0.169,1172
972,Apple Music,2023-01-01,196806,0.545,7092
972,YouTube Music,2024-03-01,51856,0.431,3818
973,Spotify,2025-12-01,7844,0.479,114
973,Apple Music,2023-12-01,55959,0.357,446
973,YouTube Music,2024-06-01,159403,0.34,11450
974,Spotify,2025-02-01,201929,0.124,14098
974,Apple Music,2023-05-01,76814,0.223,5075
974,YouTube Music,2024-02-01,63257,0.157,1480
975,Spotify,2024-03-01,118422,0.266,3793
975,Apple Music,2024-03-01,127911,0.132,4320
975,YouTube Music,2024-12-01,93102,0.347,5928
976,Spotify,2025-03-01,173891,0.368,5236
976,Apple Music,2024-02-01,152911,0.402,5072
976,YouTube Music,2025-06-01,91760,0.092,6840
977,Spotify,2023-12-01,1591,0.429,47
977,Apple Music,2024-05-01,263259,0.471,16752
977,YouTube Music,2023-09-01,171280,0.338,7036
978,Spotify,2023-04-01,132141,0.08,5307
978,Apple Music,2025-12-01,16965,0.25,565
978,YouTube Music,2023-03-01,22983,0.307,1115
979,Spotify,2024-09-01,80640,0.203,5130
979,Apple Music,2023-12-01,146917,0.467,3088
979,YouTube Music,2024-08-01,2548,0.354,67
980,Spotify,2025-09-01,181539,0.125,3553
980,Apple Music,2025-08-01,108509,0.108,6427
980,YouTube Music,2023-02-01,54710,0.177,619
981,Spotify,2025-02-01,61937,0.306,2226
981,Apple Music,2023-01-01,4775,0.338,220
981,YouTube Music,2024-03-01,194564,0.377,5643
982,Spotify,2025-11-01,109552,0.474,3888
982,Apple Music,2023-04-01,976,0.281,47
982,YouTube Music,2025-04-01,159910,0.523,2948
983,Spotify,2023-09-01,3864,0.105,75
983,Apple Music,2024-12-01,150572,0.539,8560
983,YouTube Music,2024-12-01,6562,0.51,100
984,Spotify,2024-08-01,21912,0.45,154
984,Apple Music,2025-10-01,8715,0.115,252
984,YouTube Music,2023-04-01,30540,0.542,1073
985,Spotify,2024-01-01,216242,0.141,14913
985,Apple Music,2023-03-01,12216,0.189,956
985,YouTube Music,2023-02-01,158294,0.255,2451
986,Spotify,2023-04-01,216825,0.436,14912
986,Apple Music,2023-04-01,75763,0.178,3651
986,YouTube Music,2023-04-01,152628,0.165,5099
987,Spotify,2024-11-01,39732,0.361,1198
987,Apple Music,2024-05-01,74763,0.182,1414
987,YouTube Music,2024-10-01,91625,0.281,492
988,Spotify,2023-12-01,142534,0.171,2571
988,Apple Music,2025-11-01,210253,0.196,12883
988,YouTube Music,2025-10-01,146458,0.487,3396
989,Spotify,2023-06-01,171082,0.249,8834
989,Apple Music,2024-07-01,138684,0.123,7853
989,YouTube Music,2024-07-01,125927,0.344,1256
990,Spotify,2023-10-01,42754,0.196,2264
990,Apple Music,2024-04-01,115170,0.129,4659
990,YouTube Music,2024-08-01,68632,0.353,2252
991,Spotify,2025-04-01,96813,0.265,5709
991,Apple Music,2024-03-01,82439,0.353,4674
991,YouTube Music,2025-04-01,221372,0.351,15853
992,Spotify,2024-08-01,39822,0.492,2310
992,Apple Music,2023-11-01,138722,0.129,5633
992,YouTube Music,2023-12-01,158790,0.408,5776
993,Spotify,2025-05-01,185500,0.186,4704
993,Apple Music,2025-10-01,122164,0.315,4542
993,YouTube Music,2023-05-01,7701,0.128,460
994,Spotify,2025-11-01,160975,0.38,8240
994,Apple Music,2025-02-01,21747,0.247,475
994,YouTube Music,2025-08-01,28090,0.447,1522
995,Spotify,2024-03-01,19350,0.091,1267
995,Apple Music,2023-02-01,83530,0.405,5272
995,YouTube Music,2025-12-01,81097,0.279,3336
996,Spotify,2025-04-01,6241,0.146,373
996,Apple Music,2023-10-01,27591,0.138,728
996,YouTube Music,2025-05-01,99779,0.288,1875
997,Spotify,2024-12-01,47829,0.546,2509
997,Apple Music,2023-10-01,78757,0.271,5811
997,YouTube Music,2025-11-01,31250,0.432,1527
998,Spotify,2025-11-01,63974,0.266,3067
998,Apple Music,2025-07-01,29947,0.132,1591
998,YouTube Music,2024-11-01,184208,0.296,9492
999,Spotify,2024-04-01,7542,0.498,164
999,Apple Music,2023-06-01,136749,0.129,4679
999,YouTube Music,2025-10-01,122675,0.269,7223
1000,Spotify,2023-04-01,88986,0.096,5479
1000,Apple Music,2025-07-01,58971,0.208,2401
1000,YouTube Music,2025-02-01,151481,0.176,8547
1001,Spotify,2024-02-01,61455,0.345,3981
1001,Apple Music,2025-04-01,160279,0.113,6020
1001,YouTube Music,2023-07-01,8766,0.198,401
1002,Spotify,2025-11-01,4476,0.352,260
1002,Apple Music,2023-01-01,28123,0.102,797
1002,YouTube Music,2024-02-01,44664,0.47,1620
1003,Spotify,2023-10-01,143674,0.55,8778
1003,Apple Music,2023-05-01,130452,0.217,1845
1003,YouTube Music,2024-03-01,176617,0.519,4888
1004,Spotify,2025-08-01,15002,0.173,553
1004,Apple Music,2025-02-01,206834,0.125,14023
1004,YouTube Music,2024-02-01,73501,0.26,807
1005,Spotify,2023-12-01,245426,0.452,3362
1005,Apple Music,2023-03-01,30040,0.225,2059
1005,YouTube Music,2025-09-01,107562,0.394,572
1006,Spotify,2025-08-01,146928,0.123,2194
1006,Apple Music,2025-02-01,162759,0.144,6729
1006,YouTube Music,2024-08-01,148247,0.285,10182
1007,Spotify,2023-09-01,97929,0.281,4934
1007,Apple Music,2023-11-01,17593,0.379,486
1007,YouTube Music,2023-11-01,87186,0.351,2307
1008,Spotify,2025-04-01,35099,0.213,301
1008,Apple Music,2025-11-01,29880,0.182,264
1008,YouTube Music,2025-05-01,157396,0.167,1571
1009,Spotify,2025-08-01,90987,0.549,1652
1009,Apple Music,2024-05-01,191878,0.115,2958
1009,YouTube Music,2025-09-01,157806,0.111,9163
1010,Spotify,2024-07-01,192058,0.21,8532
1010,Apple Music,2025-04-01,119581,0.318,9404
1010,YouTube Music,2025-12-01,12927,0.13,1024
1011,Spotify,2024-04-01,95175,0.243,5211
1011,Apple Music,2023-08-01,98121,0.317,7014
1011,YouTube Music,2023-11-01,207157,0.294,7090
1012,Spotify,2023-08-01,99400,0.092,3350
1012,Apple Music,2025-05-01,7681,0.119,533
1012,YouTube Music,2025-11-01,38653,0.082,2565
1013,Spotify,2025-08-01,145964,0.203,9350
1013,Apple Music,2024-07-01,36333,0.082,1920
1013,YouTube Music,2023-08-01,165198,0.396,13070
1014,Spotify,2023-09-01,40428,0.084,1438
1014,Apple Music,2023-03-01,164060,0.245,10574
1014,YouTube Music,2023-05-01,53697,0.15,973
1015,Spotify,2025-04-01,4432,0.301,310
1015,Apple Music,2023-05-01,132050,0.358,3603
1015,YouTube Music,2025-02-01,20327,0.433,510
1016,Spotify,2023-06-01,61750,0.447,3571
1016,Apple Music,2023-06-01,143407,0.481,9045
1016,YouTube Music,2025-03-01,158216,0.157,8422
1017,Spotify,2025-11-01,3194,0.285,44
1017,Apple Music,2024-09-01,130122,0.342,1050
1017,YouTube Music,2023-01-01,51899,0.516,326
1018,Spotify,2024-04-01,68195,0.215,4773
1018,Apple Music,2025-02-01,67264,0.236,4165
1018,YouTube Music,2024-05-01,165096,0.301,5902
1019,Spotify,2023-11-01,256195,0.141,1980
1019,Apple Music,2024-04-01,161613,0.515,3514
1019,YouTube Music,2025-01-01,199996,0.541,9388
1020,Spotify,2023-11-01,247453,0.298,12097
1020,Apple Music,2025-08-01,33262,0.467,1714
1020,YouTube Music,2024-10-01,89929,0.505,5993
1021,Spotify,2024-08-01,122382,0.463,5683
1021,Apple Music,2025-05-01,113274,0.224,7092
1021,YouTube Music,2025-07-01,56599,0.426,3823
1022,Spotify,2023-09-01,176190,0.404,5628
1022,Apple Music,2025-01-01,204658,0.282,6814
1022,YouTube Music,2024-06-01,102235,0.296,2301
1023,Spotify,2024-07-01,156209,0.119,4510
1023,Apple Music,2024-10-01,33815,0.277,1589
1023,YouTube Music,2025-05-01,121230,0.248,6379
1024,Spotify,2025-10-01,67164,0.267,3427
1024,Apple Music,2024-03-01,122892,0.222,7747
1024,YouTube Music,2025-03-01,131033,0.461,5878
1025,Spotify,2024-09-01,94997,0.503,1715
1025,Apple Music,2023-05-01,2644,0.209,103
1025,YouTube Music,2024-10-01,43608,0.241,3299
1026,Spotify,2025-01-01,34458,0.239,1357
1026,Apple Music,2023-03-01,109847,0.315,7214
1026,YouTube Music,2023-04-01,79006,0.293,1812
1027,Spotify,2024-06-01,183821,0.454,10234
1027,Apple Music,2025-03-01,78288,0.479,2283
1027,YouTube Music,2023-10-01,171192,0.102,1116
1028,Spotify,2025-02-01,142329,0.505,8078
1028,Apple Music,2025-03-01,125119,0.308,9552
1028,YouTube Music,2023-02-01,34115,0.121,1357
1029,Spotify,2024-10-01,137521,0.357,9968
1029,Apple Music,2023-03-01,72291,0.546,388
1029,YouTube Music,2023-10-01,140424,0.536,1977
1030,Spotify,2024-01-01,54952,0.222,3490
1030,Apple Music,2023-02-01,52355,0.276,2898
1030,YouTube Music,2023-08-01,171678,0.194,5669
1031,Spotify,2025-01-01,208266,0.364,1073
1031,Apple Music,2024-03-01,71578,0.385,2667
1031,YouTube Music,2024-12-01,76402,0.257,4495
1032,Spotify,2025-05-01,130320,0.428,4110
1032,Apple Music,2023-04-01,1697,0.352,87
1032,YouTube Music,2023-03-01,726,0.446,43
1033,Spotify,2024-08-01,220377,0.532,11859
1033,Apple Music,2024-12-01,212774,0.214,7077
1033,YouTube Music,2023-10-01,118778,0.289,7563
1034,Spotify,2025-02-01,127979,0.246,7144
1034,Apple Music,2024-12-01,31076,0.538,1152
1034,YouTube Music,2025-07-01,135779,0.242,7388
1035,Spotify,2023-12-01,18938,0.448,322
1035,Apple Music,2023-12-01,202949,0.337,7206
1035,YouTube Music,2023-07-01,164836,0.142,1680
1036,Spotify,2024-11-01,177650,0.399,6774
1036,Apple Music,2023-04-01,178007,0.176,4175
1036,YouTube Music,2023-03-01,235553,0.333,11526
1037,Spotify,2025-06-01,154536,0.323,4069
1037,Apple Music,2023-10-01,122013,0.314,1370
1037,YouTube Music,2023-08-01,90281,0.099,6809
1038,Spotify,2025-12-01,134590,0.195,8267
1038,Apple Music,2023-05-01,62655,0.41,657
1038,YouTube Music,2024-07-01,139111,0.39,5935
1039,Spotify,2025-12-01,178851,0.536,11021
1039,Apple Music,2025-08-01,70434,0.39,1417
1039,YouTube Music,2023-09-01,131151,0.114,10348
1040,Spotify,2023-07-01,36676,0.126,939
1040,Apple Music,2024-08-01,100305,0.281,2704
1040,YouTube Music,2024-03-01,92482,0.253,6049
1041,Spotify,2023-08-01,87644,0.242,6763
1041,Apple Music,2025-08-01,139079,0.228,8532
1041,YouTube Music,2024-03-01,124107,0.287,3352
1042,Spotify,2024-02-01,50686,0.457,1348
1042,Apple Music,2024-10-01,7301,0.374,208
1042,YouTube Music,2024-02-01,57193,0.277,1929
1043,Spotify,2023-08-01,58848,0.105,2155
1043,Apple Music,2025-06-01,161977,0.164,12285
1043,YouTube Music,2024-11-01,180077,0.287,11402
1044,Spotify,2024-07-01,112599,0.114,5423
1044,Apple Music,2023-05-01,211906,0.082,3401
1044,YouTube Music,2025-11-01,167798,0.542,9517
1045,Spotify,2024-12-01,280725,0.215,8665
1045,Apple Music,2025-05-01,193034,0.492,6373
1045,YouTube Music,2025-10-01,262765,0.296,5326
1046,Spotify,2023-04-01,122686,0.218,5724
1046,Apple Music,2023-10-01,54526,0.424,910
1046,YouTube Music,2024-08-01,224418,0.229,13203
1047,Spotify,2024-11-01,132770,0.289,4601
1047,Apple Music,2025-07-01,69861,0.479,4456
1047,YouTube Music,2023-01-01,42577,0.112,654
1048,Spotify,2025-05-01,17815,0.418,781
1048,Apple Music,2025-04-01,34758,0.199,2688
1048,YouTube Music,2025-10-01,75552,0.18,5189
1049,Spotify,2025-09-01,81688,0.451,1427
1049,Apple Music,2025-04-01,166052,0.42,8777
1049,YouTube Music,2025-05-01,80866,0.238,4511
1050,Spotify,2024-07-01,151825,0.362,1032
1050,Apple Music,2023-03-01,84296,0.472,1140
1050,YouTube Music,2025-04-01,81010,0.439,973
1051,Spotify,2023-02-01,81828,0.387,5871
1051,Apple Music,2024-09-01,38687,0.217,511
1051,YouTube Music,2023-04-01,228379,0.413,2169
1052,Spotify,2025-01-01,170959,0.351,10565
1052,Apple Music,2024-04-01,71898,0.112,1879
1052,YouTube Music,2023-11-01,17401,0.261,751
1053,Spotify,2023-05-01,73443,0.17,3861
1053,Apple Music,2024-09-01,160917,0.304,6333
1053,YouTube Music,2024-09-01,12479,0.373,73
1054,Spotify,2024-09-01,86217,0.29,3580
1054,Apple Music,2023-08-01,56899,0.532,2879
1054,YouTube Music,2025-11-01,148839,0.502,6628
1055,Spotify,2023-06-01,170538,0.41,6428
1055,Apple Music,2024-02-01,184179,0.279,11955
1055,YouTube Music,2024-06-01,26055,0.301,1755
1056,Spotify,2023-07-01,189103,0.325,10362
1056,Apple Music,2023-06-01,19236,0.1,559
1056,YouTube Music,2025-02-01,130427,0.169,4139
1057,Spotify,2025-06-01,155997,0.234,9035
1057,Apple Music,2025-10-01,66455,0.193,1565
1057,YouTube Music,2023-02-01,120293,0.155,4211
1058,Spotify,2023-02-01,165510,0.409,4987
1058,Apple Music,2024-09-01,178771,0.463,13350
1058,YouTube Music,2023-01-01,148387,0.178,9809
1059,Spotify,2024-03-01,51243,0.24,861
1059,Apple Music,2025-04-01,157878,0.282,7422
1059,YouTube Music,2025-01-01,66683,0.38,4389
1060,Spotify,2024-07-01,51958,0.491,1704
1060,Apple Music,2023-01-01,47091,0.082,2158
1060,YouTube Music,2025-01-01,228023,0.514,3278
1061,Spotify,2025-03-01,216501,0.469,10103
1061,Apple Music,2023-02-01,194954,0.3,14424
1061,YouTube Music,2025-08-01,263808,0.146,3856
1062,Spotify,2025-01-01,226922,0.263,1153
1062,Apple Music,2023-12-01,3527,0.119,36
1062,YouTube Music,2023-11-01,78062,0.219,2089
1063,Spotify,2025-11-01,14216,0.39,976
1063,Apple Music,2025-07-01,163734,0.124,8420
1063,YouTube Music,2024-06-01,38660,0.354,1569
1064,Spotify,2024-07-01,217522,0.244,7593
1064,Apple Music,2025-04-01,64381,0.366,3611
1064,YouTube Music,2025-06-01,50142,0.205,316
1065,Spotify,2023-11-01,36264,0.467,947
1065,Apple Music,2025-04-01,121023,0.251,7687
1065,YouTube Music,2024-04-01,166029,0.474,8045
1066,Spotify,2024-08-01,200436,0.296,6441
1066,Apple Music,2024-11-01,167052,0.104,2263
1066,YouTube Music,2025-12-01,134030,0.507,3974
1067,Spotify,2023-07-01,21247,0.267,1426
1067,Apple Music,2025-10-01,2321,0.095,81
1067,YouTube Music,2024-10-01,174576,0.203,7010
1068,Spotify,2024-05-01,158123,0.512,3201
1068,Apple Music,2023-10-01,146951,0.177,6157
1068,YouTube Music,2023-05-01,42794,0.348,1728
1069,Spotify,2024-11-01,95747,0.501,4107
1069,Apple Music,2023-01-01,133857,0.399,3079
1069,YouTube Music,2023-11-01,46971,0.548,1978
1070,Spotify,2024-07-01,113161,0.149,4965
1070,Apple Music,2023-12-01,141700,0.483,7002
1070,YouTube Music,2023-12-01,157522,0.216,1253
1071,Spotify,2025-01-01,232696,0.146,10694
1071,Apple Music,2024-02-01,22733,0.431,1460
1071,YouTube Music,2023-08-01,126209,0.44,3279
1072,Spotify,2025-12-01,31758,0.386,1896
1072,Apple Music,2025-04-01,175216,0.19,12684
1072,YouTube Music,2023-02-01,116450,0.438,8414
1073,Spotify,2025-10-01,13145,0.098,117
1073,Apple Music,2023-05-01,52095,0.288,705
1073,YouTube Music,2023-06-01,193077,0.162,10286
1074,Spotify,2025-03-01,251930,0.11,11533
1074,Apple Music,2024-12-01,198810,0.372,4425
1074,YouTube Music,2024-07-01,68836,0.276,801
1075,Spotify,2023-03-01,50599,0.382,2195
1075,Apple Music,2025-05-01,43897,0.282,439
1075,YouTube Music,2023-06-01,161430,0.541,10118
1076,Spotify,2023-01-01,175871,0.547,12264
1076,Apple Music,2025-04-01,111122,0.525,6175
1076,YouTube Music,2025-08-01,3547,0.283,265
1077,Spotify,2025-02-01,179341,0.54,2169
1077,Apple Music,2024-07-01,193385,0.394,9762
1077,YouTube Music,2023-07-01,254089,0.384,15705
1078,Spotify,2024-08-01,135051,0.404,1670
1078,Apple Music,2023-07-01,138616,0.139,6211
1078,YouTube Music,2024-01-01,66126,0.327,3627
1079,Spotify,2025-03-01,29088,0.266,1838
1079,Apple Music,2024-07-01,163982,0.161,2774
1079,YouTube Music,2025-12-01,122121,0.47,5326
1080,Spotify,2024-06-01,165761,0.382,1893
1080,Apple Music,2025-09-01,40877,0.511,2050
1080,YouTube Music,2024-10-01,128222,0.217,6254
1081,Spotify,2024-08-01,121667,0.232,6288
1081,Apple Music,2024-05-01,42859,0.538,2901
1081,YouTube Music,2025-09-01,7947,0.168,371
1082,Spotify,2024-02-01,6890,0.514,509
1082,Apple Music,2024-09-01,100460,0.525,3422
1082,YouTube Music,2025-06-01,139933,0.113,9336
1083,Spotify,2023-11-01,105536,0.124,4745
1083,Apple Music,2023-11-01,39699,0.225,1474
1083,YouTube Music,2024-05-01,120298,0.082,6046
1084,Spotify,2025-08-01,191072,0.165,14539
1084,Apple Music,2025-01-01,109063,0.546,5669
1084,YouTube Music,2023-06-01,43312,0.088,546
1085,Spotify,2025-01-01,134597,0.383,4624
1085,Apple Music,2024-11-01,125316,0.349,9734
1085,YouTube Music,2023-04-01,196220,0.15,3647
1086,Spotify,2023-07-01,124974,0.466,6567
1086,Apple Music,2025-04-01,59373,0.086,4537
1086,YouTube Music,2024-11-01,7766,0.462,496
1087,Spotify,2024-06-01,196876,0.202,12869
1087,Apple Music,2023-12-01,68375,0.453,3598
1087,YouTube Music,2025-05-01,94468,0.447,1124
1088,Spotify,2024-11-01,83258,0.392,4147
1088,Apple Music,2024-04-01,124453,0.419,5688
1088,YouTube Music,2024-06-01,113253,0.199,3731
1089,Spotify,2025-09-01,159843,0.259,5943
1089,Apple Music,2023-11-01,225366,0.246,15899
1089,YouTube Music,2025-12-01,260026,0.318,16639
1090,Spotify,2024-11-01,72330,0.516,3914
1090,Apple Music,2024-05-01,55725,0.471,1180
1090,YouTube Music,2024-08-01,134535,0.153,9357
1091,Spotify,2025-05-01,107192,0.082,4619
1091,Apple Music,2025-09-01,57652,0.495,2054
1091,YouTube Music,2025-07-01,68976,0.385,1900
1092,Spotify,2023-12-01,190665,0.487,1406
1092,Apple Music,2023-10-01,79923,0.108,6361
1092,YouTube Music,2023-01-01,51864,0.268,901
1093,Spotify,2025-04-01,110676,0.161,8736
1093,Apple Music,2025-08-01,123426,0.3,2721
1093,YouTube Music,2024-11-01,49252,0.357,1242
1094,Spotify,2023-02-01,228474,0.082,10776
1094,Apple Music,2024-01-01,98013,0.343,3071
1094,YouTube Music,2024-01-01,156446,0.408,839
1095,Spotify,2024-04-01,157577,0.344,4471
1095,Apple Music,2025-11-01,15434,0.298,383
1095,YouTube Music,2025-06-01,213993,0.467,13116
1096,Spotify,2023-03-01,42195,0.419,3077
1096,Apple Music,2023-07-01,75409,0.351,1931
1096,YouTube Music,2025-07-01,85923,0.297,2132
1097,Spotify,2023-12-01,182621,0.166,10060
1097,Apple Music,2025-12-01,15484,0.313,691
1097,YouTube Music,2024-11-01,179733,0.218,13766
1098,Spotify,2025-02-01,210535,0.099,10584
1098,Apple Music,2024-06-01,144414,0.124,5884
1098,YouTube Music,2025-01-01,93042,0.402,5270
1099,Spotify,2024-08-01,96995,0.168,6633
1099,Apple Music,2023-02-01,50150,0.198,609
1099,YouTube Music,2025-12-01,173887,0.304,13432
1100,Spotify,2023-07-01,176741,0.28,12587
1100,Apple Music,2025-08-01,8904,0.327,385
1100,YouTube Music,2024-10-01,92567,0.357,6939
1101,Spotify,2023-10-01,52592,0.471,1211
1101,Apple Music,2023-05-01,157440,0.115,9580
1101,YouTube Music,2025-09-01,72502,0.235,3709
1102,Spotify,2025-07-01,51247,0.139,2858
1102,Apple Music,2023-05-01,108666,0.458,8266
1102,YouTube Music,2023-05-01,78539,0.33,3668
1103,Spotify,2025-03-01,132974,0.52,7222
1103,Apple Music,2024-06-01,13741,0.366,318
1103,YouTube Music,2025-04-01,16587,0.148,301
1104,Spotify,2024-08-01,27074,0.142,870
1104,Apple Music,2025-06-01,107719,0.365,1055
1104,YouTube Music,2023-02-01,89175,0.432,4650
1105,Spotify,2024-10-01,179755,0.175,4931
1105,Apple Music,2025-11-01,91772,0.454,6561
1105,YouTube Music,2025-11-01,49864,0.355,2058
1106,Spotify,2023-11-01,28385,0.272,1596
1106,Apple Music,2024-02-01,143166,0.263,9115
1106,YouTube Music,2024-03-01,110421,0.156,1475
1107,Spotify,2024-04-01,210527,0.43,12597
1107,Apple Music,2024-10-01,145306,0.126,6719
1107,YouTube Music,2024-08-01,25818,0.288,1444
1108,Spotify,2025-08-01,38366,0.249,1817
1108,Apple Music,2025-12-01,102674,0.382,3179
1108,YouTube Music,2023-05-01,212209,0.118,14802
1109,Spotify,2023-03-01,71695,0.085,5672
1109,Apple Music,2024-09-01,174377,0.459,4063
1109,YouTube Music,2025-06-01,132246,0.18,9985
1110,Spotify,2024-01-01,13524,0.229,473
1110,Apple Music,2025-04-01,74704,0.102,421
1110,YouTube Music,2024-11-01,75335,0.404,4215
1111,Spotify,2024-09-01,20796,0.42,478
1111,Apple Music,2025-11-01,113977,0.115,2652
1111,YouTube Music,2024-02-01,37529,0.114,2640
1112,Spotify,2024-03-01,60951,0.256,764
1112,Apple Music,2023-06-01,31694,0.19,1721
1112,YouTube Music,2025-12-01,56407,0.442,3413
1113,Spotify,2025-11-01,27416,0.396,1212
1113,Apple Music,2025-11-01,101045,0.475,2305
1113,YouTube Music,2023-12-01,212024,0.385,12213
1114,Spotify,2025-05-01,116261,0.299,5030
1114,Apple Music,2023-06-01,185988,0.307,1574
1114,YouTube Music,2023-08-01,29205,0.408,364
1115,Spotify,2024-01-01,3024,0.284,76
1115,Apple Music,2023-04-01,206873,0.474,6009
1115,YouTube Music,2025-02-01,97077,0.255,6053
1116,Spotify,2024-07-01,156885,0.382,5041
1116,Apple Music,2024-02-01,172536,0.37,5315
1116,YouTube Music,2024-08-01,143852,0.281,1563
1117,Spotify,2025-09-01,233658,0.135,14403
1117,Apple Music,2024-07-01,136706,0.478,3149
1117,YouTube Music,2024-09-01,25038,0.269,1682
1118,Spotify,2024-02-01,78900,0.255,3320
1118,Apple Music,2024-01-01,58332,0.48,2382
1118,YouTube Music,2025-05-01,54434,0.182,2947
1119,Spotify,2024-07-01,180399,0.112,4921
1119,Apple Music,2024-11-01,51113,0.176,1092
1119,YouTube Music,2025-05-01,24828,0.295,1574
1120,Spotify,2025-04-01,54251,0.128,1026
1120,Apple Music,2023-07-01,34866,0.545,2101
1120,YouTube Music,2024-09-01,75216,0.476,2566
1121,Spotify,2023-04-01,153543,0.32,6330
1121,Apple Music,2023-05-01,112432,0.446,2512
1121,YouTube Music,2023-07-01,132701,0.401,9825
1122,Spotify,2025-03-01,179364,0.476,11194
1122,Apple Music,2025-02-01,269141,0.446,15615
1122,YouTube Music,2024-10-01,206252,0.307,1923
1123,Spotify,2024-12-01,57090,0.101,1416
1123,Apple Music,2023-03-01,159874,0.124,7312
1123,YouTube Music,2023-02-01,120820,0.306,5303
1124,Spotify,2024-11-01,122577,0.407,7716
1124,Apple Music,2025-10-01,18983,0.306,1058
1124,YouTube Music,2025-08-01,244140,0.422,13235
1125,Spotify,2024-03-01,86373,0.291,4320
1125,Apple Music,2024-06-01,30962,0.138,803
1125,YouTube Music,2025-11-01,111438,0.427,5178
1126,Spotify,2023-08-01,38052,0.499,217
1126,Apple Music,2025-06-01,65888,0.402,5061
1126,YouTube Music,2023-03-01,140952,0.125,5017
1127,Spotify,2024-03-01,168849,0.529,11390
1127,Apple Music,2024-10-01,258407,0.275,9403
1127,YouTube Music,2023-10-01,100628,0.51,4330
1128,Spotify,2025-10-01,62324,0.404,3069
1128,Apple Music,2023-02-01,15049,0.54,263
1128,YouTube Music,2024-06-01,64994,0.086,699
1129,Spotify,2023-12-01,63758,0.407,868
1129,Apple Music,2023-08-01,54205,0.137,3676
1129,YouTube Music,2023-05-01,212543,0.235,10282
1130,Spotify,2023-10-01,210392,0.106,8566
1130,Apple Music,2025-04-01,117675,0.255,7441
1130,YouTube Music,2023-11-01,109626,0.505,7292
1131,Spotify,2023-08-01,212235,0.338,14286
1131,Apple Music,2023-06-01,102855,0.182,5390
1131,YouTube Music,2025-12-01,77852,0.46,796
1132,Spotify,2025-12-01,177034,0.342,12545
1132,Apple Music,2023-12-01,87179,0.488,6307
1132,YouTube Music,2025-09-01,59071,0.271,460
1133,Spotify,2023-04-01,97840,0.361,3116
1133,Apple Music,2024-07-01,240218,0.198,5412
1133,YouTube Music,2024-10-01,72833,0.363,411
1134,Spotify,2025-01-01,117223,0.426,7401
1134,Apple Music,2025-09-01,197103,0.407,5506
1134,YouTube Music,2025-12-01,107833,0.21,6438
1135,Spotify,2024-11-01,186978,0.163,2443
1135,Apple Music,2024-07-01,49689,0.524,3698
1135,YouTube Music,2025-08-01,112146,0.492,2375
1136,Spotify,2023-02-01,69199,0.293,2827
1136,Apple Music,2025-03-01,150482,0.412,11752
1136,YouTube Music,2024-02-01,70909,0.161,1262
1137,Spotify,2023-01-01,211712,0.493,14388
1137,Apple Music,2024-06-01,130597,0.195,7837
1137,YouTube Music,2025-05-01,109139,0.124,5000
1138,Spotify,2024-03-01,73590,0.219,5732
1138,Apple Music,2023-06-01,244813,0.094,13950
1138,YouTube Music,2025-02-01,2947,0.225,105
1139,Spotify,2024-07-01,37755,0.322,2050
1139,Apple Music,2024-08-01,58204,0.457,1535
1139,YouTube Music,2023-08-01,84822,0.333,4919
1140,Spotify,2024-02-01,10618,0.47,159
1140,Apple Music,2023-07-01,212299,0.106,15539
1140,YouTube Music,2025-04-01,24545,0.466,252
1141,Spotify,2025-10-01,86460,0.37,1607
1141,Apple Music,2024-12-01,38172,0.53,883
1141,YouTube Music,2025-03-01,106533,0.392,8514
1142,Spotify,2023-10-01,50824,0.19,2302
1142,Apple Music,2023-10-01,56518,0.111,3769
1142,YouTube Music,2024-03-01,144069,0.372,3210
1143,Spotify,2024-07-01,88243,0.484,2387
1143,Apple Music,2023-04-01,160481,0.43,4054
1143,YouTube Music,2023-05-01,95316,0.333,2121
1144,Spotify,2025-07-01,59820,0.128,4592
1144,Apple Music,2024-06-01,154061,0.2,1201
1144,YouTube Music,2024-10-01,68803,0.197,3244
1145,Spotify,2023-06-01,48264,0.241,1869
1145,Apple Music,2025-11-01,8516,0.243,664
1145,YouTube Music,2024-11-01,212069,0.545,10743
1146,Spotify,2024-05-01,3034,0.281,220
1146,Apple Music,2024-07-01,95708,0.362,6504
1146,YouTube Music,2025-04-01,85849,0.295,5596
1147,Spotify,2024-03-01,1665,0.358,81
1147,Apple Music,2024-12-01,192044,0.294,14420
1147,YouTube Music,2024-07-01,268428,0.269,8937
1148,Spotify,2023-07-01,163957,0.367,3994
1148,Apple Music,2023-07-01,190964,0.409,13202
1148,YouTube Music,2023-02-01,153205,0.478,7904
1149,Spotify,2025-08-01,12233,0.181,541
1149,Apple Music,2024-12-01,32950,0.306,1050
1149,YouTube Music,2025-07-01,82471,0.239,3769
1150,Spotify,2024-10-01,8350,0.261,456
1150,Apple Music,2024-10-01,275967,0.176,15750
1150,YouTube Music,2024-06-01,280535,0.35,8296
1151,Spotify,2024-12-01,322281,0.383,20502
1151,Apple Music,2023-03-01,231958,0.188,7129
1151,YouTube Music,2025-07-01,280609,0.204,5148
1152,Spotify,2024-08-01,25211,0.41,1237
1152,Apple Music,2023-11-01,38944,0.096,574
1152,YouTube Music,2024-12-01,85736,0.49,6852
1153,Spotify,2023-11-01,68734,0.491,1894
1153,Apple Music,2025-04-01,163293,0.197,8738
1153,YouTube Music,2025-07-01,298905,0.484,20957
1154,Spotify,2023-01-01,61829,0.245,396
1154,Apple Music,2024-10-01,33534,0.146,1549
1154,YouTube Music,2023-05-01,89719,0.459,4812
1155,Spotify,2025-08-01,274233,0.484,4403
1155,Apple Music,2023-07-01,146673,0.257,5956
1155,YouTube Music,2024-04-01,108712,0.104,2127
1156,Spotify,2024-07-01,65835,0.212,3434
1156,Apple Music,2023-04-01,169785,0.257,10256
1156,YouTube Music,2023-06-01,31438,0.397,512
1157,Spotify,2025-01-01,139831,0.122,8187
1157,Apple Music,2024-05-01,156993,0.474,11216
1157,YouTube Music,2024-03-01,101383,0.496,1822
1158,Spotify,2025-01-01,96825,0.264,4392
1158,Apple Music,2025-08-01,156639,0.507,11530
1158,YouTube Music,2024-10-01,125143,0.313,7884
1159,Spotify,2025-12-01,87111,0.386,6583
1159,Apple Music,2025-08-01,77819,0.246,1499
1159,YouTube Music,2023-08-01,88927,0.489,6862
1160,Spotify,2024-03-01,110696,0.342,2889
1160,Apple Music,2023-05-01,8806,0.306,352
1160,YouTube Music,2024-08-01,167469,0.174,1945
1161,Spotify,2023-01-01,65443,0.178,3380
1161,Apple Music,2023-07-01,208151,0.348,5377
1161,YouTube Music,2025-05-01,102009,0.421,1657
1162,Spotify,2024-11-01,181892,0.195,14322
1162,Apple Music,2023-11-01,182048,0.196,13933
1162,YouTube Music,2025-11-01,47243,0.282,349
1163,Spotify,2025-12-01,5311,0.097,212
1163,Apple Music,2025-11-01,17789,0.426,1176
1163,YouTube Music,2025-09-01,123396,0.117,6169
1164,Spotify,2023-02-01,172453,0.268,4928
1164,Apple Music,2025-08-01,124042,0.497,5293
1164,YouTube Music,2024-08-01,76029,0.116,4543
1165,Spotify,2024-09-01,151543,0.32,9442
1165,Apple Music,2025-07-01,153926,0.212,6098
1165,YouTube Music,2025-03-01,126683,0.483,8556
1166,Spotify,2024-07-01,217500,0.428,12702
1166,Apple Music,2025-10-01,125418,0.355,784
1166,YouTube Music,2023-01-01,17646,0.157,396
1167,Spotify,2024-01-01,174266,0.411,7358
1167,Apple Music,2025-07-01,80467,0.306,1862
1167,YouTube Music,2023-04-01,62455,0.112,568
1168,Spotify,2024-08-01,26446,0.257,743
1168,Apple Music,2024-12-01,59727,0.358,703
1168,YouTube Music,2024-03-01,214161,0.159,8382
1169,Spotify,2023-12-01,1093,0.365,28
1169,Apple Music,2024-11-01,159021,0.419,10134
1169,YouTube Music,2025-11-01,77729,0.546,3520
1170,Spotify,2024-08-01,230423,0.271,6511
1170,Apple Music,2024-02-01,68399,0.122,1386
1170,YouTube Music,2024-04-01,160221,0.084,5071
1171,Spotify,2025-02-01,94676,0.536,5958
1171,Apple Music,2025-06-01,85245,0.372,3796
1171,YouTube Music,2024-06-01,151013,0.136,6988
1172,Spotify,2024-12-01,210216,0.107,10153
1172,Apple Music,2025-07-01,227264,0.116,4047
1172,YouTube Music,2023-07-01,88529,0.324,6332
1173,Spotify,2023-02-01,122133,0.372,2581
1173,Apple Music,2023-09-01,144057,0.33,11033
1173,YouTube Music,2025-02-01,237143,0.424,18842
1174,Spotify,2025-03-01,89983,0.169,1307
1174,Apple Music,2024-10-01,110908,0.128,5614
1174,YouTube Music,2023-10-01,152044,0.194,9462
1175,Spotify,2023-08-01,261786,0.161,11420
1175,Apple Music,2024-02-01,49973,0.545,1358
1175,YouTube Music,2024-04-01,49428,0.236,2623
1176,Spotify,2023-05-01,20087,0.231,159
1176,Apple Music,2025-02-01,63131,0.287,732
1176,YouTube Music,2025-09-01,15138,0.497,538
1177,Spotify,2025-12-01,95794,0.227,3759
1177,Apple Music,2024-02-01,107236,0.456,3154
1177,YouTube Music,2023-07-01,182882,0.166,9020
1178,Spotify,2023-07-01,254650,0.361,7790
1178,Apple Music,2023-01-01,117562,0.519,8676
1178,YouTube Music,2025-07-01,183272,0.511,11200
1179,Spotify,2025-12-01,254559,0.088,18363
1179,Apple Music,2025-02-01,196429,0.155,4666
1179,YouTube Music,2023-03-01,143354,0.276,6129
1180,Spotify,2025-07-01,184258,0.461,5838
1180,Apple Music,2024-03-01,64550,0.259,3316
1180,YouTube Music,2025-02-01,11383,0.377,480
1181,Spotify,2025-11-01,188703,0.242,4204
1181,Apple Music,2023-03-01,270474,0.525,8486
1181,YouTube Music,2023-01-01,204705,0.103,4113
1182,Spotify,2024-09-01,21008,0.391,1543
1182,Apple Music,2023-09-01,125628,0.425,3022
1182,YouTube Music,2024-06-01,199450,0.148,6227
1183,Spotify,2025-11-01,79353,0.461,2367
1183,Apple Music,2025-07-01,9615,0.149,503
1183,YouTube Music,2023-03-01,7204,0.101,334
1184,Spotify,2024-05-01,55907,0.448,3831
1184,Apple Music,2024-01-01,163039,0.268,12795
1184,YouTube Music,2025-12-01,216605,0.201,2438
1185,Spotify,2024-04-01,169539,0.285,13091
1185,Apple Music,2024-07-01,8345,0.263,434
1185,YouTube Music,2025-08-01,33347,0.343,1494
1186,Spotify,2025-10-01,254110,0.243,14559
1186,Apple Music,2024-11-01,53030,0.263,4079
1186,YouTube Music,2023-02-01,45318,0.145,2237
1187,Spotify,2024-08-01,252362,0.341,1434
1187,Apple Music,2023-10-01,149705,0.434,10882
1187,YouTube Music,2023-12-01,130955,0.319,2690
1188,Spotify,2024-12-01,183071,0.548,8973
1188,Apple Music,2024-02-01,73798,0.527,3521
1188,YouTube Music,2025-12-01,190069,0.137,7502
1189,Spotify,2025-04-01,17899,0.19,680
1189,Apple Music,2024-04-01,157106,0.124,9450
1189,YouTube Music,2023-11-01,140214,0.345,8364
1190,Spotify,2025-09-01,198872,0.084,9296
1190,Apple Music,2024-07-01,137141,0.328,8607
1190,YouTube Music,2025-11-01,216633,0.359,3793
1191,Spotify,2023-12-01,168568,0.49,2851
1191,Apple Music,2023-03-01,189224,0.437,2518
1191,YouTube Music,2025-06-01,66411,0.1,4806
1192,Spotify,2024-08-01,126079,0.22,9539
1192,Apple Music,2024-05-01,127637,0.316,6485
1192,YouTube Music,2025-05-01,109425,0.183,8537
1193,Spotify,2023-04-01,150395,0.35,4527
1193,Apple Music,2024-11-01,111308,0.118,4543
1193,YouTube Music,2025-10-01,185990,0.375,13815
1194,Spotify,2023-11-01,124033,0.413,9600
1194,Apple Music,2025-03-01,21256,0.217,945
1194,YouTube Music,2025-02-01,120315,0.437,8172
1195,Spotify,2024-10-01,190063,0.279,5720
1195,Apple Music,2025-07-01,108427,0.23,6783
1195,YouTube Music,2025-07-01,109150,0.367,4152
1196,Spotify,2025-04-01,85457,0.084,5612
1196,Apple Music,2023-07-01,114872,0.465,1100
1196,YouTube Music,2025-08-01,66083,0.12,3980
1197,Spotify,2023-09-01,202950,0.161,5288
1197,Apple Music,2025-10-01,93039,0.452,1965
1197,YouTube Music,2025-09-01,48275,0.273,418
1198,Spotify,2025-09-01,71223,0.406,5457
1198,Apple Music,2024-09-01,8976,0.453,177
1198,YouTube Music,2024-12-01,1527,0.482,107
1199,Spotify,2025-08-01,65529,0.494,2289
1199,Apple Music,2023-06-01,37793,0.233,961
1199,YouTube Music,2024-08-01,74542,0.499,601
1200,Spotify,2025-03-01,95902,0.468,3377
1200,Apple Music,2024-12-01,115018,0.376,7039
1200,YouTube Music,2023-12-01,92613,0.11,4625
1201,Spotify,2025-11-01,180477,0.244,6918
1201,Apple Music,2023-06-01,52240,0.251,428
1201,YouTube Music,2025-04-01,104415,0.479,5604
1202,Spotify,2024-06-01,138847,0.089,5871
1202,Apple Music,2024-05-01,127561,0.51,4333
1202,YouTube Music,2025-05-01,78549,0.254,3206
1203,Spotify,2023-08-01,95110,0.081,4478
1203,Apple Music,2025-02-01,76877,0.447,3628
1203,YouTube Music,2023-03-01,176092,0.294,5828
1204,Spotify,2024-10-01,181706,0.21,2216
1204,Apple Music,2024-10-01,43959,0.396,1635
1204,YouTube Music,2025-11-01,129160,0.437,8007
1205,Spotify,2024-06-01,106206,0.304,4035
1205,Apple Music,2023-06-01,126698,0.354,982
1205,YouTube Music,2025-04-01,84430,0.368,4529
1206,Spotify,2025-08-01,218494,0.185,13642
1206,Apple Music,2025-03-01,189307,0.238,6775
1206,YouTube Music,2025-01-01,46241,0.47,1152
1207,Spotify,2023-06-01,133634,0.526,3083
1207,Apple Music,2023-11-01,56571,0.298,813
1207,YouTube Music,2024-08-01,11268,0.526,600
1208,Spotify,2025-02-01,76168,0.369,1882
1208,Apple Music,2024-06-01,165946,0.332,2491
1208,YouTube Music,2023-06-01,169749,0.238,4089
1209,Spotify,2023-07-01,84856,0.424,3528
1209,Apple Music,2025-11-01,140093,0.385,5613
1209,YouTube Music,2024-06-01,73802,0.485,3338
1210,Spotify,2024-08-01,117846,0.444,7216
1210,Apple Music,2025-02-01,227423,0.471,7313
1210,YouTube Music,2025-05-01,179621,0.101,11505
1211,Spotify,2023-04-01,195557,0.445,6999
1211,Apple Music,2024-01-01,242022,0.45,12792
1211,YouTube Music,2025-08-01,64304,0.128,2252
1212,Spotify,2025-10-01,204875,0.2,16068
1212,Apple Music,2024-02-01,158617,0.459,9043
1212,YouTube Music,2023-09-01,147644,0.23,4503
1213,Spotify,2024-01-01,174267,0.521,5744
1213,Apple Music,2023-01-01,35164,0.17,2350
1213,YouTube Music,2023-02-01,22493,0.369,165
1214,Spotify,2025-05-01,144235,0.522,5697
1214,Apple Music,2023-09-01,123939,0.335,7133
1214,YouTube Music,2023-02-01,81480,0.126,5930
1215,Spotify,2025-09-01,251828,0.352,16002
1215,Apple Music,2023-07-01,162348,0.269,3855
1215,YouTube Music,2024-12-01,179347,0.253,9960
1216,Spotify,2023-03-01,160420,0.101,1497
1216,Apple Music,2023-04-01,157757,0.207,1798
1216,YouTube Music,2023-05-01,117646,0.434,5988
1217,Spotify,2023-08-01,41572,0.3,2880
1217,Apple Music,2025-04-01,164664,0.369,6161
1217,YouTube Music,2024-02-01,89989,0.443,4281
1218,Spotify,2025-01-01,175406,0.533,3455
1218,Apple Music,2024-11-01,145091,0.294,8570
1218,YouTube Music,2023-09-01,150257,0.344,2479
1219,Spotify,2025-07-01,63884,0.241,4864
1219,Apple Music,2024-12-01,83905,0.301,4140
1219,YouTube Music,2024-07-01,16287,0.318,1014
1220,Spotify,2023-03-01,132264,0.461,7329
1220,Apple Music,2023-07-01,19460,0.389,567
1220,YouTube Music,2025-10-01,29997,0.355,1926
1221,Spotify,2024-06-01,50882,0.461,3555
1221,Apple Music,2024-12-01,163818,0.376,4171
1221,YouTube Music,2024-02-01,51603,0.403,1484
1222,Spotify,2025-12-01,32452,0.455,1835
1222,Apple Music,2025-01-01,76873,0.26,2979
1222,YouTube Music,2025-11-01,181151,0.107,8413
1223,Spotify,2025-07-01,122163,0.359,4683
1223,Apple Music,2024-08-01,132351,0.127,8390
1223,YouTube Music,2023-05-01,20596,0.395,359
1224,Spotify,2023-02-01,193727,0.173,5671
1224,Apple Music,2024-01-01,27025,0.159,554
1224,YouTube Music,2024-08-01,41469,0.306,2626
1225,Spotify,2025-11-01,105195,0.349,8347
1225,Apple Music,2024-07-01,134953,0.537,3075
1225,YouTube Music,2025-08-01,47715,0.255,1967
1226,Spotify,2023-08-01,236010,0.379,4464
1226,Apple Music,2024-09-01,32267,0.336,2207
1226,YouTube Music,2025-04-01,16036,0.128,549
1227,Spotify,2024-11-01,11436,0.469,195
1227,Apple Music,2024-02-01,110652,0.201,4116
1227,YouTube Music,2025-04-01,180829,0.269,5283
1228,Spotify,2025-01-01,193692,0.262,14212
1228,Apple Music,2023-05-01,182885,0.433,9763
1228,YouTube Music,2025-08-01,34820,0.391,473
1229,Spotify,2024-09-01,149282,0.34,9002
1229,Apple Music,2025-07-01,129790,0.267,5952
1229,YouTube Music,2024-04-01,167849,0.297,3044
1230,Spotify,2023-06-01,25116,0.38,875
1230,Apple Music,2024-10-01,56902,0.082,1028
1230,YouTube Music,2024-06-01,314678,0.092,18278
1231,Spotify,2025-04-01,97039,0.147,6620
1231,Apple Music,2025-05-01,79855,0.253,1781
1231,YouTube Music,2024-06-01,73821,0.372,826
1232,Spotify,2024-05-01,133732,0.458,9206
1232,Apple Music,2025-12-01,144482,0.257,3081
1232,YouTube Music,2024-01-01,95341,0.492,5728
1233,Spotify,2025-06-01,25299,0.335,485
1233,Apple Music,2025-10-01,128797,0.378,7468
1233,YouTube Music,2025-08-01,5916,0.239,366
1234,Spotify,2025-01-01,35111,0.312,2432
1234,Apple Music,2023-10-01,50056,0.273,1946
1234,YouTube Music,2024-01-01,81097,0.199,6079
1235,Spotify,2023-11-01,89355,0.264,4071
1235,Apple Music,2024-09-01,225678,0.231,5174
1235,YouTube Music,2024-08-01,71300,0.342,4441
1236,Spotify,2024-05-01,193700,0.285,1849
1236,Apple Music,2025-10-01,70212,0.523,3805
1236,YouTube Music,2023-11-01,242318,0.378,16514
1237,Spotify,2024-10-01,187433,0.101,4111
1237,Apple Music,2024-05-01,165851,0.42,6441
1237,YouTube Music,2025-01-01,93626,0.08,4279
1238,Spotify,2023-02-01,181825,0.49,6892
1238,Apple Music,2024-05-01,146237,0.242,945
1238,YouTube Music,2025-06-01,56278,0.294,3571
1239,Spotify,2023-02-01,225205,0.22,9188
1239,Apple Music,2024-05-01,28591,0.528,1378
1239,YouTube Music,2024-08-01,144471,0.397,4526
1240,Spotify,2024-11-01,52851,0.451,865
1240,Apple Music,2025-01-01,168529,0.318,4234
1240,YouTube Music,2025-07-01,220444,0.085,9492
1241,Spotify,2024-07-01,219372,0.429,1284
1241,Apple Music,2025-12-01,263376,0.361,19532
1241,YouTube Music,2025-08-01,108319,0.324,8108
1242,Spotify,2024-08-01,13184,0.485,939
1242,Apple Music,2025-10-01,192786,0.099,10423
1242,YouTube Music,2023-12-01,113838,0.185,4568
1243,Spotify,2023-08-01,323931,0.113,20698
1243,Apple Music,2025-07-01,225807,0.248,3330
1243,YouTube Music,2025-03-01,50029,0.453,1776
1244,Spotify,2023-01-01,69855,0.189,3934
1244,Apple Music,2024-07-01,35328,0.357,785
1244,YouTube Music,2024-10-01,8160,0.463,585
1245,Spotify,2025-06-01,83626,0.4,432
1245,Apple Music,2024-06-01,151102,0.24,6848
1245,YouTube Music,2023-08-01,43298,0.122,1859
1246,Spotify,2024-05-01,244597,0.096,8240
1246,Apple Music,2024-06-01,186024,0.341,4938
1246,YouTube Music,2025-01-01,56013,0.532,2934
1247,Spotify,2023-09-01,60832,0.245,1723
1247,Apple Music,2024-03-01,2180,0.538,77
1247,YouTube Music,2024-09-01,96206,0.094,4500
1248,Spotify,2025-03-01,164897,0.29,5732
1248,Apple Music,2023-04-01,10797,0.357,159
1248,YouTube Music,2025-12-01,27277,0.096,1976
1249,Spotify,2025-10-01,97666,0.533,7245
1249,Apple Music,2024-03-01,152947,0.461,7255
1249,YouTube Music,2024-03-01,150080,0.468,8625
1250,Spotify,2023-08-01,93160,0.455,1679
1250,Apple Music,2023-04-01,200891,0.226,2734
1250,YouTube Music,2024-01-01,64739,0.335,2783
1251,Spotify,2024-05-01,5550,0.41,102
1251,Apple Music,2025-03-01,108044,0.151,712
1251,YouTube Music,2024-06-01,234655,0.434,2621
1252,Spotify,2025-08-01,80067,0.208,2792
1252,Apple Music,2024-07-01,143759,0.486,1453
1252,YouTube Music,2023-02-01,96073,0.299,5165
1253,Spotify,2024-05-01,84575,0.4,4045
1253,Apple Music,2023-08-01,58638,0.188,3465
1253,YouTube Music,2023-04-01,189165,0.241,11372
1254,Spotify,2023-04-01,4587,0.255,350
1254,Apple Music,2023-07-01,205186,0.267,11909
1254,YouTube Music,2025-03-01,17037,0.486,513
1255,Spotify,2025-09-01,53339,0.308,1338
1255,Apple Music,2023-02-01,99246,0.127,5217
1255,YouTube Music,2025-08-01,79497,0.13,2974
1256,Spotify,2025-03-01,185669,0.37,5807
1256,Apple Music,2025-06-01,13193,0.344,609
1256,YouTube Music,2024-01-01,38038,0.411,2956
1257,Spotify,2025-06-01,97468,0.48,5998
1257,Apple Music,2025-06-01,143168,0.507,4406
1257,YouTube Music,2025-11-01,131355,0.116,8954
1258,Spotify,2024-06-01,119126,0.363,9294
1258,Apple Music,2024-03-01,142475,0.484,11343
1258,YouTube Music,2024-03-01,107613,0.3,2460
1259,Spotify,2025-04-01,107013,0.363,4685
1259,Apple Music,2024-12-01,184098,0.221,8861
1259,YouTube Music,2024-08-01,133685,0.514,5022
1260,Spotify,2024-04-01,72648,0.201,1405
1260,Apple Music,2024-09-01,264237,0.484,13660
1260,YouTube Music,2024-02-01,140621,0.538,4672
1261,Spotify,2023-09-01,143349,0.434,9870
1261,Apple Music,2025-01-01,253589,0.472,12933
1261,YouTube Music,2024-03-01,69096,0.331,442
1262,Spotify,2025-01-01,100430,0.486,7740
1262,Apple Music,2024-12-01,188724,0.215,9456
1262,YouTube Music,2023-07-01,122123,0.305,1777
1263,Spotify,2023-06-01,146916,0.535,9916
1263,Apple Music,2025-04-01,95886,0.514,2067
1263,YouTube Music,2025-01-01,20007,0.12,1536
1264,Spotify,2025-02-01,32331,0.15,747
1264,Apple Music,2023-05-01,212705,0.465,7380
1264,YouTube Music,2023-01-01,177919,0.234,8516
1265,Spotify,2023-04-01,139967,0.205,10340
1265,Apple Music,2024-03-01,101480,0.543,2584
1265,YouTube Music,2025-06-01,47976,0.38,3241
1266,Spotify,2024-02-01,170262,0.275,9707
1266,Apple Music,2023-07-01,88317,0.36,5672
1266,YouTube Music,2024-06-01,53994,0.299,3426
1267,Spotify,2023-10-01,2706,0.175,136
1267,Apple Music,2024-07-01,12761,0.379,477
1267,YouTube Music,2024-09-01,24012,0.383,662
1268,Spotify,2024-11-01,122181,0.427,3588
1268,Apple Music,2023-07-01,17521,0.214,930
1268,YouTube Music,2023-12-01,178400,0.147,10329
1269,Spotify,2025-04-01,121463,0.251,8469
1269,Apple Music,2024-10-01,150114,0.529,8450
1269,YouTube Music,2025-10-01,5352,0.481,323
1270,Spotify,2024-09-01,61862,0.404,1119
1270,Apple Music,2025-02-01,170267,0.295,4019
1270,YouTube Music,2024-04-01,55459,0.519,1244
1271,Spotify,2023-07-01,221461,0.399,1945
1271,Apple Music,2024-05-01,70439,0.164,1900
1271,YouTube Music,2024-03-01,7283,0.333,140
1272,Spotify,2023-07-01,14088,0.243,412
1272,Apple Music,2023-08-01,11496,0.466,339
1272,YouTube Music,2024-01-01,159058,0.525,4663
1273,Spotify,2023-05-01,212329,0.205,16949
1273,Apple Music,2024-06-01,35936,0.384,2031
1273,YouTube Music,2024-06-01,101866,0.117,5251
1274,Spotify,2023-08-01,20623,0.189,1341
1274,Apple Music,2025-06-01,114945,0.123,2725
1274,YouTube Music,2024-10-01,6147,0.429,366
1275,Spotify,2024-02-01,91138,0.538,4669
1275,Apple Music,2024-02-01,106744,0.483,3048
1275,YouTube Music,2025-11-01,109480,0.188,8420
1276,Spotify,2024-02-01,48539,0.273,306
1276,Apple Music,2025-09-01,204859,0.477,2167
1276,YouTube Music,2024-03-01,176012,0.526,6590
1277,Spotify,2023-06-01,3875,0.08,146
1277,Apple Music,2025-07-01,11086,0.106,560
1277,YouTube Music,2024-08-01,169424,0.394,6184
1278,Spotify,2024-01-01,20435,0.402,1163
1278,Apple Music,2023-02-01,109697,0.44,860
1278,YouTube Music,2023-12-01,94547,0.276,1153
1279,Spotify,2025-09-01,66426,0.308,2890
1279,Apple Music,2024-11-01,29452,0.177,768
1279,YouTube Music,2024-09-01,31498,0.194,1393
1280,Spotify,2025-06-01,152501,0.425,1775
1280,Apple Music,2023-11-01,150424,0.102,4706
1280,YouTube Music,2025-03-01,160004,0.547,9905
1281,Spotify,2023-12-01,108897,0.326,642
1281,Apple Music,2025-02-01,114871,0.081,6073
1281,YouTube Music,2025-04-01,212602,0.486,8197
1282,Spotify,2025-04-01,111720,0.277,707
1282,Apple Music,2023-01-01,235965,0.447,18159
1282,YouTube Music,2025-10-01,122550,0.528,5396
1283,Spotify,2024-05-01,230346,0.254,12234
1283,Apple Music,2024-07-01,180407,0.273,12967
1283,YouTube Music,2025-09-01,121233,0.097,4559
1284,Spotify,2024-08-01,199727,0.255,14006
1284,Apple Music,2024-11-01,22935,0.223,856
1284,YouTube Music,2024-04-01,204100,0.466,4192
1285,Spotify,2024-04-01,168369,0.103,8744
1285,Apple Music,2024-09-01,210390,0.088,1562
1285,YouTube Music,2024-12-01,96438,0.436,2029
1286,Spotify,2023-07-01,136696,0.194,7624
1286,Apple Music,2023-07-01,157983,0.306,7803
1286,YouTube Music,2023-02-01,29393,0.337,1631
1287,Spotify,2024-06-01,36518,0.107,2795
1287,Apple Music,2025-01-01,68978,0.107,2114
1287,YouTube Music,2025-09-01,186353,0.418,10237
1288,Spotify,2023-09-01,63007,0.313,3297
1288,Apple Music,2023-01-01,145865,0.226,1794
1288,YouTube Music,2023-11-01,68431,0.443,1618
1289,Spotify,2024-03-01,13130,0.353,352
1289,Apple Music,2024-12-01,159206,0.52,12568
1289,YouTube Music,2025-07-01,181404,0.286,8636
1290,Spotify,2025-10-01,115493,0.274,3933
1290,Apple Music,2024-03-01,158873,0.249,7012
1290,YouTube Music,2024-01-01,38662,0.293,1142
1291,Spotify,2024-01-01,1434,0.197,21
1291,Apple Music,2023-03-01,100969,0.3,6965
1291,YouTube Music,2023-05-01,80255,0.253,3795
1292,Spotify,2025-01-01,36978,0.48,645
1292,Apple Music,2025-02-01,74734,0.269,617
1292,YouTube Music,2024-05-01,44296,0.14,1972
1293,Spotify,2023-07-01,151016,0.096,7062
1293,Apple Music,2025-05-01,22138,0.303,1125
1293,YouTube Music,2024-12-01,78406,0.087,1333
1294,Spotify,2023-12-01,129933,0.332,8800
1294,Apple Music,2024-06-01,17966,0.297,712
1294,YouTube Music,2023-09-01,10660,0.115,721
1295,Spotify,2025-02-01,10680,0.259,358
1295,Apple Music,2025-07-01,88577,0.364,2093
1295,YouTube Music,2023-09-01,2243,0.092,87
1296,Spotify,2025-10-01,194167,0.138,2455
1296,Apple Music,2025-11-01,41321,0.478,1379
1296,YouTube Music,2025-09-01,139593,0.223,5788
1297,Spotify,2023-05-01,222724,0.216,17297
1297,Apple Music,2023-02-01,20412,0.173,208
1297,YouTube Music,2024-02-01,174559,0.227,13294
1298,Spotify,2024-10-01,224077,0.154,11811
1298,Apple Music,2024-07-01,140832,0.227,1111
1298,YouTube Music,2024-08-01,979,0.209,8
1299,Spotify,2023-02-01,26136,0.464,1029
1299,Apple Music,2024-05-01,5704,0.203,373
1299,YouTube Music,2024-11-01,89992,0.525,1479
1300,Spotify,2024-01-01,144202,0.452,5641
1300,Apple Music,2024-10-01,54638,0.547,2116
1300,YouTube Music,2023-10-01,189441,0.513,8410
1301,Spotify,2025-10-01,57558,0.13,1275
1301,Apple Music,2024-02-01,65062,0.463,2299
1301,YouTube Music,2024-06-01,2117,0.088,37
1302,Spotify,2024-08-01,84270,0.41,3938
1302,Apple Music,2023-09-01,98700,0.402,761
1302,YouTube Music,2023-03-01,165370,0.236,5874
1303,Spotify,2023-01-01,79463,0.098,5945
1303,Apple Music,2025-05-01,78915,0.527,2762
1303,YouTube Music,2025-10-01,151683,0.379,7400
1304,Spotify,2025-04-01,79251,0.323,3173
1304,Apple Music,2024-08-01,137151,0.092,1236
1304,YouTube Music,2023-11-01,1914,0.289,145
1305,Spotify,2023-01-01,124924,0.507,6204
1305,Apple Music,2024-02-01,130574,0.132,9319
1305,YouTube Music,2023-05-01,184414,0.279,1642
1306,Spotify,2024-02-01,131898,0.513,3311
1306,Apple Music,2023-04-01,94047,0.358,3628
1306,YouTube Music,2025-07-01,73947,0.324,4050
1307,Spotify,2025-02-01,249861,0.256,4280
1307,Apple Music,2023-06-01,159907,0.092,3331
1307,YouTube Music,2024-10-01,86576,0.492,5349
1308,Spotify,2024-06-01,233420,0.354,7902
1308,Apple Music,2025-08-01,69849,0.417,5363
1308,YouTube Music,2023-10-01,221151,0.191,17600
1309,Spotify,2025-08-01,100696,0.406,1672
1309,Apple Music,2025-09-01,232704,0.517,4585
1309,YouTube Music,2025-04-01,120271,0.257,3574
1310,Spotify,2025-08-01,145836,0.305,9611
1310,Apple Music,2023-05-01,149288,0.41,11842
1310,YouTube Music,2025-07-01,139565,0.138,8706
1311,Spotify,2025-11-01,189516,0.282,6139
1311,Apple Music,2025-03-01,35266,0.188,1021
1311,YouTube Music,2023-07-01,50293,0.137,765
1312,Spotify,2024-05-01,283125,0.342,5407
1312,Apple Music,2025-10-01,121955,0.178,6029
1312,YouTube Music,2025-11-01,114509,0.521,6263
1313,Spotify,2025-12-01,105368,0.082,7433
1313,Apple Music,2023-12-01,71520,0.142,4088
1313,YouTube Music,2023-06-01,237620,0.267,14507
1314,Spotify,2024-01-01,89267,0.472,4787
1314,Apple Music,2023-11-01,265442,0.263,2394
1314,YouTube Music,2025-01-01,32810,0.454,437
1315,Spotify,2025-08-01,34541,0.279,1248
1315,Apple Music,2025-10-01,69548,0.45,5396
1315,YouTube Music,2023-01-01,219243,0.145,2538
1316,Spotify,2023-09-01,15391,0.341,238
1316,Apple Music,2023-11-01,95868,0.256,4598
1316,YouTube Music,2024-08-01,247279,0.509,16442
1317,Spotify,2024-11-01,31226,0.518,328
1317,Apple Music,2024-11-01,77429,0.312,5549
1317,YouTube Music,2024-06-01,76176,0.274,5528
1318,Spotify,2023-09-01,200247,0.365,2900
1318,Apple Music,2023-09-01,126862,0.146,4541
1318,YouTube Music,2024-02-01,265766,0.466,3751
1319,Spotify,2023-03-01,197598,0.538,4297
1319,Apple Music,2024-10-01,52611,0.439,2986
1319,YouTube Music,2025-10-01,66498,0.169,4886
1320,Spotify,2023-03-01,18693,0.297,477
1320,Apple Music,2025-04-01,75587,0.393,4420
1320,YouTube Music,2025-03-01,157182,0.241,10080
1321,Spotify,2023-07-01,214236,0.458,15717
1321,Apple Music,2025-10-01,149607,0.354,7536
1321,YouTube Music,2023-10-01,110626,0.158,2100
1322,Spotify,2024-04-01,137199,0.201,7722
1322,Apple Music,2024-09-01,231239,0.44,13810
1322,YouTube Music,2023-04-01,39847,0.495,421
1323,Spotify,2023-06-01,13348,0.091,775
1323,Apple Music,2025-06-01,162558,0.12,4884
1323,YouTube Music,2025-07-01,188166,0.447,1728
1324,Spotify,2025-01-01,244831,0.447,10968
1324,Apple Music,2023-12-01,61602,0.351,3487
1324,YouTube Music,2023-02-01,184097,0.263,4170
1325,Spotify,2025-01-01,98536,0.421,3425
1325,Apple Music,2025-01-01,50778,0.232,1384
1325,YouTube Music,2025-08-01,54485,0.242,2802
1326,Spotify,2025-04-01,155559,0.419,12096
1326,Apple Music,2024-06-01,205420,0.539,14164
1326,YouTube Music,2025-08-01,20700,0.382,330
1327,Spotify,2023-07-01,86018,0.115,3523
1327,Apple Music,2024-07-01,96893,0.414,3577
1327,YouTube Music,2024-09-01,185020,0.283,2360
1328,Spotify,2023-09-01,95285,0.155,1962
1328,Apple Music,2025-12-01,11960,0.529,88
1328,YouTube Music,2025-09-01,44511,0.158,1066
1329,Spotify,2023-02-01,40972,0.185,2998
1329,Apple Music,2023-02-01,14402,0.401,635
1329,YouTube Music,2024-05-01,53813,0.188,1991
1330,Spotify,2023-02-01,144648,0.166,5843
1330,Apple Music,2025-08-01,173571,0.091,4707
1330,YouTube Music,2023-08-01,86850,0.113,4875
1331,Spotify,2024-06-01,196504,0.438,4067
1331,Apple Music,2024-02-01,15969,0.424,471
1331,YouTube Music,2023-01-01,220513,0.089,7113
1332,Spotify,2024-12-01,117344,0.223,5319
1332,Apple Music,2023-01-01,30081,0.492,619
1332,YouTube Music,2023-06-01,58328,0.548,880
1333,Spotify,2025-04-01,9399,0.387,209
1333,Apple Music,2024-04-01,169539,0.147,11265
1333,YouTube Music,2024-10-01,120095,0.176,1633
1334,Spotify,2023-07-01,49249,0.343,3439
1334,Apple Music,2024-10-01,193536,0.138,13163
1334,YouTube Music,2023-04-01,132196,0.301,7363
1335,Spotify,2024-02-01,71780,0.199,1857
1335,Apple Music,2024-01-01,5627,0.285,139
1335,YouTube Music,2024-09-01,10331,0.215,662
1336,Spotify,2024-05-01,6621,0.423,80
1336,Apple Music,2025-01-01,43520,0.274,2480
1336,YouTube Music,2024-01-01,135356,0.125,4317
1337,Spotify,2025-07-01,200527,0.459,10256
1337,Apple Music,2023-12-01,32667,0.443,462
1337,YouTube Music,2023-11-01,89430,0.408,5117
1338,Spotify,2023-08-01,197901,0.232,13419
1338,Apple Music,2024-12-01,181766,0.223,5678
1338,YouTube Music,2024-03-01,21293,0.48,595
1339,Spotify,2023-02-01,111783,0.398,5554
1339,Apple Music,2024-06-01,20250,0.235,342
1339,YouTube Music,2025-09-01,161476,0.472,6414
1340,Spotify,2024-05-01,163108,0.269,3519
1340,Apple Music,2024-09-01,161164,0.536,1046
1340,YouTube Music,2025-07-01,107389,0.437,4329
1341,Spotify,2023-03-01,23249,0.479,655
1341,Apple Music,2024-12-01,223456,0.183,17160
1341,YouTube Music,2023-06-01,93126,0.251,6606
1342,Spotify,2024-08-01,246991,0.345,9440
1342,Apple Music,2023-08-01,183592,0.481,2390
1342,YouTube Music,2024-08-01,199184,0.185,11582
1343,Spotify,2025-02-01,149935,0.288,3562
1343,Apple Music,2024-09-01,32870,0.08,1569
1343,YouTube Music,2023-06-01,161867,0.526,10496
1344,Spotify,2023-04-01,235212,0.159,3227
1344,Apple Music,2023-09-01,122350,0.36,4061
1344,YouTube Music,2023-11-01,49918,0.283,3051
1345,Spotify,2025-04-01,157784,0.497,7731
1345,Apple Music,2023-12-01,2839,0.513,73
1345,YouTube Music,2025-08-01,38864,0.423,1862
1346,Spotify,2023-11-01,201993,0.477,2928
1346,Apple Music,2023-04-01,105412,0.519,7740
1346,YouTube Music,2025-06-01,165281,0.432,11758
1347,Spotify,2025-10-01,42824,0.425,3307
1347,Apple Music,2024-04-01,139855,0.386,6427
1347,YouTube Music,2025-01-01,163506,0.407,1444
1348,Spotify,2025-10-01,136090,0.191,6675
1348,Apple Music,2024-05-01,210690,0.523,11379
1348,YouTube Music,2024-05-01,88846,0.503,4838
1349,Spotify,2023-12-01,38538,0.1,1357
1349,Apple Music,2024-11-01,98863,0.381,7362
1349,YouTube Music,2025-02-01,60073,0.292,1898
1350,Spotify,2023-06-01,187483,0.52,11253
1350,Apple Music,2025-06-01,181651,0.322,13454
1350,YouTube Music,2024-10-01,194784,0.485,11795
1351,Spotify,2024-08-01,234968,0.534,7587
1351,Apple Music,2024-11-01,167390,0.513,7074
1351,YouTube Music,2023-05-01,122475,0.304,3454
1352,Spotify,2023-08-01,146576,0.475,8355
1352,Apple Music,2024-07-01,206084,0.459,14016
1352,YouTube Music,2024-11-01,33361,0.402,2318
1353,Spotify,2023-07-01,8527,0.081,367
1353,Apple Music,2025-06-01,137285,0.17,8053
1353,YouTube Music,2025-10-01,60259,0.505,2148
1354,Spotify,2023-12-01,78703,0.341,4419
1354,Apple Music,2025-07-01,46348,0.44,3575
1354,YouTube Music,2025-12-01,76222,0.296,2173
1355,Spotify,2024-10-01,134608,0.214,5221
1355,Apple Music,2024-08-01,181120,0.146,2643
1355,YouTube Music,2023-10-01,130022,0.279,6621
1356,Spotify,2024-01-01,94478,0.228,2914
1356,Apple Music,2023-04-01,38971,0.273,1569
1356,YouTube Music,2024-10-01,182938,0.205,13720
1357,Spotify,2023-02-01,111097,0.456,1481
1357,Apple Music,2025-03-01,197975,0.516,9855
1357,YouTube Music,2024-06-01,181946,0.435,1104
1358,Spotify,2023-03-01,10552,0.27,769
1358,Apple Music,2024-07-01,203148,0.388,10649
1358,YouTube Music,2025-01-01,90911,0.342,2859
1359,Spotify,2025-06-01,69315,0.232,5231
1359,Apple Music,2024-01-01,12156,0.272,704
1359,YouTube Music,2025-05-01,144524,0.441,7288
1360,Spotify,2023-10-01,53747,0.144,1921
1360,Apple Music,2023-01-01,220556,0.204,14724
1360,YouTube Music,2025-07-01,123951,0.429,2889
1361,Spotify,2024-10-01,226686,0.465,3549
1361,Apple Music,2025-08-01,4599,0.402,74
1361,YouTube Music,2024-10-01,135124,0.398,4733
1362,Spotify,2025-02-01,10835,0.521,429
1362,Apple Music,2025-04-01,108416,0.161,995
1362,YouTube Music,2024-03-01,65821,0.096,2483
1363,Spotify,2023-11-01,31414,0.422,1455
1363,Apple Music,2025-02-01,78688,0.464,3864
1363,YouTube Music,2025-10-01,225360,0.352,7514
1364,Spotify,2024-02-01,33795,0.48,737
1364,Apple Music,2025-03-01,38277,0.276,2677
1364,YouTube Music,2024-03-01,42705,0.387,1637
1365,Spotify,2024-08-01,151509,0.228,7807
1365,Apple Music,2025-03-01,217399,0.498,13956
1365,YouTube Music,2025-12-01,17462,0.151,994
1366,Spotify,2023-07-01,244612,0.531,19217
1366,Apple Music,2025-07-01,171771,0.504,4191
1366,YouTube Music,2024-08-01,106183,0.232,6429
1367,Spotify,2023-11-01,86884,0.347,5767
1367,Apple Music,2025-11-01,149582,0.527,5683
1367,YouTube Music,2024-04-01,91656,0.55,1674
1368,Spotify,2025-09-01,134775,0.407,5417
1368,Apple Music,2025-05-01,55690,0.082,3189
1368,YouTube Music,2023-07-01,108698,0.3,6865
1369,Spotify,2024-03-01,20498,0.369,871
1369,Apple Music,2025-03-01,141238,0.267,1355
1369,YouTube Music,2025-02-01,172384,0.149,6047
1370,Spotify,2023-01-01,220602,0.257,3080
1370,Apple Music,2024-01-01,82621,0.312,4412
1370,YouTube Music,2023-04-01,91087,0.417,4163
1371,Spotify,2024-08-01,24242,0.533,851
1371,Apple Music,2025-09-01,197796,0.379,3130
1371,YouTube Music,2024-03-01,67656,0.494,4199
1372,Spotify,2025-05-01,177289,0.192,5847
1372,Apple Music,2025-02-01,29072,0.452,330
1372,YouTube Music,2024-01-01,183895,0.203,1191
1373,Spotify,2025-11-01,160842,0.081,7009
1373,Apple Music,2023-08-01,115111,0.502,3744
1373,YouTube Music,2024-01-01,146298,0.421,1332
1374,Spotify,2024-12-01,84440,0.28,3892
1374,Apple Music,2024-07-01,161970,0.293,2652
1374,YouTube Music,2023-10-01,32189,0.234,323
1375,Spotify,2024-09-01,630,0.3,41
1375,Apple Music,2023-03-01,236425,0.421,1391
1375,YouTube Music,2025-04-01,131989,0.346,2278
1376,Spotify,2025-03-01,268348,0.163,2990
1376,Apple Music,2025-08-01,262337,0.301,19107
1376,YouTube Music,2024-11-01,101341,0.397,5477
1377,Spotify,2025-08-01,96388,0.278,4783
1377,Apple Music,2023-07-01,232540,0.471,4075
1377,YouTube Music,2025-11-01,252481,0.369,15312
1378,Spotify,2024-12-01,43972,0.119,1157
1378,Apple Music,2025-06-01,71355,0.098,4602
1378,YouTube Music,2025-04-01,39978,0.548,914
1379,Spotify,2025-11-01,148925,0.454,5161
1379,Apple Music,2024-01-01,170793,0.331,10378
1379,YouTube Music,2024-05-01,138390,0.313,1609
1380,Spotify,2025-12-01,188052,0.456,8287
1380,Apple Music,2025-01-01,114295,0.117,2910
1380,YouTube Music,2025-07-01,113255,0.529,7335
1381,Spotify,2024-05-01,43942,0.101,1391
1381,Apple Music,2023-03-01,71155,0.37,3332
1381,YouTube Music,2024-12-01,69907,0.194,1111
1382,Spotify,2023-12-01,161482,0.504,1903
1382,Apple Music,2025-05-01,167362,0.406,1725
1382,YouTube Music,2025-12-01,156462,0.502,7936
1383,Spotify,2024-10-01,117798,0.465,1263
1383,Apple Music,2025-08-01,113378,0.393,1011
1383,YouTube Music,2025-01-01,277524,0.386,15815
1384,Spotify,2024-05-01,197309,0.153,10703
1384,Apple Music,2023-01-01,49694,0.535,2094
1384,YouTube Music,2025-09-01,138913,0.219,9302
1385,Spotify,2025-03-01,206899,0.338,2616
1385,Apple Music,2025-05-01,27305,0.458,1100
1385,YouTube Music,2023-05-01,237720,0.212,6627
1386,Spotify,2024-12-01,63836,0.52,4907
1386,Apple Music,2023-02-01,233605,0.401,18454
1386,YouTube Music,2025-01-01,87905,0.295,3729
1387,Spotify,2023-07-01,86539,0.148,5833
1387,Apple Music,2025-09-01,185789,0.474,9563
1387,YouTube Music,2024-08-01,239830,0.357,10943
1388,Spotify,2024-05-01,102091,0.235,2485
1388,Apple Music,2023-12-01,21077,0.082,1556
1388,YouTube Music,2023-12-01,255843,0.542,9260
1389,Spotify,2024-11-01,143087,0.284,8177
1389,Apple Music,2023-09-01,28874,0.353,688
1389,YouTube Music,2025-05-01,155288,0.152,4023
1390,Spotify,2025-06-01,101399,0.194,5973
1390,Apple Music,2024-09-01,112108,0.497,8810
1390,YouTube Music,2023-08-01,112039,0.142,8304
1391,Spotify,2023-06-01,11319,0.238,270
1391,Apple Music,2024-11-01,63391,0.097,3676
1391,YouTube Music,2025-03-01,89579,0.105,6071
1392,Spotify,2024-11-01,252311,0.507,2537
1392,Apple Music,2024-07-01,183617,0.22,12929
1392,YouTube Music,2025-02-01,78694,0.456,1014
1393,Spotify,2023-09-01,74966,0.087,3436
1393,Apple Music,2024-02-01,173278,0.455,12642
1393,YouTube Music,2025-06-01,122952,0.22,6355
1394,Spotify,2025-05-01,140651,0.189,5270
1394,Apple Music,2025-11-01,23885,0.093,1245
1394,YouTube Music,2025-09-01,124435,0.146,9377
1395,Spotify,2024-10-01,208290,0.283,1689
1395,Apple Music,2024-03-01,74386,0.514,3751
1395,YouTube Music,2025-05-01,155483,0.153,8854
1396,Spotify,2023-11-01,157218,0.234,1310
1396,Apple Music,2025-08-01,75921,0.159,3892
1396,YouTube Music,2025-03-01,31123,0.435,546
1397,Spotify,2024-05-01,4527,0.283,152
1397,Apple Music,2025-07-01,42928,0.517,2626
1397,YouTube Music,2024-03-01,38243,0.335,2094
1398,Spotify,2023-12-01,109934,0.298,3672
1398,Apple Music,2024-09-01,57167,0.318,4199
1398,YouTube Music,2025-01-01,77758,0.286,855
1399,Spotify,2024-11-01,97386,0.332,6504
1399,Apple Music,2025-12-01,167875,0.489,10367
1399,YouTube Music,2023-11-01,105602,0.241,3896
1400,Spotify,2025-12-01,45157,0.48,1759
1400,Apple Music,2024-12-01,8403,0.235,256
1400,YouTube Music,2024-04-01,166172,0.109,2399
1401,Spotify,2024-08-01,231500,0.468,4112
1401,Apple Music,2025-03-01,6354,0.157,153
1401,YouTube Music,2025-12-01,87750,0.216,3140
1402,Spotify,2024-11-01,222819,0.541,14412
1402,Apple Music,2025-09-01,10382,0.129,423
1402,YouTube Music,2024-07-01,18921,0.354,999
1403,Spotify,2024-07-01,182472,0.328,12427
1403,Apple Music,2025-05-01,129033,0.533,3340
1403,YouTube Music,2023-12-01,235835,0.315,5216
1404,Spotify,2024-09-01,55472,0.113,3147
1404,Apple Music,2024-01-01,158097,0.331,11675
1404,YouTube Music,2025-10-01,3909,0.279,66
1405,Spotify,2024-03-01,94281,0.354,4663
1405,Apple Music,2025-10-01,107143,0.309,728
1405,YouTube Music,2023-04-01,78689,0.12,5964
1406,Spotify,2025-09-01,74127,0.094,1022
1406,Apple Music,2023-04-01,112181,0.437,1770
1406,YouTube Music,2025-02-01,98902,0.374,2871
1407,Spotify,2023-04-01,11819,0.088,162
1407,Apple Music,2024-01-01,116472,0.46,3430
1407,YouTube Music,2024-02-01,40638,0.291,708
1408,Spotify,2025-06-01,113955,0.252,4257
1408,Apple Music,2024-08-01,148350,0.353,10732
1408,YouTube Music,2024-01-01,102454,0.367,3361
1409,Spotify,2024-03-01,89816,0.385,5085
1409,Apple Music,2025-06-01,181607,0.119,2470
1409,YouTube Music,2023-12-01,101102,0.343,5239
1410,Spotify,2023-01-01,72515,0.481,5240
1410,Apple Music,2025-03-01,159428,0.444,8512
1410,YouTube Music,2023-10-01,168534,0.386,2059
1411,Spotify,2024-08-01,202791,0.123,13671
1411,Apple Music,2023-01-01,95574,0.23,908
1411,YouTube Music,2024-08-01,154030,0.376,9608
1412,Spotify,2024-01-01,43690,0.423,2010
1412,Apple Music,2023-12-01,64581,0.25,4479
1412,YouTube Music,2024-01-01,31153,0.427,820
1413,Spotify,2024-04-01,236503,0.354,18896
1413,Apple Music,2024-02-01,90647,0.453,603
1413,YouTube Music,2023-06-01,59626,0.122,2765
1414,Spotify,2024-10-01,245155,0.157,10018
1414,Apple Music,2024-10-01,125037,0.093,9300
1414,YouTube Music,2023-06-01,56981,0.456,3085
1415,Spotify,2023-02-01,83304,0.121,6039
1415,Apple Music,2023-05-01,69069,0.428,4126
1415,YouTube Music,2025-11-01,162062,0.302,3267
1416,Spotify,2025-07-01,173667,0.163,6881
1416,Apple Music,2023-02-01,21284,0.192,1414
1416,YouTube Music,2025-12-01,32633,0.158,374
1417,Spotify,2024-10-01,59402,0.547,472
1417,Apple Music,2025-01-01,91512,0.156,4065
1417,YouTube Music,2024-11-01,164846,0.328,1692
1418,Spotify,2025-02-01,106507,0.249,2036
1418,Apple Music,2023-11-01,203582,0.357,8852
1418,YouTube Music,2025-04-01,52515,0.265,2474
1419,Spotify,2025-07-01,26811,0.151,1663
1419,Apple Music,2025-02-01,107119,0.221,7973
1419,YouTube Music,2025-10-01,108460,0.483,2312
1420,Spotify,2024-05-01,28900,0.497,1863
1420,Apple Music,2025-04-01,9802,0.487,131
1420,YouTube Music,2024-10-01,34300,0.497,812
1421,Spotify,2025-08-01,102551,0.53,1102
1421,Apple Music,2024-12-01,103673,0.468,4374
1421,YouTube Music,2023-02-01,41343,0.484,1630
1422,Spotify,2023-11-01,124618,0.178,4309
1422,Apple Music,2025-11-01,180101,0.317,1938
1422,YouTube Music,2025-08-01,271131,0.106,17024
1423,Spotify,2024-04-01,11830,0.437,567
1423,Apple Music,2024-10-01,17234,0.489,115
1423,YouTube Music,2024-07-01,154738,0.51,10785
1424,Spotify,2023-04-01,209807,0.485,3203
1424,Apple Music,2025-06-01,195302,0.094,2559
1424,YouTube Music,2023-05-01,177652,0.447,8616
1425,Spotify,2023-05-01,142989,0.278,3392
1425,Apple Music,2025-08-01,74464,0.456,2640
1425,YouTube Music,2025-04-01,75119,0.407,4282
1426,Spotify,2025-12-01,217100,0.16,8707
1426,Apple Music,2024-09-01,2431,0.312,38
1426,YouTube Music,2025-05-01,161057,0.256,12226
1427,Spotify,2023-10-01,92885,0.489,1938
1427,Apple Music,2025-03-01,140631,0.533,10399
1427,YouTube Music,2023-09-01,185746,0.313,8741
1428,Spotify,2025-04-01,204181,0.266,9636
1428,Apple Music,2025-04-01,52957,0.33,394
1428,YouTube Music,2024-05-01,103224,0.251,2925
1429,Spotify,2023-07-01,144048,0.305,8409
1429,Apple Music,2023-02-01,66801,0.122,527
1429,YouTube Music,2024-07-01,120365,0.498,5793
1430,Spotify,2025-02-01,8977,0.248,248
1430,Apple Music,2024-08-01,36953,0.207,2399
1430,YouTube Music,2025-07-01,53201,0.412,3104
1431,Spotify,2024-07-01,15557,0.333,215
1431,Apple Music,2025-10-01,11366,0.492,121
1431,YouTube Music,2024-06-01,45872,0.432,2922
1432,Spotify,2024-03-01,219683,0.258,6875
1432,Apple Music,2024-04-01,202473,0.536,6779
1432,YouTube Music,2023-05-01,140897,0.545,9231
1433,Spotify,2024-10-01,171408,0.402,4467
1433,Apple Music,2023-01-01,112455,0.45,804
1433,YouTube Music,2023-03-01,19769,0.529,1052
1434,Spotify,2024-10-01,165325,0.53,12837
1434,Apple Music,2025-12-01,166849,0.403,9474
1434,YouTube Music,2025-04-01,146009,0.457,5007
1435,Spotify,2025-06-01,143665,0.449,1314
1435,Apple Music,2023-05-01,210428,0.09,13519
1435,YouTube Music,2025-06-01,10401,0.364,118
1436,Spotify,2025-05-01,10348,0.113,371
1436,Apple Music,2025-11-01,250379,0.089,6417
1436,YouTube Music,2024-08-01,75654,0.169,4608
1437,Spotify,2025-06-01,7602,0.277,500
1437,Apple Music,2024-03-01,224077,0.238,13049
1437,YouTube Music,2024-07-01,214417,0.2,10930
1438,Spotify,2025-12-01,151148,0.145,1714
1438,Apple Music,2024-03-01,163551,0.408,5156
1438,YouTube Music,2023-07-01,125635,0.315,9742
1439,Spotify,2023-11-01,260196,0.497,15321
1439,Apple Music,2024-12-01,108553,0.224,5264
1439,YouTube Music,2023-07-01,195731,0.167,5574
1440,Spotify,2024-12-01,173520,0.187,2979
1440,Apple Music,2025-01-01,157488,0.418,8900
1440,YouTube Music,2023-03-01,12301,0.086,574
1441,Spotify,2024-07-01,220375,0.213,11946
1441,Apple Music,2025-05-01,25016,0.193,1731
1441,YouTube Music,2023-11-01,142606,0.408,9838
1442,Spotify,2024-12-01,247533,0.478,16097
1442,Apple Music,2025-04-01,116833,0.45,8356
1442,YouTube Music,2024-12-01,156126,0.159,7043
1443,Spotify,2025-02-01,124543,0.389,5982
1443,Apple Music,2024-07-01,160368,0.512,5787
1443,YouTube Music,2023-06-01,85489,0.527,3456
1444,Spotify,2023-09-01,154752,0.495,9234
1444,Apple Music,2025-05-01,169752,0.397,7491
1444,YouTube Music,2025-02-01,26688,0.52,1109
1445,Spotify,2024-05-01,43062,0.136,1186
1445,Apple Music,2025-09-01,69192,0.385,5368
1445,YouTube Music,2024-03-01,53272,0.351,1717
1446,Spotify,2025-11-01,242319,0.49,10107
1446,Apple Music,2025-03-01,183394,0.483,11444
1446,YouTube Music,2024-09-01,69981,0.419,2884
1447,Spotify,2023-08-01,231155,0.422,9104
1447,Apple Music,2023-03-01,167472,0.137,2684
1447,YouTube Music,2025-09-01,119773,0.154,7344
1448,Spotify,2024-10-01,9689,0.157,169
1448,Apple Music,2025-01-01,128780,0.272,4563
1448,YouTube Music,2023-09-01,44314,0.249,2610
1449,Spotify,2023-07-01,73770,0.384,2366
1449,Apple Music,2023-12-01,84458,0.468,3777
1449,YouTube Music,2024-01-01,1044,0.169,82
1450,Spotify,2023-04-01,248594,0.476,1637
1450,Apple Music,2025-07-01,142653,0.109,7469
1450,YouTube Music,2025-04-01,229396,0.284,15041
1451,Spotify,2025-01-01,35795,0.456,2311
1451,Apple Music,2025-05-01,206873,0.498,4673
1451,YouTube Music,2025-05-01,139424,0.407,5247
1452,Spotify,2025-07-01,151401,0.272,8525
1452,Apple Music,2024-06-01,76557,0.303,2027
1452,YouTube Music,2024-11-01,102997,0.143,4152
1453,Spotify,2023-08-01,62246,0.361,1058
1453,Apple Music,2023-04-01,148387,0.304,4637
1453,YouTube Music,2023-07-01,81089,0.142,1312
1454,Spotify,2023-03-01,49390,0.546,1083
1454,Apple Music,2023-06-01,201839,0.527,4879
1454,YouTube Music,2023-08-01,108959,0.085,7985
1455,Spotify,2025-07-01,250529,0.201,15544
1455,Apple Music,2025-03-01,60092,0.283,1845
1455,YouTube Music,2023-06-01,77407,0.43,2524
1456,Spotify,2025-01-01,211207,0.307,11081
1456,Apple Music,2023-07-01,20591,0.248,1397
1456,YouTube Music,2023-03-01,257510,0.272,19262
1457,Spotify,2023-09-01,137489,0.182,3346
1457,Apple Music,2025-04-01,113968,0.155,8659
1457,YouTube Music,2023-08-01,108266,0.45,7482
1458,Spotify,2023-01-01,160574,0.238,7784
1458,Apple Music,2025-12-01,79213,0.417,5294
1458,YouTube Music,2024-03-01,249960,0.083,14240
1459,Spotify,2025-08-01,159209,0.52,1202
1459,Apple Music,2023-11-01,3284,0.17,234
1459,YouTube Music,2023-09-01,38859,0.333,2557
1460,Spotify,2023-06-01,75647,0.378,5871
1460,Apple Music,2024-08-01,185396,0.337,13746
1460,YouTube Music,2025-11-01,61645,0.358,4011
1461,Spotify,2024-10-01,122578,0.403,1657
1461,Apple Music,2025-07-01,178615,0.088,13984
1461,YouTube Music,2025-12-01,79734,0.412,2235
1462,Spotify,2023-08-01,32816,0.31,1878
1462,Apple Music,2023-12-01,196063,0.284,1423
1462,YouTube Music,2025-07-01,45492,0.292,2437
1463,Spotify,2023-09-01,153604,0.37,3798
1463,Apple Music,2025-08-01,135748,0.457,1065
1463,YouTube Music,2025-09-01,217198,0.3,16012
1464,Spotify,2023-03-01,69460,0.118,2286
1464,Apple Music,2025-07-01,29253,0.256,1422
1464,YouTube Music,2025-01-01,116435,0.446,6528
1465,Spotify,2025-11-01,33958,0.266,1276
1465,Apple Music,2025-08-01,143775,0.395,1115
1465,YouTube Music,2024-10-01,82259,0.312,3317
1466,Spotify,2025-06-01,183190,0.281,2871
1466,Apple Music,2025-06-01,222572,0.499,1129
1466,YouTube Music,2023-02-01,48373,0.483,1624
1467,Spotify,2025-08-01,104097,0.437,2409
1467,Apple Music,2025-10-01,86244,0.398,3113
1467,YouTube Music,2023-09-01,95275,0.511,2541
1468,Spotify,2024-07-01,179216,0.45,4740
1468,Apple Music,2025-08-01,249089,0.173,10024
1468,YouTube Music,2023-11-01,56434,0.15,3889
1469,Spotify,2024-11-01,57960,0.524,4376
1469,Apple Music,2025-07-01,110910,0.429,1949
1469,YouTube Music,2023-03-01,264579,0.176,15302
1470,Spotify,2025-04-01,212358,0.512,8261
1470,Apple Music,2023-10-01,262070,0.28,9004
1470,YouTube Music,2024-07-01,32437,0.085,1497
1471,Spotify,2025-03-01,313865,0.091,11982
1471,Apple Music,2025-10-01,128763,0.514,4963
1471,YouTube Music,2025-06-01,240637,0.392,10481
1472,Spotify,2023-10-01,271113,0.123,21520
1472,Apple Music,2024-05-01,172263,0.173,2111
1472,YouTube Music,2023-01-01,266397,0.252,20304
1473,Spotify,2024-07-01,91337,0.311,2148
1473,Apple Music,2024-04-01,189369,0.473,4567
1473,YouTube Music,2025-01-01,298967,0.19,11371
1474,Spotify,2023-09-01,296336,0.499,17295
1474,Apple Music,2023-09-01,147831,0.236,5581
1474,YouTube Music,2024-08-01,64785,0.455,1795
1475,Spotify,2023-08-01,28024,0.514,1274
1475,Apple Music,2024-09-01,68376,0.204,564
1475,YouTube Music,2025-06-01,98513,0.317,3411
1476,Spotify,2025-10-01,13917,0.101,967
1476,Apple Music,2025-03-01,182949,0.265,9260
1476,YouTube Music,2024-05-01,95108,0.22,6716
1477,Spotify,2023-02-01,145050,0.235,11568
1477,Apple Music,2024-02-01,182754,0.095,4136
1477,YouTube Music,2024-07-01,2046,0.101,60
1478,Spotify,2025-01-01,159346,0.281,11608
1478,Apple Music,2024-12-01,60888,0.202,1565
1478,YouTube Music,2023-03-01,133898,0.429,1492
1479,Spotify,2023-12-01,40873,0.239,3223
1479,Apple Music,2024-09-01,194891,0.27,5549
1479,YouTube Music,2025-10-01,131997,0.414,7608
1480,Spotify,2024-09-01,138848,0.45,3846
1480,Apple Music,2025-07-01,147741,0.182,2190
1480,YouTube Music,2023-09-01,230869,0.269,2893
1481,Spotify,2023-10-01,81881,0.08,5706
1481,Apple Music,2023-02-01,113518,0.307,7291
1481,YouTube Music,2024-02-01,7292,0.482,479
1482,Spotify,2025-11-01,121985,0.256,1111
1482,Apple Music,2023-04-01,28101,0.366,1764
1482,YouTube Music,2024-06-01,124185,0.42,957
1483,Spotify,2025-04-01,36845,0.396,2228
1483,Apple Music,2025-08-01,158731,0.286,6765
1483,YouTube Music,2025-03-01,22486,0.332,1195
1484,Spotify,2025-12-01,205886,0.412,12629
1484,Apple Music,2025-07-01,78078,0.512,4501
1484,YouTube Music,2023-02-01,20029,0.358,411
1485,Spotify,2023-10-01,49875,0.246,3846
1485,Apple Music,2023-08-01,57750,0.105,4585
1485,YouTube Music,2025-09-01,150004,0.517,6330
1486,Spotify,2023-07-01,94793,0.417,2286
1486,Apple Music,2023-07-01,90870,0.405,6562
1486,YouTube Music,2023-07-01,171062,0.095,3800
1487,Spotify,2024-08-01,217617,0.254,2286
1487,Apple Music,2023-11-01,151615,0.132,7061
1487,YouTube Music,2023-11-01,19284,0.503,1061
1488,Spotify,2025-04-01,221669,0.188,12405
1488,Apple Music,2025-09-01,43275,0.233,2110
1488,YouTube Music,2023-04-01,149699,0.51,1417
1489,Spotify,2024-09-01,39063,0.464,1193
1489,Apple Music,2023-01-01,209786,0.41,16726
1489,YouTube Music,2024-09-01,187316,0.378,8954
1490,Spotify,2023-02-01,18201,0.249,560
1490,Apple Music,2023-09-01,46923,0.476,3023
1490,YouTube Music,2025-09-01,33999,0.209,433
1491,Spotify,2023-09-01,3801,0.431,249
1491,Apple Music,2024-01-01,155847,0.367,11381
1491,YouTube Music,2024-05-01,189347,0.208,8955
1492,Spotify,2025-11-01,197295,0.094,6963
1492,Apple Music,2024-03-01,194432,0.507,8285
1492,YouTube Music,2025-09-01,248736,0.203,8675
1493,Spotify,2024-10-01,70558,0.38,5192
1493,Apple Music,2024-02-01,141713,0.201,7174
1493,YouTube Music,2025-06-01,71280,0.371,442
1494,Spotify,2024-03-01,162399,0.549,6208
1494,Apple Music,2024-08-01,109136,0.397,5678
1494,YouTube Music,2024-04-01,133916,0.364,9489
1495,Spotify,2024-03-01,10519,0.521,815
1495,Apple Music,2024-11-01,191546,0.268,7701
1495,YouTube Music,2023-03-01,191914,0.324,9343
1496,Spotify,2024-02-01,186285,0.366,7162
1496,Apple Music,2025-07-01,40425,0.262,2532
1496,YouTube Music,2023-05-01,92248,0.169,4590
1497,Spotify,2025-07-01,139677,0.359,7312
1497,Apple Music,2023-08-01,151339,0.139,4951
1497,YouTube Music,2023-06-01,214617,0.401,1794
1498,Spotify,2023-06-01,179406,0.177,10541
1498,Apple Music,2024-12-01,37876,0.532,1155
1498,YouTube Music,2025-10-01,133516,0.08,3882
1499,Spotify,2023-06-01,113426,0.493,4417
1499,Apple Music,2025-04-01,18461,0.151,958
1499,YouTube Music,2025-05-01,96139,0.121,5664
1500,Spotify,2025-04-01,158692,0.088,8084
1500,Apple Music,2025-12-01,109342,0.194,1587
1500,YouTube Music,2025-05-01,31736,0.12,508
1501,Spotify,2024-12-01,109082,0.186,1437
1501,Apple Music,2025-08-01,258590,0.212,1893
1501,YouTube Music,2023-11-01,150903,0.406,9812
1502,Spotify,2025-03-01,216309,0.472,10681
1502,Apple Music,2023-07-01,287901,0.101,4647
1502,YouTube Music,2025-11-01,148896,0.124,6239
1503,Spotify,2023-11-01,261148,0.316,14098
1503,Apple Music,2024-06-01,184236,0.485,3168
1503,YouTube Music,2023-11-01,162623,0.37,10637
1504,Spotify,2024-03-01,106978,0.303,8336
1504,Apple Music,2025-03-01,122282,0.41,5217
1504,YouTube Music,2023-06-01,77554,0.546,5180
1505,Spotify,2023-06-01,96136,0.167,5090
1505,Apple Music,2025-03-01,31375,0.299,1395
1505,YouTube Music,2024-06-01,142428,0.102,3377
1506,Spotify,2024-03-01,82753,0.328,3583
1506,Apple Music,2024-07-01,3951,0.287,159
1506,YouTube Music,2024-05-01,184737,0.14,8488
1507,Spotify,2025-11-01,124318,0.469,4786
1507,Apple Music,2025-04-01,34417,0.302,707
1507,YouTube Music,2023-06-01,304480,0.341,15319
1508,Spotify,2025-01-01,289917,0.266,3521
1508,Apple Music,2024-05-01,198119,0.415,14966
1508,YouTube Music,2024-02-01,55970,0.465,343
1509,Spotify,2025-07-01,99065,0.247,4885
1509,Apple Music,2023-04-01,81616,0.297,2068
1509,YouTube Music,2023-11-01,21546,0.368,881
1510,Spotify,2025-08-01,89401,0.465,6395
1510,Apple Music,2023-01-01,51223,0.476,2051
1510,YouTube Music,2023-05-01,163092,0.177,8560
1511,Spotify,2025-12-01,92258,0.313,5573
1511,Apple Music,2025-09-01,120846,0.417,6286
1511,YouTube Music,2024-01-01,152047,0.474,6190
1512,Spotify,2024-10-01,261022,0.46,3866
1512,Apple Music,2024-04-01,138596,0.365,2952
1512,YouTube Music,2023-04-01,118767,0.504,5790
1513,Spotify,2025-06-01,49358,0.159,1094
1513,Apple Music,2024-08-01,79061,0.517,2998
1513,YouTube Music,2025-09-01,66260,0.541,3968
1514,Spotify,2024-12-01,73818,0.341,2083
1514,Apple Music,2024-07-01,124546,0.296,2688
1514,YouTube Music,2024-12-01,96949,0.082,7515
1515,Spotify,2023-03-01,33200,0.546,2288
1515,Apple Music,2023-09-01,214502,0.14,10419
1515,YouTube Music,2024-08-01,144283,0.332,5923
1516,Spotify,2023-04-01,37529,0.413,794
1516,Apple Music,2025-07-01,4579,0.419,146
1516,YouTube Music,2024-11-01,134859,0.437,9778
1517,Spotify,2023-02-01,85713,0.208,2693
1517,Apple Music,2024-09-01,44350,0.387,1101
1517,YouTube Music,2023-09-01,184633,0.493,8711
1518,Spotify,2023-03-01,170448,0.484,6387
1518,Apple Music,2023-08-01,62725,0.094,2142
1518,YouTube Music,2024-09-01,177287,0.303,10294
1519,Spotify,2025-09-01,230675,0.186,7662
1519,Apple Music,2024-06-01,21555,0.273,654
1519,YouTube Music,2024-10-01,269826,0.34,14005
1520,Spotify,2023-02-01,61331,0.373,2604
1520,Apple Music,2024-06-01,69402,0.273,5081
1520,YouTube Music,2025-08-01,166387,0.31,6587
1521,Spotify,2025-07-01,136983,0.347,4392
1521,Apple Music,2024-10-01,17900,0.445,209
1521,YouTube Music,2025-01-01,22590,0.183,1492
1522,Spotify,2024-03-01,205995,0.456,3797
1522,Apple Music,2024-07-01,56131,0.365,3141
1522,YouTube Music,2023-04-01,37430,0.093,450
1523,Spotify,2024-05-01,166206,0.225,12885
1523,Apple Music,2025-03-01,72854,0.274,1736
1523,YouTube Music,2023-01-01,201971,0.547,10154
1524,Spotify,2024-05-01,255296,0.265,16598
1524,Apple Music,2025-10-01,177724,0.089,12075
1524,YouTube Music,2023-09-01,247385,0.241,18041
1525,Spotify,2025-07-01,282407,0.259,14397
1525,Apple Music,2023-10-01,175007,0.262,3257
1525,YouTube Music,2023-08-01,220929,0.101,4107
1526,Spotify,2024-09-01,61023,0.185,1098
1526,Apple Music,2024-06-01,139519,0.286,2353
1526,YouTube Music,2025-06-01,272228,0.129,18598
1527,Spotify,2024-08-01,154390,0.289,3035
1527,Apple Music,2025-02-01,2471,0.4,69
1527,YouTube Music,2025-07-01,177652,0.177,11658
1528,Spotify,2024-09-01,2641,0.356,113
1528,Apple Music,2024-02-01,211241,0.488,11935
1528,YouTube Music,2024-04-01,15722,0.326,872
1529,Spotify,2025-05-01,120714,0.544,4938
1529,Apple Music,2024-05-01,92372,0.51,7340
1529,YouTube Music,2023-08-01,114425,0.104,3856
1530,Spotify,2024-10-01,163037,0.389,11637
1530,Apple Music,2025-08-01,159928,0.455,9619
1530,YouTube Music,2025-11-01,257562,0.261,6296
1531,Spotify,2025-12-01,116191,0.43,3621
1531,Apple Music,2024-11-01,73016,0.288,1749
1531,YouTube Music,2024-04-01,14698,0.141,99
1532,Spotify,2025-05-01,153434,0.362,831
1532,Apple Music,2023-11-01,278342,0.326,9707
1532,YouTube Music,2024-05-01,187998,0.492,4281
1533,Spotify,2025-01-01,230841,0.095,17910
1533,Apple Music,2024-07-01,111064,0.181,6631
1533,YouTube Music,2024-10-01,167242,0.419,2352
1534,Spotify,2024-01-01,117876,0.428,968
1534,Apple Music,2024-02-01,139864,0.178,10849
1534,YouTube Music,2025-05-01,89086,0.494,1904
1535,Spotify,2023-07-01,8090,0.102,488
1535,Apple Music,2025-07-01,105579,0.489,4106
1535,YouTube Music,2024-11-01,50203,0.217,1736
1536,Spotify,2024-07-01,107935,0.542,6924
1536,Apple Music,2023-08-01,161146,0.183,11164
1536,YouTube Music,2023-06-01,67289,0.348,2731
1537,Spotify,2025-05-01,138862,0.105,10639
1537,Apple Music,2024-07-01,15642,0.122,288
1537,YouTube Music,2025-06-01,13376,0.331,751
1538,Spotify,2024-08-01,31715,0.539,782
1538,Apple Music,2023-01-01,175648,0.175,3464
1538,YouTube Music,2024-11-01,95855,0.198,6873
1539,Spotify,2023-06-01,94068,0.525,4196
1539,Apple Music,2025-11-01,8902,0.508,490
1539,YouTube Music,2025-07-01,50814,0.167,2035
1540,Spotify,2024-02-01,150292,0.283,6054
1540,Apple Music,2023-03-01,218848,0.409,12258
1540,YouTube Music,2023-04-01,143422,0.495,5010
1541,Spotify,2024-10-01,129809,0.168,5144
1541,Apple Music,2023-12-01,195401,0.534,15045
1541,YouTube Music,2024-09-01,267021,0.507,6310
1542,Spotify,2023-08-01,94542,0.511,4053
1542,Apple Music,2024-11-01,127819,0.101,8333
1542,YouTube Music,2023-08-01,83446,0.094,3091
1543,Spotify,2025-11-01,13639,0.328,847
1543,Apple Music,2023-01-01,84660,0.423,3676
1543,YouTube Music,2023-07-01,57410,0.475,1799
1544,Spotify,2024-05-01,103606,0.404,574
1544,Apple Music,2023-04-01,143114,0.167,1335
1544,YouTube Music,2023-11-01,41385,0.34,2749
1545,Spotify,2023-07-01,131709,0.2,7962
1545,Apple Music,2024-05-01,161539,0.233,8369
1545,YouTube Music,2024-12-01,94037,0.339,5117
1546,Spotify,2025-01-01,172351,0.174,3268
1546,Apple Music,2025-06-01,171279,0.255,921
1546,YouTube Music,2025-06-01,51862,0.374,469
1547,Spotify,2023-10-01,46757,0.509,366
1547,Apple Music,2023-10-01,225563,0.269,4440
1547,YouTube Music,2024-05-01,70734,0.248,5469
1548,Spotify,2025-02-01,2235,0.094,111
1548,Apple Music,2023-11-01,107814,0.454,1025
1548,YouTube Music,2025-10-01,135265,0.157,1868
1549,Spotify,2023-01-01,104968,0.342,7778
1549,Apple Music,2023-12-01,81122,0.117,6169
1549,YouTube Music,2025-03-01,16139,0.406,546
1550,Spotify,2023-10-01,17697,0.491,1126
1550,Apple Music,2024-09-01,101375,0.106,7811
1550,YouTube Music,2024-08-01,111697,0.182,4882
1551,Spotify,2025-03-01,202265,0.176,13319
1551,Apple Music,2023-09-01,111441,0.235,6239
1551,YouTube Music,2023-11-01,34458,0.12,577
1552,Spotify,2024-03-01,75119,0.489,2835
1552,Apple Music,2023-06-01,187628,0.53,8036
1552,YouTube Music,2025-11-01,137155,0.402,8647
1553,Spotify,2023-01-01,161243,0.505,7962
1553,Apple Music,2025-06-01,118090,0.279,7026
1553,YouTube Music,2025-06-01,76581,0.316,2609
1554,Spotify,2024-10-01,5702,0.438,247
1554,Apple Music,2023-09-01,168898,0.415,4965
1554,YouTube Music,2024-01-01,132678,0.2,4715
1555,Spotify,2024-10-01,84692,0.093,6348
1555,Apple Music,2023-06-01,95924,0.246,5499
1555,YouTube Music,2025-03-01,96905,0.117,935
1556,Spotify,2024-08-01,155638,0.286,4627
1556,Apple Music,2023-06-01,181187,0.312,5962
1556,YouTube Music,2024-03-01,99459,0.135,2114
1557,Spotify,2025-08-01,94537,0.462,2233
1557,Apple Music,2024-06-01,133263,0.312,7769
1557,YouTube Music,2025-12-01,219259,0.337,6202
1558,Spotify,2023-07-01,118014,0.205,6959
1558,Apple Music,2024-11-01,98746,0.399,3018
1558,YouTube Music,2024-01-01,111920,0.235,5479
1559,Spotify,2025-01-01,56634,0.283,1402
1559,Apple Music,2023-08-01,97049,0.448,7118
1559,YouTube Music,2023-05-01,47308,0.267,936
1560,Spotify,2023-08-01,132690,0.406,2673
1560,Apple Music,2024-06-01,216292,0.106,5670
1560,YouTube Music,2024-06-01,138041,0.216,4372
1561,Spotify,2025-11-01,146745,0.53,5399
1561,Apple Music,2024-12-01,52357,0.453,3905
1561,YouTube Music,2025-06-01,114522,0.105,7618
1562,Spotify,2023-01-01,160425,0.545,9751
1562,Apple Music,2023-08-01,138960,0.417,3755
1562,YouTube Music,2024-03-01,24307,0.235,981
1563,Spotify,2023-07-01,29394,0.352,1432
1563,Apple Music,2025-04-01,150668,0.102,11354
1563,YouTube Music,2025-09-01,22186,0.278,982
1564,Spotify,2023-06-01,145173,0.399,11390
1564,Apple Music,2023-02-01,124811,0.339,6214
1564,YouTube Music,2024-01-01,127005,0.161,2175
1565,Spotify,2023-12-01,10669,0.169,595
1565,Apple Music,2023-03-01,78335,0.284,3327
1565,YouTube Music,2025-08-01,1366,0.498,62
1566,Spotify,2025-09-01,123077,0.388,9403
1566,Apple Music,2024-09-01,149857,0.22,11455
1566,YouTube Music,2024-04-01,33219,0.274,1294
1567,Spotify,2025-01-01,261201,0.494,17063
1567,Apple Music,2024-03-01,134375,0.321,1606
1567,YouTube Music,2023-12-01,245909,0.284,10095
1568,Spotify,2025-09-01,107050,0.479,2603
1568,Apple Music,2025-07-01,64743,0.44,4021
1568,YouTube Music,2025-02-01,101032,0.359,5439
1569,Spotify,2024-05-01,218327,0.303,14597
1569,Apple Music,2025-02-01,182662,0.226,8125
1569,YouTube Music,2023-10-01,109705,0.201,7257
1570,Spotify,2024-07-01,198114,0.197,13031
1570,Apple Music,2023-03-01,104815,0.148,5359
1570,YouTube Music,2025-10-01,169260,0.453,10481
1571,Spotify,2024-11-01,94954,0.529,3242
1571,Apple Music,2025-03-01,114554,0.502,6254
1571,YouTube Music,2025-11-01,42359,0.452,983
1572,Spotify,2023-01-01,149683,0.26,6256
1572,Apple Music,2024-01-01,64718,0.188,3755
1572,YouTube Music,2024-05-01,122817,0.11,5354
1573,Spotify,2025-04-01,247096,0.325,7291
1573,Apple Music,2024-11-01,18982,0.45,561
1573,YouTube Music,2025-06-01,103478,0.291,3617
1574,Spotify,2024-06-01,133478,0.344,688
1574,Apple Music,2025-08-01,23694,0.142,821
1574,YouTube Music,2024-04-01,180684,0.38,13650
1575,Spotify,2024-02-01,147191,0.158,1138
1575,Apple Music,2024-03-01,92884,0.247,6614
1575,YouTube Music,2025-07-01,9700,0.151,761
1576,Spotify,2023-01-01,110820,0.416,7747
1576,Apple Music,2025-06-01,65621,0.377,784
1576,YouTube Music,2024-11-01,240918,0.09,7353
1577,Spotify,2024-01-01,25461,0.229,1754
1577,Apple Music,2023-03-01,121876,0.204,2323
1577,YouTube Music,2024-07-01,212172,0.488,8632
1578,Spotify,2025-12-01,260802,0.167,10887
1578,Apple Music,2025-02-01,156077,0.211,3205
1578,YouTube Music,2025-10-01,946,0.512,57
1579,Spotify,2023-03-01,25827,0.311,203
1579,Apple Music,2025-05-01,134645,0.206,5309
1579,YouTube Music,2023-06-01,198301,0.271,10184
1580,Spotify,2025-07-01,38245,0.411,1199
1580,Apple Music,2025-04-01,35162,0.457,744
1580,YouTube Music,2024-12-01,12074,0.488,628
1581,Spotify,2023-01-01,240203,0.138,1924
1581,Apple Music,2023-07-01,195814,0.502,15347
1581,YouTube Music,2023-08-01,166685,0.215,10879
1582,Spotify,2023-01-01,28499,0.29,2208
1582,Apple Music,2023-02-01,70869,0.367,2711
1582,YouTube Music,2023-03-01,49881,0.273,1738
1583,Spotify,2024-06-01,53962,0.121,1944
1583,Apple Music,2024-06-01,109180,0.439,2597
1583,YouTube Music,2023-11-01,79378,0.295,1223
1584,Spotify,2023-08-01,66681,0.499,4071
1584,Apple Music,2024-12-01,188100,0.084,13485
1584,YouTube Music,2025-01-01,243875,0.338,1981
1585,Spotify,2023-02-01,90694,0.116,936
1585,Apple Music,2025-10-01,204254,0.479,7970
1585,YouTube Music,2023-10-01,68951,0.537,2232
1586,Spotify,2024-05-01,76244,0.512,476
1586,Apple Music,2023-07-01,135061,0.354,3913
1586,YouTube Music,2024-04-01,94542,0.106,3609
1587,Spotify,2023-05-01,50792,0.412,1119
1587,Apple Music,2024-11-01,48562,0.205,2973
1587,YouTube Music,2025-01-01,179574,0.132,1228
1588,Spotify,2024-12-01,67593,0.444,4930
1588,Apple Music,2023-10-01,90576,0.095,2599
1588,YouTube Music,2023-04-01,53506,0.264,1732
1589,Spotify,2025-06-01,101146,0.192,2900
1589,Apple Music,2023-10-01,180588,0.299,12693
1589,YouTube Music,2024-04-01,190422,0.136,11964
1590,Spotify,2023-08-01,161107,0.096,8620
1590,Apple Music,2023-03-01,4294,0.431,163
1590,YouTube Music,2025-04-01,109872,0.491,1947
1591,Spotify,2024-02-01,75885,0.375,3597
1591,Apple Music,2025-02-01,140113,0.478,4631
1591,YouTube Music,2025-02-01,122761,0.289,952
1592,Spotify,2025-04-01,178091,0.191,10098
1592,Apple Music,2024-12-01,10696,0.113,99
1592,YouTube Music,2025-09-01,127779,0.357,8060
1593,Spotify,2023-07-01,47513,0.386,1976
1593,Apple Music,2024-12-01,89995,0.093,4514
1593,YouTube Music,2025-05-01,65358,0.245,3843
1594,Spotify,2023-06-01,121312,0.54,3645
1594,Apple Music,2024-06-01,99936,0.314,7548
1594,YouTube Music,2024-09-01,2587,0.264,181
1595,Spotify,2023-08-01,169048,0.149,12785
1595,Apple Music,2023-11-01,33892,0.465,1213
1595,YouTube Music,2023-09-01,178052,0.428,13702
1596,Spotify,2023-10-01,127168,0.487,7688
1596,Apple Music,2025-05-01,61833,0.082,3320
1596,YouTube Music,2023-01-01,120623,0.341,6516
1597,Spotify,2023-09-01,72577,0.315,2574
1597,Apple Music,2025-09-01,6869,0.477,378
1597,YouTube Music,2023-02-01,131165,0.311,5532
1598,Spotify,2025-03-01,88093,0.298,5049
1598,Apple Music,2025-10-01,23183,0.238,1241
1598,YouTube Music,2023-11-01,103941,0.093,4346
1599,Spotify,2025-11-01,115457,0.25,6598
1599,Apple Music,2024-02-01,41658,0.464,674
1599,YouTube Music,2025-12-01,55287,0.193,4122
1600,Spotify,2025-10-01,187473,0.213,8398
1600,Apple Music,2024-08-01,46808,0.103,1487
1600,YouTube Music,2025-08-01,188354,0.461,8357
1601,Spotify,2023-08-01,50975,0.137,754
1601,Apple Music,2024-08-01,209782,0.32,15899
1601,YouTube Music,2025-11-01,138275,0.256,10905
1602,Spotify,2025-04-01,243691,0.388,6827
1602,Apple Music,2023-03-01,101379,0.352,4078
1602,YouTube Music,2023-01-01,81958,0.097,903
1603,Spotify,2023-03-01,188347,0.199,9988
1603,Apple Music,2024-10-01,129252,0.133,1509
1603,YouTube Music,2023-11-01,138196,0.254,7720
1604,Spotify,2023-06-01,19419,0.341,908
1604,Apple Music,2025-08-01,174706,0.142,11327
1604,YouTube Music,2024-12-01,92536,0.235,2763
1605,Spotify,2025-08-01,37854,0.361,975
1605,Apple Music,2023-07-01,72869,0.138,1382
1605,YouTube Music,2024-02-01,203990,0.357,5462
1606,Spotify,2023-10-01,111679,0.538,7264
1606,Apple Music,2024-01-01,49652,0.383,2149
1606,YouTube Music,2024-06-01,73613,0.21,4349
1607,Spotify,2024-12-01,236367,0.106,6954
1607,Apple Music,2023-08-01,190387,0.307,13018
1607,YouTube Music,2023-05-01,73152,0.51,4037
1608,Spotify,2025-02-01,167042,0.244,7135
1608,Apple Music,2025-03-01,22471,0.313,165
1608,YouTube Music,2025-04-01,108207,0.371,4725
1609,Spotify,2024-07-01,115784,0.482,4492
1609,Apple Music,2023-07-01,65633,0.201,1310
1609,YouTube Music,2023-09-01,144708,0.469,5722
1610,Spotify,2024-04-01,139780,0.088,6702
1610,Apple Music,2023-12-01,180659,0.208,11768
1610,YouTube Music,2025-10-01,14717,0.149,610
1611,Spotify,2025-03-01,119285,0.171,3087
1611,Apple Music,2023-09-01,41353,0.081,2845
1611,YouTube Music,2025-11-01,190402,0.369,9681
1612,Spotify,2025-10-01,28118,0.153,1927
1612,Apple Music,2025-05-01,66250,0.536,1926
1612,YouTube Music,2025-08-01,176315,0.116,2060
1613,Spotify,2023-11-01,13592,0.221,444
1613,Apple Music,2025-03-01,32729,0.473,866
1613,YouTube Music,2024-05-01,92386,0.471,2778
1614,Spotify,2023-04-01,152741,0.082,2801
1614,Apple Music,2025-03-01,110374,0.453,5708
1614,YouTube Music,2023-08-01,45855,0.348,242
1615,Spotify,2023-10-01,78011,0.188,2642
1615,Apple Music,2025-11-01,116687,0.202,6579
1615,YouTube Music,2025-09-01,14466,0.454,343
1616,Spotify,2023-07-01,17184,0.352,1083
1616,Apple Music,2025-02-01,50396,0.115,2642
1616,YouTube Music,2025-02-01,176331,0.509,3069
1617,Spotify,2025-06-01,154413,0.112,6731
1617,Apple Music,2024-05-01,131157,0.47,5857
1617,YouTube Music,2024-12-01,35622,0.397,1339
1618,Spotify,2023-06-01,3301,0.24,249
1618,Apple Music,2024-11-01,138251,0.493,6414
1618,YouTube Music,2023-10-01,138435,0.255,5607
1619,Spotify,2025-03-01,19690,0.164,1284
1619,Apple Music,2025-02-01,38407,0.355,526
1619,YouTube Music,2024-09-01,165851,0.348,12154
1620,Spotify,2023-09-01,29316,0.214,1797
1620,Apple Music,2023-10-01,115945,0.266,5599
1620,YouTube Music,2023-02-01,31274,0.159,910
1621,Spotify,2023-03-01,55631,0.094,2156
1621,Apple Music,2024-07-01,16445,0.318,455
1621,YouTube Music,2024-06-01,225624,0.321,9937
1622,Spotify,2024-03-01,160591,0.115,7336
1622,Apple Music,2025-06-01,137994,0.391,5420
1622,YouTube Music,2024-12-01,218720,0.509,6214
1623,Spotify,2023-03-01,192623,0.548,14928
1623,Apple Music,2023-04-01,164148,0.388,11807
1623,YouTube Music,2024-07-01,18496,0.495,394
1624,Spotify,2023-09-01,176955,0.497,4014
1624,Apple Music,2023-12-01,90089,0.537,5364
1624,YouTube Music,2024-02-01,261225,0.265,19774
1625,Spotify,2023-06-01,156575,0.447,900
1625,Apple Music,2023-04-01,88856,0.535,6316
1625,YouTube Music,2024-07-01,148920,0.456,9831
1626,Spotify,2023-11-01,8157,0.143,602
1626,Apple Music,2024-11-01,226914,0.391,13920
1626,YouTube Music,2024-05-01,249801,0.281,8651
1627,Spotify,2024-08-01,19471,0.409,1405
1627,Apple Music,2024-12-01,30125,0.291,914
1627,YouTube Music,2024-02-01,11427,0.471,656
1628,Spotify,2025-08-01,6541,0.463,402
1628,Apple Music,2024-05-01,37270,0.297,2910
1628,YouTube Music,2025-11-01,51306,0.216,505
1629,Spotify,2024-12-01,161688,0.177,2965
1629,Apple Music,2025-03-01,242708,0.19,11241
1629,YouTube Music,2025-10-01,65787,0.129,3049
1630,Spotify,2025-03-01,67903,0.385,5280
1630,Apple Music,2025-01-01,136603,0.28,901
1630,YouTube Music,2024-11-01,65748,0.492,2065
1631,Spotify,2023-02-01,51737,0.369,1683
1631,Apple Music,2025-02-01,26731,0.4,1322
1631,YouTube Music,2025-01-01,156508,0.197,9082
1632,Spotify,2025-01-01,73373,0.301,5070
1632,Apple Music,2024-10-01,141860,0.083,6652
1632,YouTube Music,2024-04-01,89122,0.366,5741
1633,Spotify,2024-03-01,98058,0.317,5670
1633,Apple Music,2025-06-01,17938,0.519,1181
1633,YouTube Music,2025-06-01,22893,0.467,1062
1634,Spotify,2024-06-01,91610,0.157,3005
1634,Apple Music,2023-12-01,24712,0.478,473
1634,YouTube Music,2024-04-01,100778,0.245,1231
1635,Spotify,2023-01-01,210342,0.132,12846
1635,Apple Music,2023-07-01,164193,0.225,2141
1635,YouTube Music,2024-12-01,63124,0.247,3181
1636,Spotify,2023-03-01,8064,0.311,340
1636,Apple Music,2025-08-01,59967,0.277,3457
1636,YouTube Music,2025-03-01,15164,0.173,1162
1637,Spotify,2023-08-01,67551,0.336,1046
1637,Apple Music,2025-12-01,22709,0.49,1503
1637,YouTube Music,2025-08-01,187479,0.246,13039
1638,Spotify,2023-02-01,235717,0.432,16688
1638,Apple Music,2023-08-01,45533,0.229,2212
1638,YouTube Music,2023-04-01,48430,0.224,3297
1639,Spotify,2023-04-01,37567,0.548,1607
1639,Apple Music,2025-05-01,18848,0.424,566
1639,YouTube Music,2025-02-01,229813,0.093,15179
1640,Spotify,2025-06-01,206004,0.194,7480
1640,Apple Music,2023-09-01,193026,0.098,1609
1640,YouTube Music,2023-08-01,47908,0.412,324
1641,Spotify,2024-11-01,13146,0.203,482
1641,Apple Music,2023-03-01,187963,0.289,12112
1641,YouTube Music,2023-04-01,200841,0.347,9649
1642,Spotify,2024-11-01,183917,0.09,3508
1642,Apple Music,2023-02-01,149215,0.42,4179
1642,YouTube Music,2023-05-01,14914,0.111,124
1643,Spotify,2023-02-01,100054,0.086,2693
1643,Apple Music,2025-05-01,74467,0.237,4534
1643,YouTube Music,2023-11-01,35196,0.302,2751
1644,Spotify,2024-12-01,188333,0.189,14503
1644,Apple Music,2023-12-01,128792,0.12,4293
1644,YouTube Music,2025-09-01,211320,0.362,13078
1645,Spotify,2024-07-01,192840,0.506,12869
1645,Apple Music,2023-09-01,186664,0.511,13039
1645,YouTube Music,2025-09-01,163674,0.116,10514
1646,Spotify,2025-11-01,30270,0.35,1546
1646,Apple Music,2024-06-01,42211,0.318,922
1646,YouTube Music,2024-09-01,43063,0.23,2602
1647,Spotify,2023-05-01,26887,0.451,1804
1647,Apple Music,2025-11-01,33969,0.502,247
1647,YouTube Music,2025-11-01,134430,0.422,1075
1648,Spotify,2024-10-01,28782,0.308,832
1648,Apple Music,2025-06-01,68580,0.13,5406
1648,YouTube Music,2024-05-01,75412,0.419,563
1649,Spotify,2023-11-01,144559,0.191,2703
1649,Apple Music,2025-06-01,146704,0.095,5251
1649,YouTube Music,2025-08-01,148132,0.084,11596
1650,Spotify,2025-05-01,141026,0.247,5556
1650,Apple Music,2025-06-01,41017,0.501,1309
1650,YouTube Music,2024-01-01,189345,0.183,5485
1651,Spotify,2025-07-01,148766,0.512,8645
1651,Apple Music,2025-10-01,129744,0.535,9158
1651,YouTube Music,2023-01-01,51838,0.502,785
1652,Spotify,2023-05-01,160162,0.446,8958
1652,Apple Music,2023-02-01,7794,0.371,328
1652,YouTube Music,2025-08-01,44998,0.13,1722
1653,Spotify,2023-12-01,171877,0.499,4462
1653,Apple Music,2024-05-01,92674,0.272,1032
1653,YouTube Music,2024-08-01,64189,0.284,4025
1654,Spotify,2023-02-01,19531,0.345,704
1654,Apple Music,2023-04-01,6394,0.316,255
1654,YouTube Music,2024-11-01,57219,0.298,487
1655,Spotify,2023-05-01,72427,0.435,2880
1655,Apple Music,2025-08-01,118512,0.443,5626
1655,YouTube Music,2023-04-01,230735,0.362,15185
1656,Spotify,2025-02-01,212641,0.203,16381
1656,Apple Music,2025-10-01,130130,0.36,7879
1656,YouTube Music,2024-01-01,36273,0.475,618
1657,Spotify,2025-04-01,97897,0.137,7311
1657,Apple Music,2023-03-01,13707,0.28,1073
1657,YouTube Music,2024-06-01,55580,0.204,1767
1658,Spotify,2025-02-01,28648,0.139,1139
1658,Apple Music,2024-05-01,104199,0.195,2412
1658,YouTube Music,2025-08-01,64777,0.153,4639
1659,Spotify,2025-06-01,63806,0.462,4948
1659,Apple Music,2025-03-01,57099,0.228,4034
1659,YouTube Music,2025-02-01,47524,0.466,1156
1660,Spotify,2023-01-01,34958,0.512,245
1660,Apple Music,2025-10-01,80613,0.128,4858
1660,YouTube Music,2023-02-01,44868,0.096,3155
1661,Spotify,2024-11-01,174860,0.157,12213
1661,Apple Music,2024-11-01,80623,0.252,1613
1661,YouTube Music,2024-02-01,35796,0.279,511
1662,Spotify,2025-05-01,177944,0.439,8508
1662,Apple Music,2025-05-01,88481,0.274,5099
1662,YouTube Music,2024-09-01,85885,0.286,5414
1663,Spotify,2024-01-01,42601,0.14,2261
1663,Apple Music,2025-05-01,121329,0.48,5889
1663,YouTube Music,2025-06-01,7943,0.17,155
1664,Spotify,2023-11-01,146320,0.243,1345
1664,Apple Music,2025-09-01,263319,0.237,14051
1664,YouTube Music,2023-08-01,8445,0.515,356
1665,Spotify,2025-08-01,225741,0.121,12745
1665,Apple Music,2023-06-01,56946,0.451,3797
1665,YouTube Music,2024-05-01,46385,0.41,1944
1666,Spotify,2025-04-01,95394,0.209,3270
1666,Apple Music,2024-01-01,9238,0.213,82
1666,YouTube Music,2024-05-01,116182,0.491,8631
1667,Spotify,2024-06-01,152432,0.531,8440
1667,Apple Music,2025-06-01,60392,0.359,3858
1667,YouTube Music,2025-02-01,225991,0.387,7567
1668,Spotify,2024-03-01,32401,0.496,779
1668,Apple Music,2025-07-01,90429,0.54,5410
1668,YouTube Music,2025-04-01,10188,0.284,489
1669,Spotify,2024-10-01,49019,0.429,1968
1669,Apple Music,2023-12-01,39528,0.144,2179
1669,YouTube Music,2023-04-01,122759,0.138,4243
1670,Spotify,2025-12-01,35829,0.385,800
1670,Apple Music,2025-05-01,150382,0.397,7490
1670,YouTube Music,2023-11-01,96216,0.296,4617
1671,Spotify,2024-10-01,67766,0.45,2876
1671,Apple Music,2025-12-01,134753,0.238,8743
1671,YouTube Music,2024-12-01,263092,0.414,8301
1672,Spotify,2025-02-01,176857,0.161,10502
1672,Apple Music,2025-03-01,159032,0.215,9476
1672,YouTube Music,2023-11-01,143188,0.329,2141
1673,Spotify,2023-07-01,99075,0.156,4951
1673,Apple Music,2024-05-01,235991,0.304,2991
1673,YouTube Music,2024-12-01,152807,0.393,11978
1674,Spotify,2025-07-01,102775,0.252,1136
1674,Apple Music,2024-01-01,67447,0.53,5217
1674,YouTube Music,2025-03-01,44218,0.458,1985
1675,Spotify,2024-10-01,13587,0.385,760
1675,Apple Music,2025-03-01,101678,0.525,4518
1675,YouTube Music,2024-03-01,177192,0.503,7402
1676,Spotify,2023-11-01,76947,0.23,1914
1676,Apple Music,2025-04-01,132194,0.45,7754
1676,YouTube Music,2024-02-01,201603,0.431,3837
1677,Spotify,2023-02-01,10910,0.258,455
1677,Apple Music,2025-09-01,74754,0.375,1783
1677,YouTube Music,2024-04-01,167369,0.348,10719
1678,Spotify,2023-01-01,131908,0.504,5372
1678,Apple Music,2023-09-01,102359,0.343,4806
1678,YouTube Music,2024-01-01,133591,0.393,6362
1679,Spotify,2023-02-01,176551,0.475,7067
1679,Apple Music,2024-02-01,48504,0.545,3476
1679,YouTube Music,2023-11-01,230947,0.24,16634
1680,Spotify,2025-12-01,233506,0.509,7701
1680,Apple Music,2023-10-01,10071,0.274,591
1680,YouTube Music,2025-08-01,20683,0.161,973
1681,Spotify,2025-05-01,36326,0.524,511
1681,Apple Music,2024-10-01,99706,0.36,5308
1681,YouTube Music,2024-10-01,165112,0.142,3422
1682,Spotify,2024-06-01,218427,0.298,6838
1682,Apple Music,2023-09-01,179258,0.094,3146
1682,YouTube Music,2025-05-01,186420,0.453,13008
1683,Spotify,2025-05-01,19499,0.086,1493
1683,Apple Music,2025-11-01,44352,0.518,378
1683,YouTube Music,2024-06-01,151445,0.385,6614
1684,Spotify,2025-06-01,108633,0.239,8616
1684,Apple Music,2025-08-01,189331,0.223,1558
1684,YouTube Music,2025-07-01,62519,0.264,3229
1685,Spotify,2023-09-01,36323,0.316,2784
1685,Apple Music,2023-11-01,32322,0.404,257
1685,YouTube Music,2025-12-01,140083,0.391,10295
1686,Spotify,2024-05-01,92010,0.149,3820
1686,Apple Music,2025-05-01,159519,0.219,11204
1686,YouTube Music,2024-08-01,30026,0.493,2283
1687,Spotify,2025-11-01,93528,0.288,6741
1687,Apple Music,2025-06-01,192123,0.32,12977
1687,YouTube Music,2023-01-01,138625,0.207,1476
1688,Spotify,2023-07-01,123633,0.521,4862
1688,Apple Music,2025-10-01,104707,0.317,5430
1688,YouTube Music,2024-01-01,133015,0.5,2826
1689,Spotify,2023-07-01,26914,0.211,564
1689,Apple Music,2023-05-01,186759,0.398,9304
1689,YouTube Music,2024-01-01,90766,0.286,553
1690,Spotify,2024-02-01,63608,0.375,1276
1690,Apple Music,2023-07-01,174472,0.255,11162
1690,YouTube Music,2023-11-01,245895,0.146,2154
1691,Spotify,2024-02-01,170687,0.528,13192
1691,Apple Music,2023-03-01,38150,0.499,3024
1691,YouTube Music,2025-09-01,52845,0.34,1617
1692,Spotify,2023-12-01,152940,0.356,4979
1692,Apple Music,2023-10-01,73114,0.445,2452
1692,YouTube Music,2024-08-01,180394,0.481,12746
1693,Spotify,2023-01-01,131227,0.387,1110
1693,Apple Music,2023-11-01,71751,0.206,4777
1693,YouTube Music,2024-07-01,107164,0.169,5264
1694,Spotify,2025-08-01,262079,0.205,18804
1694,Apple Music,2024-01-01,242581,0.464,1715
1694,YouTube Music,2023-05-01,92739,0.314,6992
1695,Spotify,2024-12-01,60053,0.289,4772
1695,Apple Music,2024-05-01,131796,0.488,5484
1695,YouTube Music,2025-07-01,53829,0.286,2934
1696,Spotify,2023-06-01,69424,0.41,2620
1696,Apple Music,2025-06-01,154078,0.456,10390
1696,YouTube Music,2023-09-01,93150,0.472,3519
1697,Spotify,2023-05-01,38603,0.333,1639
1697,Apple Music,2023-05-01,49371,0.25,1112
1697,YouTube Music,2023-07-01,35863,0.364,1525
1698,Spotify,2025-03-01,67177,0.402,1202
1698,Apple Music,2025-03-01,33452,0.183,2348
1698,YouTube Music,2025-02-01,32279,0.449,196
1699,Spotify,2024-12-01,73702,0.145,4215
1699,Apple Music,2024-08-01,98682,0.202,6270
1699,YouTube Music,2023-12-01,107107,0.47,5891
1700,Spotify,2024-07-01,145538,0.259,804
1700,Apple Music,2023-07-01,166292,0.188,1885
1700,YouTube Music,2024-08-01,232727,0.226,8846
1701,Spotify,2024-08-01,239948,0.433,8389
1701,Apple Music,2024-01-01,200444,0.268,4786
1701,YouTube Music,2024-11-01,149587,0.084,8278
1702,Spotify,2023-02-01,42744,0.226,3036
1702,Apple Music,2025-08-01,131573,0.215,6807
1702,YouTube Music,2023-08-01,122609,0.342,5097
1703,Spotify,2024-02-01,93074,0.21,1628
1703,Apple Music,2025-03-01,220284,0.25,1772
1703,YouTube Music,2025-09-01,202780,0.3,11347
1704,Spotify,2024-03-01,144510,0.21,1391
1704,Apple Music,2023-04-01,84469,0.531,1703
1704,YouTube Music,2023-02-01,55075,0.121,1296
1705,Spotify,2023-04-01,209119,0.55,13918
1705,Apple Music,2025-05-01,9144,0.131,122
1705,YouTube Music,2024-06-01,171449,0.246,7309
1706,Spotify,2024-03-01,181474,0.255,10387
1706,Apple Music,2024-10-01,186155,0.241,4790
1706,YouTube Music,2025-04-01,196791,0.243,11426
1707,Spotify,2025-04-01,84741,0.293,4058
1707,Apple Music,2023-06-01,225842,0.415,2636
1707,YouTube Music,2024-04-01,152520,0.529,11216
1708,Spotify,2025-06-01,288589,0.46,13187
1708,Apple Music,2023-08-01,298350,0.332,16356
1708,YouTube Music,2024-01-01,230920,0.146,17513
1709,Spotify,2023-12-01,190829,0.369,9300
1709,Apple Music,2024-11-01,119798,0.485,8993
1709,YouTube Music,2024-11-01,156422,0.526,7726
1710,Spotify,2023-08-01,164405,0.283,11426
1710,Apple Music,2025-01-01,200027,0.284,9470
1710,YouTube Music,2024-02-01,37410,0.082,2024
1711,Spotify,2024-12-01,240354,0.399,19170
1711,Apple Music,2025-11-01,281837,0.14,1600
1711,YouTube Music,2024-11-01,128455,0.51,1838
1712,Spotify,2025-07-01,23118,0.378,1674
1712,Apple Music,2024-12-01,58908,0.463,3489
1712,YouTube Music,2024-04-01,43124,0.124,1304
1713,Spotify,2024-01-01,211961,0.363,16724
1713,Apple Music,2023-06-01,122680,0.169,1823
1713,YouTube Music,2023-01-01,76544,0.123,1970
1714,Spotify,2025-05-01,185466,0.227,12822
1714,Apple Music,2024-09-01,21280,0.5,204
1714,YouTube Music,2024-06-01,71725,0.526,623
1715,Spotify,2023-03-01,5395,0.43,112
1715,Apple Music,2025-10-01,112908,0.355,8526
1715,YouTube Music,2023-02-01,99847,0.205,528
1716,Spotify,2025-09-01,9147,0.086,377
1716,Apple Music,2023-08-01,43381,0.234,2460
1716,YouTube Music,2024-05-01,147152,0.184,5549
1717,Spotify,2024-04-01,120553,0.286,4615
1717,Apple Music,2024-02-01,88301,0.342,1148
1717,YouTube Music,2025-04-01,64062,0.271,828
1718,Spotify,2023-10-01,141933,0.443,8639
1718,Apple Music,2023-06-01,63797,0.413,4301
1718,YouTube Music,2023-11-01,21671,0.126,1546
1719,Spotify,2025-09-01,75256,0.285,3043
1719,Apple Music,2024-08-01,191254,0.235,3551
1719,YouTube Music,2023-03-01,113745,0.411,7668
1720,Spotify,2023-12-01,209151,0.486,4513
1720,Apple Music,2023-10-01,136725,0.544,4238
1720,YouTube Music,2023-05-01,233080,0.228,12841
1721,Spotify,2025-03-01,40729,0.428,1490
1721,Apple Music,2025-12-01,38523,0.515,1324
1721,YouTube Music,2024-05-01,176052,0.122,931
1722,Spotify,2024-05-01,52022,0.492,1790
1722,Apple Music,2024-10-01,71983,0.432,3401
1722,YouTube Music,2025-01-01,23654,0.153,1466
1723,Spotify,2024-07-01,138459,0.376,2407
1723,Apple Music,2023-11-01,207559,0.23,8226
1723,YouTube Music,2024-11-01,179057,0.512,13273
1724,Spotify,2025-06-01,109674,0.363,2344
1724,Apple Music,2023-11-01,47493,0.1,392
1724,YouTube Music,2025-07-01,103256,0.538,3165
1725,Spotify,2024-07-01,233214,0.518,16640
1725,Apple Music,2025-05-01,110160,0.137,1919
1725,YouTube Music,2024-11-01,145187,0.193,3711
1726,Spotify,2024-11-01,53391,0.415,3550
1726,Apple Music,2023-06-01,240318,0.482,10724
1726,YouTube Music,2024-06-01,97775,0.425,2930
1727,Spotify,2025-06-01,120173,0.537,7417
1727,Apple Music,2025-11-01,36738,0.476,1560
1727,YouTube Music,2025-07-01,103412,0.464,3316
1728,Spotify,2025-04-01,109866,0.086,7022
1728,Apple Music,2025-07-01,172673,0.43,2850
1728,YouTube Music,2023-10-01,186517,0.2,2886
1729,Spotify,2025-05-01,46298,0.497,1363
1729,Apple Music,2025-04-01,108357,0.511,5693
1729,YouTube Music,2023-05-01,169590,0.188,5891
1730,Spotify,2023-03-01,21986,0.52,615
1730,Apple Music,2024-03-01,255358,0.102,2760
1730,YouTube Music,2023-06-01,65660,0.147,407
1731,Spotify,2023-10-01,252638,0.226,19812
1731,Apple Music,2025-11-01,43794,0.38,327
1731,YouTube Music,2023-09-01,287561,0.224,9937
1732,Spotify,2025-10-01,67252,0.458,3750
1732,Apple Music,2025-04-01,95482,0.106,4385
1732,YouTube Music,2024-11-01,291006,0.218,12342
1733,Spotify,2023-05-01,160278,0.527,6070
1733,Apple Music,2024-12-01,99854,0.541,3324
1733,YouTube Music,2025-10-01,165540,0.517,11003
1734,Spotify,2025-12-01,197086,0.323,8458
1734,Apple Music,2025-03-01,151225,0.088,4464
1734,YouTube Music,2023-07-01,134515,0.281,6431
1735,Spotify,2023-06-01,136992,0.48,2849
1735,Apple Music,2024-12-01,175557,0.155,4104
1735,YouTube Music,2023-08-01,176547,0.465,8903
1736,Spotify,2025-11-01,22079,0.207,403
1736,Apple Music,2024-07-01,72732,0.198,5151
1736,YouTube Music,2024-10-01,108525,0.246,8171
1737,Spotify,2024-09-01,286475,0.121,2467
1737,Apple Music,2025-12-01,112773,0.462,3829
1737,YouTube Music,2025-03-01,199824,0.529,15126
1738,Spotify,2023-04-01,119103,0.364,9394
1738,Apple Music,2025-06-01,292042,0.437,16263
1738,YouTube Music,2024-02-01,29836,0.281,1731
1739,Spotify,2025-04-01,87394,0.208,6008
1739,Apple Music,2025-01-01,261791,0.488,11999
1739,YouTube Music,2024-10-01,40193,0.428,1008
1740,Spotify,2023-08-01,28254,0.383,1815
1740,Apple Music,2025-09-01,181128,0.449,9486
1740,YouTube Music,2023-02-01,1146,0.397,19
1741,Spotify,2023-01-01,113235,0.316,3683
1741,Apple Music,2023-02-01,176516,0.353,5698
1741,YouTube Music,2025-04-01,58515,0.468,3088
1742,Spotify,2023-02-01,179881,0.441,8908
1742,Apple Music,2025-07-01,58299,0.166,825
1742,YouTube Music,2024-10-01,139432,0.472,2610
1743,Spotify,2024-08-01,8452,0.526,104
1743,Apple Music,2023-01-01,198962,0.505,11402
1743,YouTube Music,2025-02-01,177182,0.129,8617
1744,Spotify,2023-03-01,149982,0.241,11542
1744,Apple Music,2023-09-01,121947,0.329,2961
1744,YouTube Music,2025-08-01,131882,0.509,3751
1745,Spotify,2025-01-01,102269,0.134,4079
1745,Apple Music,2023-09-01,273976,0.293,4110
1745,YouTube Music,2025-04-01,79583,0.477,715
1746,Spotify,2025-12-01,240837,0.418,1378
1746,Apple Music,2023-04-01,51865,0.415,2754
1746,YouTube Music,2024-10-01,38597,0.393,229
1747,Spotify,2023-03-01,173383,0.205,1856
1747,Apple Music,2024-03-01,223003,0.245,13013
1747,YouTube Music,2023-04-01,84516,0.488,6026
1748,Spotify,2024-03-01,25589,0.3,792
1748,Apple Music,2024-08-01,191096,0.43,3355
1748,YouTube Music,2024-09-01,145777,0.432,1641
1749,Spotify,2025-09-01,25641,0.284,1903
1749,Apple Music,2024-02-01,134589,0.528,744
1749,YouTube Music,2023-07-01,80202,0.267,1944
1750,Spotify,2025-10-01,109526,0.087,1953
1750,Apple Music,2024-04-01,67034,0.402,5016
1750,YouTube Music,2024-04-01,221401,0.213,12293
1751,Spotify,2025-06-01,24282,0.212,256
1751,Apple Music,2024-09-01,8226,0.454,42
1751,YouTube Music,2024-01-01,75781,0.217,5659
1752,Spotify,2025-08-01,78038,0.317,2942
1752,Apple Music,2023-11-01,16718,0.343,993
1752,YouTube Music,2024-09-01,122550,0.39,8248
1753,Spotify,2024-03-01,60973,0.417,340
1753,Apple Music,2023-12-01,104721,0.381,8235
1753,YouTube Music,2025-09-01,41275,0.345,571
1754,Spotify,2023-02-01,54832,0.25,644
1754,Apple Music,2024-09-01,48780,0.281,958
1754,YouTube Music,2023-03-01,7286,0.37,58
1755,Spotify,2024-11-01,65899,0.228,656
1755,Apple Music,2023-12-01,243559,0.482,9887
1755,YouTube Music,2024-08-01,25574,0.394,648
1756,Spotify,2023-11-01,158216,0.32,5603
1756,Apple Music,2024-01-01,147545,0.5,9429
1756,YouTube Music,2024-09-01,146540,0.364,4116
1757,Spotify,2025-02-01,152666,0.196,12014
1757,Apple Music,2024-06-01,127211,0.138,10146
1757,YouTube Music,2024-07-01,191763,0.454,6742
1758,Spotify,2024-12-01,22059,0.239,553
1758,Apple Music,2023-08-01,6946,0.098,114
1758,YouTube Music,2024-01-01,109373,0.115,7925
1759,Spotify,2024-12-01,45637,0.393,2128
1759,Apple Music,2023-08-01,126786,0.224,5434
1759,YouTube Music,2023-01-01,144749,0.232,2782
1760,Spotify,2023-09-01,219194,0.379,11688
1760,Apple Music,2024-12-01,78788,0.341,5025
1760,YouTube Music,2025-10-01,145223,0.54,11152
1761,Spotify,2025-11-01,46776,0.421,2691
1761,Apple Music,2025-04-01,4191,0.504,30
1761,YouTube Music,2025-09-01,166724,0.393,3277
1762,Spotify,2023-11-01,102430,0.215,2709
1762,Apple Music,2024-11-01,113653,0.342,3288
1762,YouTube Music,2025-09-01,80307,0.193,867
1763,Spotify,2023-08-01,131219,0.27,8421
1763,Apple Music,2023-05-01,65761,0.541,1442
1763,YouTube Music,2023-07-01,1743,0.376,16
1764,Spotify,2024-12-01,102374,0.207,965
1764,Apple Music,2025-06-01,30284,0.267,597
1764,YouTube Music,2025-09-01,64898,0.275,2277
1765,Spotify,2023-05-01,120548,0.182,3897
1765,Apple Music,2025-11-01,83889,0.251,4928
1765,YouTube Music,2023-02-01,89446,0.489,6713
1766,Spotify,2024-10-01,36416,0.205,1754
1766,Apple Music,2023-11-01,114311,0.216,7132
1766,YouTube Music,2024-07-01,195737,0.221,13549
1767,Spotify,2025-02-01,83145,0.503,880
1767,Apple Music,2025-10-01,54514,0.272,3348
1767,YouTube Music,2025-10-01,74065,0.39,1971
1768,Spotify,2023-06-01,220644,0.162,8399
1768,Apple Music,2024-06-01,81048,0.372,3616
1768,YouTube Music,2023-01-01,232438,0.136,5343
1769,Spotify,2025-02-01,145267,0.136,4742
1769,Apple Music,2023-11-01,155685,0.211,11093
1769,YouTube Music,2025-03-01,61695,0.53,4069
1770,Spotify,2025-09-01,81964,0.172,878
1770,Apple Music,2023-12-01,26060,0.27,716
1770,YouTube Music,2023-05-01,169379,0.4,13276
1771,Spotify,2024-11-01,81384,0.544,4287
1771,Apple Music,2024-02-01,106153,0.278,6449
1771,YouTube Music,2024-04-01,186666,0.46,9262
1772,Spotify,2023-02-01,252484,0.225,3202
1772,Apple Music,2023-07-01,220786,0.361,12696
1772,YouTube Music,2024-02-01,86156,0.116,5424
1773,Spotify,2024-01-01,127169,0.128,9223
1773,Apple Music,2023-05-01,54717,0.17,1977
1773,YouTube Music,2025-09-01,15672,0.542,272
1774,Spotify,2023-11-01,139390,0.532,6043
1774,Apple Music,2023-05-01,30836,0.161,1435
1774,YouTube Music,2023-08-01,239920,0.338,3736
1775,Spotify,2025-08-01,168650,0.259,8489
1775,Apple Music,2025-02-01,176165,0.157,13187
1775,YouTube Music,2024-01-01,64198,0.474,977
1776,Spotify,2025-09-01,183109,0.476,3244
1776,Apple Music,2023-09-01,93666,0.54,4534
1776,YouTube Music,2025-05-01,251143,0.231,12537
1777,Spotify,2023-08-01,166619,0.39,9549
1777,Apple Music,2023-06-01,232411,0.317,11499
1777,YouTube Music,2025-11-01,91152,0.35,4968
1778,Spotify,2023-08-01,184138,0.178,7046
1778,Apple Music,2023-10-01,101336,0.127,3310
1778,YouTube Music,2024-04-01,89073,0.332,2559
1779,Spotify,2024-12-01,124901,0.191,9739
1779,Apple Music,2025-07-01,9487,0.329,593
1779,YouTube Music,2025-07-01,191996,0.26,11280
1780,Spotify,2024-01-01,56738,0.398,4144
1780,Apple Music,2023-02-01,127433,0.118,2275
1780,YouTube Music,2024-05-01,128331,0.263,7025
1781,Spotify,2023-05-01,167385,0.129,1129
1781,Apple Music,2025-11-01,104600,0.109,3261
1781,YouTube Music,2024-11-01,61442,0.256,1857
1782,Spotify,2025-06-01,69822,0.293,4171
1782,Apple Music,2025-06-01,13557,0.42,492
1782,YouTube Music,2024-09-01,91509,0.185,6466
1783,Spotify,2023-06-01,251994,0.246,18656
1783,Apple Music,2025-09-01,18438,0.523,1389
1783,YouTube Music,2023-02-01,80590,0.453,5514
1784,Spotify,2023-08-01,189914,0.233,3369
1784,Apple Music,2025-11-01,193764,0.507,9995
1784,YouTube Music,2023-10-01,261615,0.281,18523
1785,Spotify,2025-10-01,114916,0.399,5614
1785,Apple Music,2024-05-01,12681,0.465,695
1785,YouTube Music,2023-06-01,11128,0.108,274
1786,Spotify,2024-10-01,184320,0.522,4831
1786,Apple Music,2025-09-01,192863,0.498,4166
1786,YouTube Music,2025-08-01,75579,0.547,4208
1787,Spotify,2024-02-01,120899,0.237,6181
1787,Apple Music,2024-01-01,72358,0.284,1271
1787,YouTube Music,2023-05-01,136168,0.091,8754
1788,Spotify,2024-04-01,90793,0.328,3846
1788,Apple Music,2024-10-01,104728,0.164,3527
1788,YouTube Music,2023-12-01,59696,0.405,482
1789,Spotify,2024-01-01,135327,0.12,9651
1789,Apple Music,2023-01-01,59688,0.469,3894
1789,YouTube Music,2025-05-01,171166,0.217,1970
1790,Spotify,2025-03-01,69399,0.458,2584
1790,Apple Music,2023-08-01,144070,0.364,2872
1790,YouTube Music,2023-01-01,163623,0.424,9213
1791,Spotify,2025-07-01,172937,0.275,10266
1791,Apple Music,2024-06-01,214742,0.448,8400
1791,YouTube Music,2025-01-01,147905,0.248,4054
1792,Spotify,2024-12-01,62745,0.532,835
1792,Apple Music,2023-01-01,73035,0.443,4319
1792,YouTube Music,2023-04-01,45844,0.176,1312
1793,Spotify,2025-04-01,18084,0.424,273
1793,Apple Music,2025-12-01,71412,0.493,1459
1793,YouTube Music,2025-01-01,22269,0.388,637
1794,Spotify,2023-07-01,119387,0.257,752
1794,Apple Music,2025-02-01,5226,0.212,67
1794,YouTube Music,2024-03-01,304804,0.224,13115
1795,Spotify,2024-09-01,46730,0.505,1705
1795,Apple Music,2025-10-01,96253,0.2,1461
1795,YouTube Music,2024-10-01,136063,0.162,3556
1796,Spotify,2025-01-01,134068,0.512,4138
1796,Apple Music,2025-10-01,47056,0.455,3615
1796,YouTube Music,2025-03-01,70216,0.441,1197
1797,Spotify,2023-10-01,162523,0.544,7630
1797,Apple Music,2024-10-01,281958,0.418,21577
1797,YouTube Music,2025-10-01,155323,0.261,9224
1798,Spotify,2024-11-01,27170,0.409,698
1798,Apple Music,2023-04-01,129881,0.283,8125
1798,YouTube Music,2023-05-01,148145,0.201,11501
1799,Spotify,2024-08-01,57488,0.493,3466
1799,Apple Music,2023-09-01,144354,0.2,10363
1799,YouTube Music,2023-02-01,167291,0.309,9462
1800,Spotify,2025-11-01,176565,0.292,1458
1800,Apple Music,2024-01-01,185551,0.31,11487
1800,YouTube Music,2025-05-01,171213,0.317,1213
1801,Spotify,2025-08-01,148136,0.307,8640
1801,Apple Music,2023-02-01,61329,0.48,503
1801,YouTube Music,2024-10-01,93527,0.392,555
1802,Spotify,2024-06-01,142454,0.402,1650
1802,Apple Music,2025-03-01,125965,0.163,3892
1802,YouTube Music,2023-09-01,207784,0.513,14658
1803,Spotify,2023-06-01,206156,0.403,8794
1803,Apple Music,2025-02-01,148619,0.506,5104
1803,YouTube Music,2024-07-01,92988,0.3,5294
1804,Spotify,2025-05-01,186935,0.484,6747
1804,Apple Music,2024-05-01,13457,0.278,820
1804,YouTube Music,2024-02-01,126968,0.241,9039
1805,Spotify,2023-10-01,191623,0.486,1989
1805,Apple Music,2024-02-01,92448,0.168,1375
1805,YouTube Music,2025-03-01,119495,0.266,4218
1806,Spotify,2025-08-01,29947,0.381,1114
1806,Apple Music,2024-10-01,259352,0.342,16076
1806,YouTube Music,2025-11-01,144818,0.327,6926
1807,Spotify,2024-04-01,222373,0.428,2534
1807,Apple Music,2025-04-01,15957,0.312,140
1807,YouTube Music,2024-10-01,116972,0.47,2192
1808,Spotify,2023-03-01,162932,0.198,3687
1808,Apple Music,2023-02-01,123084,0.356,7248
1808,YouTube Music,2023-10-01,132788,0.537,8164
1809,Spotify,2025-01-01,174158,0.195,13882
1809,Apple Music,2023-07-01,140345,0.243,9251
1809,YouTube Music,2024-08-01,35986,0.086,688
1810,Spotify,2024-10-01,64593,0.246,2526
1810,Apple Music,2023-01-01,187158,0.44,8246
1810,YouTube Music,2023-12-01,104388,0.474,6080
1811,Spotify,2024-09-01,45706,0.089,2807
1811,Apple Music,2024-04-01,56556,0.223,3229
1811,YouTube Music,2024-07-01,250945,0.14,14892
1812,Spotify,2023-04-01,18866,0.322,1159
1812,Apple Music,2025-12-01,113936,0.476,7892
1812,YouTube Music,2023-11-01,217518,0.318,17156
1813,Spotify,2025-02-01,20575,0.174,1105
1813,Apple Music,2023-08-01,160866,0.388,2777
1813,YouTube Music,2025-07-01,162816,0.094,12283
1814,Spotify,2025-05-01,115078,0.187,6193
1814,Apple Music,2024-06-01,114379,0.115,2684
1814,YouTube Music,2025-08-01,169649,0.238,3297
1815,Spotify,2024-01-01,133306,0.161,7305
1815,Apple Music,2023-11-01,65069,0.183,3414
1815,YouTube Music,2025-06-01,168664,0.174,9830
1816,Spotify,2024-08-01,43880,0.291,2485
1816,Apple Music,2025-04-01,30140,0.241,1989
1816,YouTube Music,2024-02-01,15107,0.316,704
1817,Spotify,2024-10-01,40863,0.443,1214
1817,Apple Music,2023-12-01,98445,0.364,4187
1817,YouTube Music,2023-01-01,216535,0.192,9247
1818,Spotify,2024-08-01,189885,0.137,9310
1818,Apple Music,2023-07-01,125619,0.122,4396
1818,YouTube Music,2023-03-01,118501,0.474,1816
1819,Spotify,2025-11-01,303407,0.433,3986
1819,Apple Music,2023-03-01,123826,0.413,5852
1819,YouTube Music,2024-04-01,174588,0.482,8472
1820,Spotify,2024-08-01,277570,0.463,16800
1820,Apple Music,2023-12-01,197207,0.544,13756
1820,YouTube Music,2025-06-01,101845,0.332,3846
1821,Spotify,2025-10-01,7312,0.53,538
1821,Apple Music,2025-08-01,35381,0.359,2088
1821,YouTube Music,2025-12-01,148540,0.525,7029
1822,Spotify,2024-01-01,158590,0.436,9792
1822,Apple Music,2024-01-01,42929,0.214,711
1822,YouTube Music,2023-07-01,135066,0.344,3989
1823,Spotify,2024-03-01,13946,0.312,113
1823,Apple Music,2023-11-01,990,0.094,68
1823,YouTube Music,2023-03-01,208572,0.522,2610
1824,Spotify,2024-07-01,5255,0.352,194
1824,Apple Music,2024-04-01,74339,0.524,1483
1824,YouTube Music,2024-06-01,118206,0.317,9340
1825,Spotify,2025-12-01,120683,0.296,1514
1825,Apple Music,2024-04-01,1167,0.39,34
1825,YouTube Music,2024-08-01,161832,0.305,4664
1826,Spotify,2025-01-01,61803,0.116,1473
1826,Apple Music,2024-09-01,212352,0.547,5370
1826,YouTube Music,2025-01-01,192449,0.431,4442
1827,Spotify,2023-01-01,200867,0.535,7463
1827,Apple Music,2025-03-01,42587,0.541,649
1827,YouTube Music,2024-09-01,144991,0.277,4163
1828,Spotify,2024-01-01,16077,0.345,702
1828,Apple Music,2025-08-01,30750,0.261,2072
1828,YouTube Music,2025-01-01,155690,0.092,11478
1829,Spotify,2024-07-01,10334,0.324,778
1829,Apple Music,2025-08-01,156821,0.413,8203
1829,YouTube Music,2025-11-01,70697,0.269,3388
1830,Spotify,2025-09-01,10196,0.21,212
1830,Apple Music,2023-03-01,114689,0.258,1155
1830,YouTube Music,2025-09-01,26817,0.086,724
1831,Spotify,2025-02-01,159524,0.453,2893
1831,Apple Music,2023-06-01,23554,0.504,1277
1831,YouTube Music,2023-11-01,154951,0.432,7489
1832,Spotify,2024-10-01,147250,0.468,4198
1832,Apple Music,2023-03-01,204227,0.357,12182
1832,YouTube Music,2024-07-01,74009,0.414,4141
1833,Spotify,2025-09-01,93085,0.377,6269
1833,Apple Music,2023-05-01,206891,0.501,14030
1833,YouTube Music,2024-09-01,5795,0.345,384
1834,Spotify,2025-04-01,64539,0.215,3561
1834,Apple Music,2023-12-01,6808,0.32,242
1834,YouTube Music,2025-08-01,226779,0.176,11738
1835,Spotify,2025-03-01,149332,0.261,5023
1835,Apple Music,2023-09-01,1794,0.244,50
1835,YouTube Music,2023-08-01,74744,0.185,5234
1836,Spotify,2024-08-01,140588,0.24,9446
1836,Apple Music,2025-09-01,109417,0.144,6327
1836,YouTube Music,2023-03-01,169230,0.439,11946
1837,Spotify,2024-05-01,231541,0.546,6707
1837,Apple Music,2023-11-01,11297,0.373,825
1837,YouTube Music,2025-08-01,4321,0.086,163
1838,Spotify,2025-08-01,40999,0.382,1023
1838,Apple Music,2024-02-01,283631,0.258,8684
1838,YouTube Music,2024-05-01,81462,0.212,5548
1839,Spotify,2023-08-01,186799,0.406,5265
1839,Apple Music,2024-11-01,118283,0.247,6971
1839,YouTube Music,2025-07-01,152584,0.542,4460
1840,Spotify,2025-02-01,224824,0.364,17431
1840,Apple Music,2023-06-01,139605,0.129,10388
1840,YouTube Music,2025-06-01,204928,0.5,13125
1841,Spotify,2024-01-01,19883,0.281,1196
1841,Apple Music,2025-01-01,174209,0.391,10682
1841,YouTube Music,2023-10-01,180302,0.317,3734
1842,Spotify,2024-06-01,56419,0.232,538
1842,Apple Music,2024-12-01,183784,0.104,13623
1842,YouTube Music,2023-09-01,262553,0.257,14863
1843,Spotify,2024-03-01,135383,0.221,10541
1843,Apple Music,2024-06-01,92866,0.292,2825
1843,YouTube Music,2023-07-01,205518,0.329,15712
1844,Spotify,2023-05-01,57105,0.084,3025
1844,Apple Music,2024-02-01,221363,0.507,8810
1844,YouTube Music,2025-12-01,194992,0.396,12278
1845,Spotify,2025-05-01,181005,0.258,13605
1845,Apple Music,2023-11-01,133129,0.459,10177
1845,YouTube Music,2024-08-01,100660,0.402,3104
1846,Spotify,2024-09-01,184868,0.433,10561
1846,Apple Music,2025-03-01,29317,0.488,2165
1846,YouTube Music,2025-03-01,58489,0.527,688
1847,Spotify,2024-03-01,172225,0.32,9866
1847,Apple Music,2023-09-01,86752,0.352,6078
1847,YouTube Music,2025-10-01,91660,0.253,901
1848,Spotify,2023-02-01,43147,0.502,3088
1848,Apple Music,2024-04-01,86894,0.104,1948
1848,YouTube Music,2024-08-01,7224,0.51,309
1849,Spotify,2024-08-01,50301,0.222,2561
1849,Apple Music,2024-02-01,196330,0.337,6581
1849,YouTube Music,2025-03-01,145702,0.317,8528
1850,Spotify,2023-09-01,22660,0.446,1462
1850,Apple Music,2024-07-01,99419,0.334,7261
1850,YouTube Music,2023-11-01,106096,0.179,4017
1851,Spotify,2023-01-01,199215,0.49,9038
1851,Apple Music,2025-10-01,136794,0.25,5191
1851,YouTube Music,2025-04-01,202655,0.266,15192
1852,Spotify,2025-05-01,95803,0.266,2232
1852,Apple Music,2023-09-01,84217,0.3,5121
1852,YouTube Music,2024-10-01,3994,0.178,286
1853,Spotify,2025-08-01,14832,0.461,945
1853,Apple Music,2023-05-01,84821,0.377,3179
1853,YouTube Music,2023-02-01,209886,0.483,11750
1854,Spotify,2023-07-01,20270,0.404,691
1854,Apple Music,2024-06-01,103096,0.433,1626
1854,YouTube Music,2025-06-01,82527,0.216,429
1855,Spotify,2023-03-01,139646,0.515,10661
1855,Apple Music,2023-09-01,152909,0.439,1958
1855,YouTube Music,2024-12-01,91911,0.118,3097
1856,Spotify,2024-01-01,14890,0.451,278
1856,Apple Music,2024-10-01,82154,0.088,1050
1856,YouTube Music,2023-12-01,173772,0.32,9134
1857,Spotify,2023-01-01,133532,0.143,3794
1857,Apple Music,2024-08-01,113313,0.311,5192
1857,YouTube Music,2024-01-01,76439,0.149,818
1858,Spotify,2025-10-01,76086,0.209,5498
1858,Apple Music,2023-08-01,62445,0.429,4279
1858,YouTube Music,2024-03-01,31479,0.382,193
1859,Spotify,2025-01-01,215847,0.091,5027
1859,Apple Music,2024-08-01,129513,0.432,8812
1859,YouTube Music,2025-04-01,28793,0.24,2152
1860,Spotify,2024-06-01,42885,0.118,1678
1860,Apple Music,2025-12-01,100501,0.111,4745
1860,YouTube Music,2023-03-01,51480,0.436,943
1861,Spotify,2025-03-01,220388,0.503,2295
1861,Apple Music,2023-02-01,17200,0.484,963
1861,YouTube Music,2023-07-01,184221,0.337,2581
1862,Spotify,2024-01-01,202760,0.237,1705
1862,Apple Music,2025-10-01,187197,0.544,2843
1862,YouTube Music,2023-12-01,19277,0.362,441
1863,Spotify,2024-05-01,213288,0.102,13154
1863,Apple Music,2025-04-01,196741,0.151,15343
1863,YouTube Music,2025-04-01,219800,0.219,13605
1864,Spotify,2025-10-01,150321,0.247,3124
1864,Apple Music,2025-09-01,62691,0.424,3875
1864,YouTube Music,2025-05-01,5050,0.543,223
1865,Spotify,2023-10-01,24966,0.273,585
1865,Apple Music,2023-05-01,141264,0.23,921
1865,YouTube Music,2025-01-01,195239,0.313,2525
1866,Spotify,2024-03-01,72327,0.139,1508
1866,Apple Music,2024-08-01,23367,0.104,560
1866,YouTube Music,2024-02-01,182844,0.347,10401
1867,Spotify,2023-12-01,173868,0.481,998
1867,Apple Music,2025-05-01,68603,0.328,4920
1867,YouTube Music,2023-08-01,144678,0.397,6005
1868,Spotify,2023-08-01,98316,0.361,3476
1868,Apple Music,2024-08-01,33453,0.258,312
1868,YouTube Music,2023-04-01,59939,0.083,774
1869,Spotify,2024-03-01,127531,0.179,6753
1869,Apple Music,2024-04-01,169404,0.355,4430
1869,YouTube Music,2023-07-01,144862,0.252,5093
1870,Spotify,2024-03-01,202072,0.234,15775
1870,Apple Music,2025-01-01,244988,0.277,6547
1870,YouTube Music,2024-09-01,68862,0.126,1358
1871,Spotify,2025-02-01,20139,0.15,1360
1871,Apple Music,2023-10-01,65836,0.309,4705
1871,YouTube Music,2025-06-01,127140,0.368,744
1872,Spotify,2024-01-01,73637,0.144,4224
1872,Apple Music,2025-09-01,163692,0.541,3129
1872,YouTube Music,2023-02-01,163558,0.216,11429
1873,Spotify,2024-08-01,78585,0.363,5318
1873,Apple Music,2025-08-01,83580,0.31,4630
1873,YouTube Music,2023-10-01,100244,0.438,7664
1874,Spotify,2024-06-01,141701,0.112,4003
1874,Apple Music,2023-01-01,197357,0.292,10009
1874,YouTube Music,2024-04-01,192593,0.403,1269
1875,Spotify,2023-09-01,142732,0.479,6928
1875,Apple Music,2024-06-01,191018,0.461,11066
1875,YouTube Music,2024-12-01,159381,0.211,3361
1876,Spotify,2025-08-01,65972,0.502,2817
1876,Apple Music,2025-10-01,223875,0.112,13190
1876,YouTube Music,2024-04-01,33374,0.318,620
1877,Spotify,2024-08-01,122711,0.136,3040
1877,Apple Music,2023-03-01,236955,0.277,17766
1877,YouTube Music,2023-09-01,121308,0.304,2060
1878,Spotify,2024-09-01,59703,0.356,825
1878,Apple Music,2025-03-01,233201,0.331,7585
1878,YouTube Music,2024-01-01,93825,0.397,919
1879,Spotify,2025-09-01,225090,0.127,12869
1879,Apple Music,2023-12-01,140356,0.171,8210
1879,YouTube Music,2025-06-01,81802,0.503,1655
1880,Spotify,2023-07-01,132717,0.536,880
1880,Apple Music,2023-05-01,278039,0.2,12805
1880,YouTube Music,2024-01-01,232486,0.082,14176
1881,Spotify,2023-01-01,143502,0.101,3283
1881,Apple Music,2025-08-01,241465,0.535,1938
1881,YouTube Music,2025-09-01,58204,0.326,995
1882,Spotify,2023-08-01,190237,0.235,12251
1882,Apple Music,2024-10-01,81515,0.202,4006
1882,YouTube Music,2025-10-01,270923,0.501,8970
1883,Spotify,2024-05-01,184172,0.462,6554
1883,Apple Music,2024-09-01,174415,0.252,12662
1883,YouTube Music,2025-08-01,307235,0.393,18289
1884,Spotify,2025-12-01,29148,0.475,851
1884,Apple Music,2024-12-01,194413,0.384,9576
1884,YouTube Music,2024-01-01,168345,0.342,3304
1885,Spotify,2023-05-01,173172,0.216,3780
1885,Apple Music,2023-01-01,27379,0.154,911
1885,YouTube Music,2024-08-01,81087,0.503,2892
1886,Spotify,2024-02-01,148483,0.306,11874
1886,Apple Music,2025-08-01,65900,0.351,3821
1886,YouTube Music,2023-07-01,34955,0.18,2684
1887,Spotify,2025-10-01,84898,0.407,1425
1887,Apple Music,2023-08-01,9696,0.179,446
1887,YouTube Music,2023-08-01,236923,0.267,17761
1888,Spotify,2023-07-01,10191,0.243,239
1888,Apple Music,2025-05-01,280912,0.189,2810
1888,YouTube Music,2023-05-01,128197,0.307,3866
1889,Spotify,2025-01-01,155868,0.545,6769
1889,Apple Music,2023-06-01,198480,0.372,6809
1889,YouTube Music,2023-07-01,286062,0.245,15657
1890,Spotify,2024-04-01,19738,0.094,1022
1890,Apple Music,2023-12-01,39627,0.153,2488
1890,YouTube Music,2024-11-01,140621,0.285,10934
1891,Spotify,2023-11-01,1927,0.426,35
1891,Apple Music,2024-04-01,178601,0.485,13991
1891,YouTube Music,2025-07-01,98989,0.158,7669
1892,Spotify,2023-04-01,25538,0.393,828
1892,Apple Music,2023-04-01,134313,0.236,2931
1892,YouTube Music,2025-09-01,151297,0.288,7087
1893,Spotify,2024-02-01,118981,0.236,3917
1893,Apple Music,2024-11-01,86961,0.287,6910
1893,YouTube Music,2023-10-01,160497,0.084,12406
1894,Spotify,2024-05-01,97027,0.267,4070
1894,Apple Music,2025-10-01,26046,0.17,1943
1894,YouTube Music,2024-09-01,248520,0.284,4473
1895,Spotify,2024-01-01,145367,0.491,3414
1895,Apple Music,2023-06-01,11951,0.168,656
1895,YouTube Music,2024-12-01,30606,0.438,1501
1896,Spotify,2025-05-01,97096,0.355,3941
1896,Apple Music,2024-04-01,185694,0.111,14566
1896,YouTube Music,2025-11-01,106557,0.198,7470
1897,Spotify,2025-03-01,8239,0.373,345
1897,Apple Music,2024-05-01,32907,0.206,2048
1897,YouTube Music,2024-06-01,221138,0.23,16671
1898,Spotify,2024-08-01,70094,0.146,4802
1898,Apple Music,2023-02-01,16067,0.32,1261
1898,YouTube Music,2024-02-01,95446,0.131,4649
1899,Spotify,2025-10-01,220415,0.208,13903
1899,Apple Music,2024-09-01,197430,0.29,12698
1899,YouTube Music,2025-02-01,264444,0.486,15749
1900,Spotify,2025-04-01,57879,0.322,2405
1900,Apple Music,2025-09-01,3965,0.325,25
1900,YouTube Music,2025-01-01,217901,0.086,15025
1901,Spotify,2025-01-01,150510,0.088,3197
1901,Apple Music,2025-12-01,150150,0.34,9096
1901,YouTube Music,2024-11-01,15823,0.541,921
1902,Spotify,2025-10-01,201638,0.389,13263
1902,Apple Music,2023-02-01,14837,0.532,939
1902,YouTube Music,2023-11-01,158567,0.347,5764
1903,Spotify,2024-08-01,18093,0.529,484
1903,Apple Music,2025-11-01,140632,0.148,1913
1903,YouTube Music,2024-03-01,235293,0.346,16422
1904,Spotify,2025-05-01,15059,0.46,777
1904,Apple Music,2023-07-01,206223,0.42,10292
1904,YouTube Music,2023-12-01,2211,0.15,51
1905,Spotify,2024-08-01,85526,0.254,6640
1905,Apple Music,2024-08-01,252151,0.136,9195
1905,YouTube Music,2025-10-01,158925,0.179,4196
1906,Spotify,2025-11-01,119219,0.223,8885
1906,Apple Music,2024-01-01,205563,0.385,7162
1906,YouTube Music,2025-06-01,143367,0.492,8312
1907,Spotify,2023-01-01,64231,0.141,933
1907,Apple Music,2025-08-01,173553,0.547,12495
1907,YouTube Music,2023-11-01,96775,0.511,3483
1908,Spotify,2024-05-01,152289,0.475,9662
1908,Apple Music,2025-06-01,95232,0.136,5803
1908,YouTube Music,2023-09-01,122016,0.195,8704
1909,Spotify,2023-11-01,59214,0.378,4406
1909,Apple Music,2025-02-01,182190,0.329,8625
1909,YouTube Music,2024-10-01,140027,0.284,4723
1910,Spotify,2023-08-01,47072,0.392,2346
1910,Apple Music,2023-02-01,139115,0.145,5018
1910,YouTube Music,2025-04-01,49898,0.188,1201
1911,Spotify,2024-11-01,200487,0.411,16030
1911,Apple Music,2023-03-01,161047,0.466,10215
1911,YouTube Music,2024-02-01,47683,0.088,3317
1912,Spotify,2024-01-01,246635,0.278,11666
1912,Apple Music,2024-08-01,44352,0.39,2122
1912,YouTube Music,2025-05-01,74720,0.393,1929
1913,Spotify,2023-04-01,173571,0.114,10539
1913,Apple Music,2025-12-01,236005,0.469,8812
1913,YouTube Music,2024-07-01,155119,0.483,8188
1914,Spotify,2025-11-01,183643,0.43,7401
1914,Apple Music,2025-01-01,45130,0.415,555
1914,YouTube Music,2025-08-01,62395,0.188,1483
1915,Spotify,2025-08-01,132647,0.088,1508
1915,Apple Music,2025-04-01,151387,0.449,9305
1915,YouTube Music,2023-06-01,65842,0.431,1724
1916,Spotify,2024-03-01,77617,0.522,1142
1916,Apple Music,2023-08-01,151568,0.311,5884
1916,YouTube Music,2023-02-01,137092,0.29,4171
1917,Spotify,2023-02-01,266425,0.327,8211
1917,Apple Music,2025-07-01,99641,0.283,758
1917,YouTube Music,2025-08-01,67397,0.354,2339
1918,Spotify,2023-12-01,222317,0.49,4051
1918,Apple Music,2025-10-01,204410,0.236,11570
1918,YouTube Music,2024-08-01,167692,0.392,10794
1919,Spotify,2025-04-01,257567,0.494,12419
1919,Apple Music,2025-11-01,248406,0.327,5738
1919,YouTube Music,2024-02-01,15814,0.537,455
1920,Spotify,2024-07-01,162807,0.411,6604
1920,Apple Music,2023-09-01,327623,0.383,14546
1920,YouTube Music,2025-02-01,199535,0.284,11736
1921,Spotify,2025-06-01,94277,0.233,5552
1921,Apple Music,2025-06-01,162876,0.537,2216
1921,YouTube Music,2025-01-01,250854,0.188,13155
1922,Spotify,2025-07-01,32898,0.296,1384
1922,Apple Music,2025-07-01,45680,0.172,3364
1922,YouTube Music,2024-11-01,108903,0.531,8252
1923,Spotify,2025-03-01,167664,0.413,7804
1923,Apple Music,2023-01-01,35015,0.339,1868
1923,YouTube Music,2025-07-01,38912,0.164,2578
1924,Spotify,2024-06-01,130850,0.166,1496
1924,Apple Music,2023-10-01,154795,0.199,7538
1924,YouTube Music,2025-01-01,190894,0.126,10937
1925,Spotify,2024-09-01,193140,0.081,4806
1925,Apple Music,2023-08-01,199072,0.166,3333
1925,YouTube Music,2025-10-01,237191,0.218,18547
1926,Spotify,2024-09-01,109423,0.411,1601
1926,Apple Music,2024-02-01,68887,0.526,2128
1926,YouTube Music,2025-04-01,166359,0.429,1629
1927,Spotify,2024-08-01,62434,0.523,1845
1927,Apple Music,2023-05-01,118501,0.4,5015
1927,YouTube Music,2024-09-01,241485,0.141,15681
1928,Spotify,2024-12-01,126069,0.177,1288
1928,Apple Music,2024-08-01,196349,0.362,4762
1928,YouTube Music,2025-01-01,23747,0.402,443
1929,Spotify,2023-08-01,92566,0.39,4464
1929,Apple Music,2024-10-01,97512,0.265,5665
1929,YouTube Music,2025-02-01,170140,0.208,2784
1930,Spotify,2023-06-01,105442,0.52,2819
1930,Apple Music,2025-01-01,108287,0.389,2531
1930,YouTube Music,2025-06-01,51437,0.436,1749
1931,Spotify,2025-12-01,166659,0.25,7483
1931,Apple Music,2025-02-01,109432,0.23,633
1931,YouTube Music,2023-11-01,163388,0.315,7220
1932,Spotify,2025-07-01,153213,0.297,5201
1932,Apple Music,2024-02-01,237655,0.522,4457
1932,YouTube Music,2025-07-01,80123,0.38,4051
1933,Spotify,2023-08-01,239471,0.13,11490
1933,Apple Music,2023-10-01,91216,0.22,1981
1933,YouTube Music,2024-04-01,70371,0.364,2129
1934,Spotify,2025-02-01,4040,0.265,138
1934,Apple Music,2024-09-01,14829,0.116,362
1934,YouTube Music,2025-01-01,160888,0.534,10576
1935,Spotify,2025-11-01,103324,0.316,1217
1935,Apple Music,2025-12-01,120754,0.499,2373
1935,YouTube Music,2025-07-01,156634,0.547,8195
1936,Spotify,2023-10-01,130634,0.307,6811
1936,Apple Music,2024-12-01,95980,0.336,3652
1936,YouTube Music,2025-01-01,16552,0.22,818
1937,Spotify,2025-07-01,106524,0.166,5228
1937,Apple Music,2025-09-01,201673,0.517,5934
1937,YouTube Music,2025-03-01,67132,0.522,383
1938,Spotify,2023-03-01,143146,0.445,9576
1938,Apple Music,2024-01-01,113901,0.172,7534
1938,YouTube Music,2025-05-01,34845,0.284,1598
1939,Spotify,2025-10-01,20677,0.307,1178
1939,Apple Music,2024-02-01,20271,0.161,1052
1939,YouTube Music,2024-07-01,219172,0.454,13471
1940,Spotify,2023-03-01,243988,0.251,11430
1940,Apple Music,2025-06-01,70751,0.25,1041
1940,YouTube Music,2024-04-01,160127,0.092,12669
1941,Spotify,2025-03-01,2546,0.151,40
1941,Apple Music,2023-09-01,217092,0.455,6895
1941,YouTube Music,2023-06-01,128972,0.314,4267
1942,Spotify,2024-09-01,187234,0.221,14181
1942,Apple Music,2024-11-01,172147,0.427,4296
1942,YouTube Music,2025-04-01,94150,0.294,1536
1943,Spotify,2025-06-01,34414,0.514,489
1943,Apple Music,2025-08-01,230988,0.327,2005
1943,YouTube Music,2024-01-01,86851,0.226,6528
1944,Spotify,2024-09-01,236934,0.335,12744
1944,Apple Music,2025-07-01,2822,0.344,149
1944,YouTube Music,2024-07-01,148093,0.458,3628
1945,Spotify,2025-09-01,24567,0.29,1617
1945,Apple Music,2024-07-01,115313,0.47,7372
1945,YouTube Music,2024-08-01,82374,0.183,2267
1946,Spotify,2024-10-01,90955,0.272,2016
1946,Apple Music,2023-09-01,35096,0.487,1998
1946,YouTube Music,2023-08-01,35675,0.115,179
1947,Spotify,2024-06-01,70750,0.496,3000
1947,Apple Music,2023-06-01,13596,0.157,680
1947,YouTube Music,2023-10-01,133622,0.302,8199
1948,Spotify,2025-02-01,165952,0.382,6145
1948,Apple Music,2024-07-01,72137,0.356,2800
1948,YouTube Music,2025-02-01,5388,0.433,405
1949,Spotify,2025-04-01,180858,0.286,4946
1949,Apple Music,2025-09-01,108739,0.176,4142
1949,YouTube Music,2025-11-01,102823,0.459,4415
1950,Spotify,2023-04-01,180146,0.388,5794
1950,Apple Music,2024-05-01,38629,0.368,926
1950,YouTube Music,2023-10-01,220470,0.263,16295
1951,Spotify,2024-05-01,76708,0.305,3130
1951,Apple Music,2025-05-01,66583,0.154,1040
1951,YouTube Music,2023-10-01,145464,0.254,10573
1952,Spotify,2024-06-01,29621,0.435,1997
1952,Apple Music,2023-03-01,107770,0.489,4886
1952,YouTube Music,2023-01-01,175177,0.359,9274
1953,Spotify,2023-08-01,98454,0.23,3081
1953,Apple Music,2024-12-01,62518,0.339,1646
1953,YouTube Music,2023-05-01,125377,0.185,3475
1954,Spotify,2023-03-01,94238,0.389,6618
1954,Apple Music,2023-07-01,58184,0.196,4145
1954,YouTube Music,2025-06-01,83504,0.255,5374
1955,Spotify,2025-11-01,220173,0.227,16075
1955,Apple Music,2025-03-01,115724,0.266,7613
1955,YouTube Music,2025-08-01,234603,0.359,17294
1956,Spotify,2025-11-01,161080,0.376,8451
1956,Apple Music,2023-08-01,128915,0.41,5247
1956,YouTube Music,2023-10-01,106132,0.356,4262
1957,Spotify,2024-07-01,217109,0.421,15213
1957,Apple Music,2025-06-01,8716,0.389,694
1957,YouTube Music,2025-11-01,122369,0.452,7532
1958,Spotify,2025-03-01,74547,0.251,631
1958,Apple Music,2025-12-01,164236,0.524,11842
1958,YouTube Music,2023-12-01,9245,0.088,352
1959,Spotify,2024-09-01,58508,0.149,1853
1959,Apple Music,2025-05-01,42316,0.261,261
1959,YouTube Music,2023-08-01,149352,0.245,6346
1960,Spotify,2025-08-01,115420,0.355,7849
1960,Apple Music,2025-10-01,42195,0.38,1962
1960,YouTube Music,2025-05-01,156570,0.096,6724
1961,Spotify,2025-09-01,2602,0.415,162
1961,Apple Music,2025-08-01,1101,0.429,33
1961,YouTube Music,2024-01-01,40060,0.182,2060
1962,Spotify,2023-01-01,148545,0.538,4633
1962,Apple Music,2023-09-01,125262,0.291,1235
1962,YouTube Music,2023-03-01,28215,0.337,1310
1963,Spotify,2024-10-01,167842,0.325,5038
1963,Apple Music,2025-10-01,184895,0.132,14493
1963,YouTube Music,2023-01-01,44605,0.185,569
1964,Spotify,2025-06-01,136109,0.346,9141
1964,Apple Music,2025-04-01,129768,0.272,3187
1964,YouTube Music,2024-08-01,141809,0.439,10588
1965,Spotify,2024-01-01,47368,0.265,1430
1965,Apple Music,2025-06-01,136850,0.255,10270
1965,YouTube Music,2024-05-01,180214,0.425,11084
1966,Spotify,2025-11-01,41438,0.23,2522
1966,Apple Music,2023-05-01,152017,0.39,4793
1966,YouTube Music,2025-11-01,11703,0.404,763
1967,Spotify,2025-06-01,200875,0.338,1392
1967,Apple Music,2025-05-01,95834,0.151,2941
1967,YouTube Music,2025-01-01,201853,0.302,3264
1968,Spotify,2023-06-01,39485,0.134,2545
1968,Apple Music,2024-10-01,20422,0.426,1536
1968,YouTube Music,2023-07-01,56251,0.258,2487
1969,Spotify,2025-07-01,231364,0.12,12179
1969,Apple Music,2024-08-01,98151,0.385,613
1969,YouTube Music,2024-06-01,208055,0.101,1686
1970,Spotify,2023-03-01,142373,0.526,6624
1970,Apple Music,2025-11-01,178900,0.271,12860
1970,YouTube Music,2024-10-01,13879,0.261,701
1971,Spotify,2025-09-01,63887,0.385,3860
1971,Apple Music,2023-09-01,15109,0.186,818
1971,YouTube Music,2024-06-01,59945,0.309,4214
1972,Spotify,2023-09-01,108280,0.511,1331
1972,Apple Music,2024-11-01,178815,0.244,11386
1972,YouTube Music,2025-11-01,159846,0.208,8424
1973,Spotify,2023-01-01,194919,0.41,10786
1973,Apple Music,2025-09-01,157426,0.248,7773
1973,YouTube Music,2025-09-01,5075,0.537,368
1974,Spotify,2023-05-01,203338,0.377,13860
1974,Apple Music,2023-10-01,3861,0.257,233
1974,YouTube Music,2023-10-01,167846,0.29,1764
1975,Spotify,2025-09-01,182114,0.497,14154
1975,Apple Music,2025-05-01,25591,0.088,1774
1975,YouTube Music,2024-01-01,116214,0.399,5370
1976,Spotify,2024-03-01,27787,0.233,2071
1976,Apple Music,2023-07-01,103599,0.133,7247
1976,YouTube Music,2024-03-01,25249,0.269,1074
1977,Spotify,2024-12-01,54585,0.524,2663
1977,Apple Music,2023-09-01,193277,0.225,5026
1977,YouTube Music,2024-02-01,19102,0.384,979
1978,Spotify,2024-08-01,164724,0.386,1929
1978,Apple Music,2024-02-01,34201,0.097,883
1978,YouTube Music,2024-06-01,91016,0.442,3511
1979,Spotify,2023-07-01,15973,0.203,205
1979,Apple Music,2025-11-01,80323,0.242,4375
1979,YouTube Music,2024-12-01,53024,0.452,3202
1980,Spotify,2023-04-01,111363,0.39,7566
1980,Apple Music,2025-08-01,297283,0.342,7156
1980,YouTube Music,2023-08-01,119304,0.363,7849
1981,Spotify,2024-03-01,90384,0.518,5440
1981,Apple Music,2024-11-01,180420,0.081,11749
1981,YouTube Music,2024-01-01,186056,0.285,12719
1982,Spotify,2024-03-01,57505,0.138,1806
1982,Apple Music,2023-07-01,104237,0.261,4875
1982,YouTube Music,2023-12-01,202408,0.121,9108
1983,Spotify,2024-05-01,95539,0.476,4602
1983,Apple Music,2024-06-01,46602,0.375,2933
1983,YouTube Music,2023-09-01,2283,0.504,97
1984,Spotify,2023-08-01,85908,0.327,1537
1984,Apple Music,2024-01-01,44909,0.151,858
1984,YouTube Music,2025-02-01,218071,0.389,4555
1985,Spotify,2024-04-01,244731,0.151,9847
1985,Apple Music,2025-07-01,57514,0.272,2223
1985,YouTube Music,2025-09-01,112665,0.495,3400
1986,Spotify,2025-08-01,37788,0.477,2349
1986,Apple Music,2023-10-01,205988,0.434,10045
1986,YouTube Music,2023-07-01,73425,0.367,4703
1987,Spotify,2025-07-01,129706,0.496,2175
1987,Apple Music,2023-11-01,118749,0.413,5968
1987,YouTube Music,2025-09-01,81690,0.385,5907
1988,Spotify,2023-12-01,69627,0.095,743
1988,Apple Music,2025-01-01,236716,0.491,9770
1988,YouTube Music,2025-09-01,85170,0.099,1750
1989,Spotify,2025-12-01,53533,0.128,1548
1989,Apple Music,2025-01-01,28370,0.13,998
1989,YouTube Music,2023-10-01,39690,0.144,372
1990,Spotify,2025-11-01,64614,0.473,3897
1990,Apple Music,2025-04-01,132191,0.114,4166
1990,YouTube Music,2023-05-01,161580,0.507,5164
1991,Spotify,2025-07-01,30532,0.353,346
1991,Apple Music,2025-07-01,90631,0.278,1699
1991,YouTube Music,2024-11-01,77803,0.267,5935
1992,Spotify,2025-11-01,59492,0.226,4544
1992,Apple Music,2023-11-01,139889,0.519,10763
1992,YouTube Music,2024-11-01,202049,0.149,15531
1993,Spotify,2024-03-01,36230,0.445,1097
1993,Apple Music,2024-10-01,14679,0.216,158
1993,YouTube Music,2025-10-01,168026,0.386,5813
1994,Spotify,2025-06-01,115488,0.345,5876
1994,Apple Music,2024-01-01,64323,0.279,2230
1994,YouTube Music,2025-11-01,130315,0.34,8106
1995,Spotify,2024-04-01,37750,0.1,2889
1995,Apple Music,2024-04-01,16319,0.538,182
1995,YouTube Music,2023-01-01,123366,0.371,6193
1996,Spotify,2023-07-01,14211,0.452,779
1996,Apple Music,2024-08-01,11843,0.377,934
1996,YouTube Music,2025-09-01,83469,0.233,4506
1997,Spotify,2023-03-01,210961,0.329,3772
1997,Apple Music,2023-03-01,113916,0.135,3390
1997,YouTube Music,2024-11-01,199200,0.177,3015
1998,Spotify,2023-05-01,161501,0.442,3907
1998,Apple Music,2024-08-01,187416,0.398,8677
1998,YouTube Music,2024-05-01,94498,0.381,4057
1999,Spotify,2024-11-01,110365,0.294,983
1999,Apple Music,2023-07-01,136507,0.542,8397
1999,YouTube Music,2024-06-01,150725,0.473,3491
2000,Spotify,2024-09-01,199739,0.385,5195
2000,Apple Music,2025-08-01,72445,0.25,436
2000,YouTube Music,2025-04-01,211995,0.095,10298
2001,Spotify,2023-04-01,32836,0.148,1716
2001,Apple Music,2023-04-01,133268,0.412,689
2001,YouTube Music,2025-07-01,54116,0.436,3003
2002,Spotify,2023-02-01,56670,0.103,1611
2002,Apple Music,2024-03-01,196057,0.545,14487
2002,YouTube Music,2024-01-01,3103,0.284,245
2003,Spotify,2024-03-01,205789,0.116,7013
2003,Apple Music,2023-07-01,206224,0.474,4537
2003,YouTube Music,2023-02-01,24655,0.505,1886
2004,Spotify,2025-10-01,2133,0.12,82
2004,Apple Music,2024-02-01,77069,0.513,1830
2004,YouTube Music,2023-10-01,190439,0.349,1364
2005,Spotify,2024-07-01,150545,0.476,9300
2005,Apple Music,2024-04-01,148462,0.189,4729
2005,YouTube Music,2023-06-01,111401,0.121,7239
2006,Spotify,2023-12-01,46226,0.193,3508
2006,Apple Music,2024-08-01,63142,0.537,4025
2006,YouTube Music,2023-03-01,21764,0.275,1320
2007,Spotify,2024-08-01,89358,0.534,2901
2007,Apple Music,2024-08-01,113628,0.392,5510
2007,YouTube Music,2024-11-01,25167,0.17,368
2008,Spotify,2025-06-01,222829,0.478,9356
2008,Apple Music,2025-10-01,44854,0.137,1996
2008,YouTube Music,2025-02-01,248785,0.515,12341
2009,Spotify,2024-02-01,136200,0.34,3227
2009,Apple Music,2023-12-01,110391,0.133,1104
2009,YouTube Music,2024-06-01,60409,0.218,3953
2010,Spotify,2025-04-01,111128,0.287,1175
2010,Apple Music,2025-05-01,98655,0.428,7120
2010,YouTube Music,2024-10-01,28284,0.513,1588
2011,Spotify,2025-06-01,83521,0.524,4518
2011,Apple Music,2023-11-01,155734,0.082,3747
2011,YouTube Music,2024-01-01,33034,0.27,2410
2012,Spotify,2023-11-01,87926,0.386,682
2012,Apple Music,2025-09-01,35837,0.33,2482
2012,YouTube Music,2023-06-01,215337,0.121,3698
2013,Spotify,2024-01-01,142584,0.248,9680
2013,Apple Music,2025-12-01,7153,0.11,451
2013,YouTube Music,2023-12-01,81513,0.141,2845
2014,Spotify,2023-02-01,130422,0.531,8984
2014,Apple Music,2023-05-01,146614,0.177,9115
2014,YouTube Music,2024-08-01,212708,0.476,14403
2015,Spotify,2023-05-01,110937,0.39,8397
2015,Apple Music,2023-11-01,220996,0.14,16889
2015,YouTube Music,2023-02-01,149744,0.495,2167
2016,Spotify,2025-10-01,150535,0.203,1371
2016,Apple Music,2023-05-01,78696,0.41,4013
2016,YouTube Music,2024-05-01,190936,0.23,1880
2017,Spotify,2023-07-01,106715,0.169,7940
2017,Apple Music,2024-01-01,260839,0.353,7456
2017,YouTube Music,2023-08-01,101308,0.215,1236
2018,Spotify,2025-07-01,148139,0.185,8232
2018,Apple Music,2025-01-01,259824,0.194,3348
2018,YouTube Music,2024-09-01,147076,0.478,1237
2019,Spotify,2025-07-01,129217,0.402,3759
2019,Apple Music,2023-05-01,12594,0.456,560
2019,YouTube Music,2024-11-01,34585,0.232,2400
2020,Spotify,2024-12-01,81774,0.474,1883
2020,Apple Music,2025-08-01,60266,0.388,3252
2020,YouTube Music,2025-07-01,69559,0.363,527
2021,Spotify,2023-02-01,166832,0.153,12735
2021,Apple Music,2024-01-01,224940,0.41,14570
2021,YouTube Music,2023-02-01,93294,0.454,1965
2022,Spotify,2025-12-01,170815,0.234,5950
2022,Apple Music,2023-10-01,113285,0.088,5835
2022,YouTube Music,2023-10-01,6047,0.45,455
2023,Spotify,2025-05-01,100567,0.348,4290
2023,Apple Music,2024-04-01,145651,0.264,6248
2023,YouTube Music,2024-02-01,258484,0.365,18579
2024,Spotify,2024-01-01,153004,0.125,7613
2024,Apple Music,2024-03-01,223573,0.513,11786
2024,YouTube Music,2023-09-01,212436,0.384,15281
2025,Spotify,2025-04-01,195954,0.43,1772
2025,Apple Music,2023-08-01,29971,0.151,1650
2025,YouTube Music,2023-04-01,153115,0.146,7132
2026,Spotify,2024-03-01,87598,0.167,3001
2026,Apple Music,2025-06-01,73132,0.404,4935
2026,YouTube Music,2024-12-01,265502,0.138,4809
2027,Spotify,2023-08-01,42538,0.203,817
2027,Apple Music,2025-08-01,210219,0.169,4228
2027,YouTube Music,2023-11-01,74956,0.486,1386
2028,Spotify,2023-08-01,100697,0.086,2411
2028,Apple Music,2025-09-01,147300,0.306,1973
2028,YouTube Music,2024-01-01,100603,0.413,2672
2029,Spotify,2024-04-01,173750,0.346,9509
2029,Apple Music,2024-06-01,216403,0.081,13515
2029,YouTube Music,2025-12-01,237118,0.401,9929
2030,Spotify,2024-04-01,149094,0.219,9508
2030,Apple Music,2025-11-01,139468,0.293,3024
2030,YouTube Music,2023-10-01,28014,0.4,2040
2031,Spotify,2025-02-01,33574,0.231,424
2031,Apple Music,2024-04-01,75481,0.104,543
2031,YouTube Music,2024-07-01,134364,0.398,2466
2032,Spotify,2024-12-01,176093,0.327,11131
2032,Apple Music,2025-03-01,306030,0.16,4730
2032,YouTube Music,2024-04-01,54011,0.16,405
2033,Spotify,2024-01-01,206943,0.497,14384
2033,Apple Music,2023-04-01,300396,0.35,6170
2033,YouTube Music,2024-09-01,122371,0.328,3853
2034,Spotify,2023-07-01,59032,0.16,1292
2034,Apple Music,2025-01-01,220402,0.146,11838
2034,YouTube Music,2024-02-01,226801,0.36,8726
2035,Spotify,2024-05-01,154236,0.515,10516
2035,Apple Music,2023-09-01,217648,0.343,13699
2035,YouTube Music,2024-12-01,1208,0.38,95
2036,Spotify,2024-01-01,68853,0.125,4439
2036,Apple Music,2024-06-01,167636,0.205,2963
2036,YouTube Music,2023-01-01,66637,0.482,4742
2037,Spotify,2025-09-01,114081,0.512,3324
2037,Apple Music,2023-11-01,45439,0.511,2107
2037,YouTube Music,2023-10-01,41938,0.093,1956
2038,Spotify,2023-12-01,213834,0.323,6233
2038,Apple Music,2023-06-01,136255,0.306,10647
2038,YouTube Music,2024-07-01,148069,0.246,5898
2039,Spotify,2023-04-01,66902,0.496,4383
2039,Apple Music,2024-11-01,160230,0.443,5383
2039,YouTube Music,2023-04-01,108617,0.498,6230
2040,Spotify,2024-12-01,20855,0.451,212
2040,Apple Music,2024-12-01,34923,0.545,1720
2040,YouTube Music,2023-04-01,47475,0.195,969
2041,Spotify,2023-08-01,81764,0.188,3431
2041,Apple Music,2025-04-01,3422,0.181,163
2041,YouTube Music,2023-01-01,8077,0.461,392
2042,Spotify,2024-03-01,105270,0.254,1549
2042,Apple Music,2025-05-01,26690,0.469,1031
2042,YouTube Music,2023-03-01,33080,0.343,2476
2043,Spotify,2024-06-01,126001,0.513,1202
2043,Apple Music,2023-07-01,40924,0.365,1233
2043,YouTube Music,2024-03-01,136420,0.136,929
2044,Spotify,2025-10-01,243176,0.372,9909
2044,Apple Music,2024-01-01,8436,0.227,659
2044,YouTube Music,2024-09-01,121409,0.364,7911
2045,Spotify,2025-08-01,188157,0.231,5550
2045,Apple Music,2025-08-01,238239,0.333,2610
2045,YouTube Music,2024-01-01,67960,0.167,5282
2046,Spotify,2024-12-01,170013,0.12,12243
2046,Apple Music,2023-10-01,174293,0.308,13772
2046,YouTube Music,2024-10-01,38294,0.423,2046
2047,Spotify,2023-02-01,224108,0.194,16663
2047,Apple Music,2023-06-01,78822,0.486,857
2047,YouTube Music,2023-10-01,228303,0.105,11930
2048,Spotify,2024-06-01,25352,0.448,643
2048,Apple Music,2023-05-01,90684,0.083,786
2048,YouTube Music,2024-05-01,8383,0.415,202
2049,Spotify,2025-09-01,176534,0.328,3677
2049,Apple Music,2025-10-01,117262,0.25,752
2049,YouTube Music,2024-08-01,140832,0.213,5193
2050,Spotify,2025-08-01,92945,0.534,4161
2050,Apple Music,2023-03-01,158241,0.117,12513
2050,YouTube Music,2023-11-01,234380,0.453,7923
2051,Spotify,2025-06-01,177060,0.342,2445
2051,Apple Music,2023-08-01,128713,0.193,3908
2051,YouTube Music,2025-05-01,24066,0.201,1260
2052,Spotify,2025-11-01,173394,0.308,10831
2052,Apple Music,2023-11-01,135368,0.465,9135
2052,YouTube Music,2023-12-01,13299,0.5,841
2053,Spotify,2023-06-01,57076,0.296,2305
2053,Apple Music,2024-05-01,111696,0.127,4829
2053,YouTube Music,2025-09-01,115671,0.213,7180
2054,Spotify,2023-11-01,214116,0.165,12041
2054,Apple Music,2023-04-01,133623,0.319,8411
2054,YouTube Music,2025-05-01,137867,0.208,8401
2055,Spotify,2025-08-01,176497,0.36,10284
2055,Apple Music,2024-05-01,241895,0.54,2884
2055,YouTube Music,2023-10-01,187733,0.35,5243
2056,Spotify,2025-05-01,171179,0.24,10622
2056,Apple Music,2025-12-01,100394,0.536,4869
2056,YouTube Music,2025-01-01,86705,0.476,3705
2057,Spotify,2025-11-01,232744,0.433,9514
2057,Apple Music,2025-08-01,227242,0.276,5476
2057,YouTube Music,2023-06-01,58344,0.101,1377
2058,Spotify,2024-03-01,33827,0.482,1322
2058,Apple Music,2024-07-01,161839,0.224,6091
2058,YouTube Music,2025-02-01,136174,0.268,1266
2059,Spotify,2024-05-01,134966,0.169,4367
2059,Apple Music,2023-08-01,33761,0.389,1716
2059,YouTube Music,2023-09-01,151124,0.313,11277
2060,Spotify,2023-01-01,98461,0.483,2844
2060,Apple Music,2023-12-01,169325,0.387,10163
2060,YouTube Music,2023-11-01,185222,0.467,6700
2061,Spotify,2024-02-01,104985,0.449,4284
2061,Apple Music,2024-01-01,58842,0.458,4027
2061,YouTube Music,2025-02-01,49498,0.548,3031
2062,Spotify,2023-11-01,116241,0.213,5966
2062,Apple Music,2024-03-01,238079,0.493,6916
2062,YouTube Music,2024-12-01,120995,0.376,5057
2063,Spotify,2025-11-01,166793,0.238,5047
2063,Apple Music,2024-04-01,154634,0.472,9504
2063,YouTube Music,2023-12-01,99512,0.404,7748
2064,Spotify,2023-01-01,86196,0.346,2638
2064,Apple Music,2023-09-01,231397,0.301,13890
2064,YouTube Music,2025-06-01,241405,0.444,9803
2065,Spotify,2025-09-01,234233,0.341,2228
2065,Apple Music,2025-11-01,255749,0.476,17838
2065,YouTube Music,2024-10-01,173816,0.091,6210
2066,Spotify,2024-11-01,139636,0.379,8844
2066,Apple Music,2025-05-01,92910,0.161,6767
2066,YouTube Music,2025-07-01,75860,0.102,5844
2067,Spotify,2024-11-01,34830,0.185,1469
2067,Apple Music,2024-10-01,158215,0.211,2050
2067,YouTube Music,2024-10-01,24108,0.263,1828
2068,Spotify,2023-06-01,85826,0.473,3459
2068,Apple Music,2023-06-01,173565,0.097,5921
2068,YouTube Music,2025-03-01,157599,0.329,6465
2069,Spotify,2023-04-01,54984,0.395,362
2069,Apple Music,2025-01-01,85761,0.432,5734
2069,YouTube Music,2023-07-01,41709,0.442,1145
2070,Spotify,2025-05-01,238551,0.163,15148
2070,Apple Music,2025-11-01,35437,0.122,1185
2070,YouTube Music,2025-03-01,149883,0.368,2075
2071,Spotify,2023-02-01,236330,0.278,5840
2071,Apple Music,2023-05-01,38548,0.34,3065
2071,YouTube Music,2023-11-01,185240,0.357,2258
2072,Spotify,2025-01-01,31462,0.169,701
2072,Apple Music,2024-11-01,112472,0.261,4208
2072,YouTube Music,2024-04-01,145180,0.182,11042
2073,Spotify,2025-12-01,176804,0.419,5621
2073,Apple Music,2023-08-01,100874,0.329,2773
2073,YouTube Music,2024-01-01,205681,0.224,9511
2074,Spotify,2024-08-01,182807,0.464,10936
2074,Apple Music,2023-02-01,43955,0.117,1716
2074,YouTube Music,2024-04-01,94539,0.102,6438
2075,Spotify,2025-11-01,44195,0.37,703
2075,Apple Music,2024-03-01,97047,0.41,2276
2075,YouTube Music,2024-10-01,142650,0.418,8868
2076,Spotify,2024-10-01,78843,0.493,3507
2076,Apple Music,2024-03-01,27251,0.482,2113
2076,YouTube Music,2024-10-01,145589,0.201,9337
2077,Spotify,2023-10-01,18601,0.088,622
2077,Apple Music,2023-12-01,131137,0.53,4401
2077,YouTube Music,2025-09-01,63951,0.229,1376
2078,Spotify,2025-01-01,12079,0.214,299
2078,Apple Music,2024-04-01,155466,0.346,2347
2078,YouTube Music,2024-06-01,171766,0.106,12786
2079,Spotify,2023-06-01,128806,0.127,6636
2079,Apple Music,2023-11-01,68564,0.354,2245
2079,YouTube Music,2024-06-01,17451,0.133,510
2080,Spotify,2023-08-01,111073,0.186,7846
2080,Apple Music,2025-12-01,18957,0.42,1112
2080,YouTube Music,2024-06-01,117161,0.17,8539
2081,Spotify,2023-03-01,149777,0.457,11970
2081,Apple Music,2024-04-01,33853,0.409,2702
2081,YouTube Music,2025-11-01,110681,0.472,4546
2082,Spotify,2025-05-01,10294,0.496,55
2082,Apple Music,2025-10-01,134368,0.154,9006
2082,YouTube Music,2024-01-01,56679,0.155,3369
2083,Spotify,2024-12-01,547,0.178,18
2083,Apple Music,2025-06-01,164810,0.269,2938
2083,YouTube Music,2025-01-01,31567,0.207,966
2084,Spotify,2025-01-01,94756,0.119,6372
2084,Apple Music,2024-12-01,12409,0.239,139
2084,YouTube Music,2024-10-01,86698,0.413,4153
2085,Spotify,2024-10-01,172133,0.47,2811
2085,Apple Music,2024-08-01,64539,0.41,1649
2085,YouTube Music,2025-06-01,169537,0.103,5009
2086,Spotify,2024-03-01,88154,0.302,495
2086,Apple Music,2024-10-01,46867,0.487,2895
2086,YouTube Music,2023-12-01,83318,0.405,3010
2087,Spotify,2025-09-01,218769,0.481,15529
2087,Apple Music,2024-09-01,46468,0.315,2997
2087,YouTube Music,2025-01-01,190306,0.126,1743
2088,Spotify,2024-08-01,23184,0.395,1616
2088,Apple Music,2024-06-01,13063,0.269,788
2088,YouTube Music,2024-05-01,12185,0.425,144
2089,Spotify,2023-12-01,173148,0.537,4249
2089,Apple Music,2023-12-01,116759,0.376,5225
2089,YouTube Music,2023-08-01,119555,0.11,7942
2090,Spotify,2023-07-01,194729,0.275,12232
2090,Apple Music,2023-05-01,127611,0.37,10150
2090,YouTube Music,2025-02-01,36191,0.273,1710
2091,Spotify,2024-11-01,69220,0.506,375
2091,Apple Music,2025-02-01,120116,0.387,997
2091,YouTube Music,2025-04-01,65129,0.249,2633
2092,Spotify,2025-02-01,195745,0.45,6725
2092,Apple Music,2023-06-01,148775,0.198,10401
2092,YouTube Music,2025-08-01,8501,0.312,51
2093,Spotify,2023-01-01,115040,0.132,6982
2093,Apple Music,2024-06-01,159205,0.34,2933
2093,YouTube Music,2024-08-01,102614,0.128,5324
2094,Spotify,2025-12-01,13240,0.309,749
2094,Apple Music,2024-10-01,54058,0.163,3350
2094,YouTube Music,2023-02-01,29859,0.085,1571
2095,Spotify,2025-08-01,85474,0.527,5205
2095,Apple Music,2024-12-01,131283,0.279,8816
2095,YouTube Music,2025-01-01,19731,0.399,249
2096,Spotify,2025-08-01,105196,0.46,6901
2096,Apple Music,2025-09-01,219131,0.264,13167
2096,YouTube Music,2024-03-01,6979,0.395,121
2097,Spotify,2025-09-01,18406,0.275,1117
2097,Apple Music,2023-07-01,9372,0.311,509
2097,YouTube Music,2025-04-01,153729,0.102,8306
2098,Spotify,2025-06-01,100882,0.504,7518
2098,Apple Music,2024-02-01,141375,0.138,5352
2098,YouTube Music,2024-09-01,140282,0.151,6725
2099,Spotify,2023-03-01,141457,0.431,4799
2099,Apple Music,2023-03-01,89693,0.485,3902
2099,YouTube Music,2024-01-01,19196,0.164,1352
2100,Spotify,2024-01-01,201890,0.509,6872
2100,Apple Music,2023-11-01,171301,0.456,6806
2100,YouTube Music,2023-11-01,161522,0.126,10985
2101,Spotify,2025-01-01,101300,0.435,7969
2101,Apple Music,2023-12-01,118939,0.334,5191
2101,YouTube Music,2023-05-01,255125,0.345,19542
2102,Spotify,2025-12-01,94917,0.41,2704
2102,Apple Music,2025-08-01,87325,0.331,4997
2102,YouTube Music,2023-08-01,10819,0.346,743
2103,Spotify,2025-01-01,115397,0.082,3023
2103,Apple Music,2023-01-01,216904,0.228,10104
2103,YouTube Music,2025-01-01,75077,0.139,4062
2104,Spotify,2023-01-01,55502,0.28,1810
2104,Apple Music,2023-02-01,246275,0.102,18245
2104,YouTube Music,2024-05-01,184714,0.527,13607
2105,Spotify,2025-05-01,117495,0.335,7415
2105,Apple Music,2023-09-01,52001,0.091,883
2105,YouTube Music,2023-03-01,109038,0.289,3362
2106,Spotify,2023-06-01,4033,0.146,182
2106,Apple Music,2024-08-01,130472,0.135,3876
2106,YouTube Music,2025-06-01,18499,0.286,800
2107,Spotify,2025-12-01,4961,0.137,390
2107,Apple Music,2025-01-01,158573,0.329,3971
2107,YouTube Music,2023-12-01,118138,0.466,1492
2108,Spotify,2024-12-01,1477,0.377,12
2108,Apple Music,2023-04-01,82768,0.281,4161
2108,YouTube Music,2024-09-01,44297,0.409,704
2109,Spotify,2025-08-01,200902,0.354,7755
2109,Apple Music,2024-03-01,148293,0.347,2419
2109,YouTube Music,2024-04-01,62596,0.256,553
2110,Spotify,2023-04-01,139432,0.286,2252
2110,Apple Music,2023-11-01,115933,0.477,5932
2110,YouTube Music,2024-07-01,92530,0.463,4400
2111,Spotify,2024-06-01,147961,0.169,4040
2111,Apple Music,2025-06-01,216728,0.119,6061
2111,YouTube Music,2024-09-01,251642,0.538,6541
2112,Spotify,2024-02-01,173988,0.095,7956
2112,Apple Music,2023-09-01,79688,0.189,4301
2112,YouTube Music,2023-04-01,137962,0.352,9768
2113,Spotify,2023-04-01,222437,0.141,1242
2113,Apple Music,2023-02-01,81890,0.405,3634
2113,YouTube Music,2023-10-01,198576,0.082,3155
2114,Spotify,2023-01-01,234455,0.152,1456
2114,Apple Music,2024-07-01,77521,0.472,5718
2114,YouTube Music,2023-07-01,133079,0.099,5652
2115,Spotify,2025-10-01,14574,0.298,593
2115,Apple Music,2024-04-01,151127,0.175,6462
2115,YouTube Music,2025-03-01,117060,0.107,5455
2116,Spotify,2023-02-01,48672,0.482,2303
2116,Apple Music,2024-08-01,204612,0.353,3627
2116,YouTube Music,2025-07-01,16151,0.299,201
2117,Spotify,2025-07-01,31773,0.345,1732
2117,Apple Music,2023-09-01,51920,0.328,4095
2117,YouTube Music,2025-07-01,203042,0.493,9306
2118,Spotify,2025-11-01,2792,0.444,202
2118,Apple Music,2023-05-01,115433,0.506,4787
2118,YouTube Music,2024-07-01,252068,0.254,11550
2119,Spotify,2023-11-01,93735,0.091,4306
2119,Apple Music,2025-10-01,137064,0.154,3620
2119,YouTube Music,2023-02-01,203872,0.547,7790
2120,Spotify,2025-01-01,12846,0.33,318
2120,Apple Music,2024-05-01,183187,0.48,13075
2120,YouTube Music,2024-09-01,194303,0.339,1620
2121,Spotify,2025-07-01,59655,0.276,3859
2121,Apple Music,2023-03-01,195509,0.426,2964
2121,YouTube Music,2023-07-01,24831,0.395,1063
2122,Spotify,2024-11-01,194737,0.422,5320
2122,Apple Music,2023-11-01,211968,0.304,11929
2122,YouTube Music,2025-04-01,7684,0.421,43
2123,Spotify,2024-12-01,130596,0.514,6945
2123,Apple Music,2025-09-01,67764,0.14,4074
2123,YouTube Music,2024-08-01,106334,0.547,1172
2124,Spotify,2024-04-01,194841,0.126,10205
2124,Apple Music,2023-08-01,158990,0.465,12398
2124,YouTube Music,2025-10-01,176298,0.542,4452
2125,Spotify,2023-08-01,100318,0.198,1979
2125,Apple Music,2024-11-01,128286,0.186,8407
2125,YouTube Music,2024-01-01,176188,0.284,1304
2126,Spotify,2023-02-01,129031,0.416,4525
2126,Apple Music,2023-02-01,93264,0.218,7254
2126,YouTube Music,2024-06-01,184369,0.308,10078
2127,Spotify,2024-03-01,145224,0.504,7958
2127,Apple Music,2023-10-01,69491,0.45,2442
2127,YouTube Music,2023-12-01,54126,0.106,2151
2128,Spotify,2023-02-01,143784,0.208,5393
2128,Apple Music,2023-08-01,138662,0.202,3060
2128,YouTube Music,2025-09-01,306430,0.19,10889
2129,Spotify,2025-11-01,96667,0.37,6308
2129,Apple Music,2025-05-01,275428,0.263,4581
2129,YouTube Music,2024-07-01,159070,0.428,3022
2130,Spotify,2024-11-01,23355,0.249,770
2130,Apple Music,2025-02-01,145501,0.51,2918
2130,YouTube Music,2023-08-01,218966,0.443,3737
2131,Spotify,2023-12-01,86471,0.082,3018
2131,Apple Music,2024-11-01,22113,0.281,1539
2131,YouTube Music,2023-10-01,13863,0.284,365
2132,Spotify,2024-11-01,21617,0.361,804
2132,Apple Music,2025-04-01,247687,0.225,18751
2132,YouTube Music,2024-07-01,10649,0.303,467
2133,Spotify,2025-12-01,49600,0.489,2953
2133,Apple Music,2023-12-01,63821,0.082,3414
2133,YouTube Music,2024-11-01,41825,0.397,1999
2134,Spotify,2023-07-01,52309,0.444,1039
2134,Apple Music,2023-01-01,128457,0.444,4494
2134,YouTube Music,2024-02-01,252548,0.375,14119
2135,Spotify,2024-01-01,48569,0.124,2679
2135,Apple Music,2024-03-01,179142,0.096,1197
2135,YouTube Music,2024-04-01,65284,0.547,4773
2136,Spotify,2024-06-01,127521,0.384,7932
2136,Apple Music,2023-06-01,60352,0.397,4441
2136,YouTube Music,2024-02-01,59350,0.498,3287
2137,Spotify,2025-10-01,36753,0.087,1585
2137,Apple Music,2025-09-01,102007,0.474,7420
2137,YouTube Music,2025-08-01,250008,0.249,13237
2138,Spotify,2025-02-01,113984,0.427,1077
2138,Apple Music,2025-12-01,213732,0.232,16493
2138,YouTube Music,2024-05-01,65907,0.103,4591
2139,Spotify,2023-10-01,215666,0.508,5058
2139,Apple Music,2024-04-01,168006,0.211,8946
2139,YouTube Music,2024-06-01,91477,0.538,4526
2140,Spotify,2024-12-01,191721,0.281,14172
2140,Apple Music,2024-08-01,209621,0.493,1893
2140,YouTube Music,2024-10-01,32964,0.379,1137
2141,Spotify,2025-04-01,112650,0.488,6804
2141,Apple Music,2024-08-01,219841,0.128,14208
2141,YouTube Music,2023-10-01,220995,0.39,2339
2142,Spotify,2025-09-01,160366,0.217,12640
2142,Apple Music,2024-03-01,50214,0.196,1679
2142,YouTube Music,2024-10-01,28286,0.14,895
2143,Spotify,2023-05-01,170874,0.104,12641
2143,Apple Music,2024-10-01,156762,0.081,8346
2143,YouTube Music,2025-12-01,171909,0.25,11800
2144,Spotify,2024-06-01,64598,0.399,2022
2144,Apple Music,2023-05-01,37097,0.547,805
2144,YouTube Music,2025-01-01,60555,0.489,3444
2145,Spotify,2023-10-01,143181,0.182,10810
2145,Apple Music,2024-09-01,101095,0.217,2952
2145,YouTube Music,2025-01-01,250175,0.511,17328
2146,Spotify,2023-03-01,211424,0.549,12604
2146,Apple Music,2023-07-01,123593,0.379,7979
2146,YouTube Music,2023-06-01,96236,0.124,5244
2147,Spotify,2025-04-01,64745,0.313,3012
2147,Apple Music,2024-01-01,144411,0.294,6003
2147,YouTube Music,2023-11-01,95265,0.254,5087
2148,Spotify,2024-07-01,144019,0.261,3067
2148,Apple Music,2023-03-01,64556,0.415,4552
2148,YouTube Music,2024-10-01,112635,0.152,8654
2149,Spotify,2025-10-01,114917,0.427,920
2149,Apple Music,2025-08-01,255366,0.194,12850
2149,YouTube Music,2023-10-01,155954,0.157,12131
2150,Spotify,2025-02-01,181679,0.473,3567
2150,Apple Music,2025-10-01,133911,0.21,1750
2150,YouTube Music,2024-12-01,172750,0.541,12711
2151,Spotify,2025-10-01,133451,0.158,8760
2151,Apple Music,2024-10-01,4456,0.458,139
2151,YouTube Music,2024-09-01,217994,0.158,16270
2152,Spotify,2024-12-01,271928,0.53,8724
2152,Apple Music,2024-10-01,54207,0.176,4239
2152,YouTube Music,2024-06-01,50728,0.393,2692
2153,Spotify,2023-08-01,133960,0.37,4919
2153,Apple Music,2023-01-01,101619,0.104,1365
2153,YouTube Music,2025-10-01,10708,0.328,300
2154,Spotify,2024-01-01,125306,0.466,6926
2154,Apple Music,2023-09-01,1829,0.379,138
2154,YouTube Music,2023-10-01,142593,0.385,5223
2155,Spotify,2024-10-01,147546,0.503,10554
2155,Apple Music,2025-03-01,49698,0.341,2610
2155,YouTube Music,2024-03-01,246449,0.529,6536
2156,Spotify,2024-04-01,59017,0.322,2999
2156,Apple Music,2024-04-01,24152,0.494,416
2156,YouTube Music,2024-08-01,186373,0.484,1299
2157,Spotify,2024-05-01,174125,0.126,12116
2157,Apple Music,2025-12-01,240471,0.46,15617
2157,YouTube Music,2025-11-01,182690,0.207,14191
2158,Spotify,2024-01-01,110025,0.203,2221
2158,Apple Music,2024-08-01,248262,0.417,3868
2158,YouTube Music,2023-11-01,177161,0.247,12229
2159,Spotify,2023-06-01,210438,0.236,11264
2159,Apple Music,2025-02-01,184080,0.335,5746
2159,YouTube Music,2024-03-01,13898,0.122,623
2160,Spotify,2025-06-01,7122,0.352,181
2160,Apple Music,2024-12-01,138475,0.509,7123
2160,YouTube Music,2025-06-01,175739,0.454,13645
2161,Spotify,2023-01-01,21857,0.19,1740
2161,Apple Music,2025-05-01,60992,0.255,2379
2161,YouTube Music,2024-06-01,148974,0.477,10197
2162,Spotify,2025-08-01,210736,0.171,3254
2162,Apple Music,2023-07-01,174789,0.119,1642
2162,YouTube Music,2025-03-01,135992,0.09,8353
2163,Spotify,2024-12-01,60325,0.368,1645
2163,Apple Music,2024-02-01,42831,0.41,2258
2163,YouTube Music,2024-04-01,135481,0.237,9311
2164,Spotify,2023-09-01,3800,0.445,268
2164,Apple Music,2025-07-01,125482,0.311,5598
2164,YouTube Music,2025-07-01,45364,0.109,2184
2165,Spotify,2023-07-01,30036,0.106,401
2165,Apple Music,2024-01-01,91543,0.364,1969
2165,YouTube Music,2025-10-01,100182,0.207,1399
2166,Spotify,2025-04-01,220852,0.301,11188
2166,Apple Music,2023-10-01,32084,0.54,1152
2166,YouTube Music,2025-07-01,168823,0.103,6683
2167,Spotify,2025-04-01,24572,0.15,1712
2167,Apple Music,2024-12-01,5897,0.433,268
2167,YouTube Music,2025-03-01,132283,0.345,5705
2168,Spotify,2025-12-01,85621,0.294,4420
2168,Apple Music,2024-09-01,115848,0.282,2116
2168,YouTube Music,2023-10-01,67651,0.19,4766
2169,Spotify,2024-10-01,199441,0.503,4846
2169,Apple Music,2023-07-01,75729,0.462,1482
2169,YouTube Music,2024-07-01,156551,0.422,1814
2170,Spotify,2023-09-01,147832,0.325,1472
2170,Apple Music,2024-05-01,56814,0.166,1535
2170,YouTube Music,2023-11-01,189896,0.471,12501
2171,Spotify,2025-05-01,67822,0.277,1997
2171,Apple Music,2025-02-01,208564,0.392,13284
2171,YouTube Music,2025-02-01,132313,0.272,3001
2172,Spotify,2024-02-01,51280,0.387,2607
2172,Apple Music,2025-01-01,166761,0.413,5601
2172,YouTube Music,2024-12-01,7147,0.287,61
2173,Spotify,2025-09-01,78017,0.203,4895
2173,Apple Music,2024-03-01,17465,0.364,379
2173,YouTube Music,2025-11-01,147809,0.497,11820
2174,Spotify,2025-10-01,22930,0.402,861
2174,Apple Music,2025-01-01,11983,0.315,952
2174,YouTube Music,2024-05-01,177435,0.513,1853
2175,Spotify,2024-02-01,22901,0.38,1610
2175,Apple Music,2025-05-01,29820,0.299,489
2175,YouTube Music,2023-09-01,59820,0.272,4181
2176,Spotify,2025-03-01,8355,0.324,655
2176,Apple Music,2024-08-01,103460,0.085,5352
2176,YouTube Music,2024-03-01,226440,0.538,6605
2177,Spotify,2023-06-01,105178,0.096,989
2177,Apple Music,2024-06-01,21722,0.324,782
2177,YouTube Music,2025-05-01,175961,0.285,11083
2178,Spotify,2025-02-01,157759,0.517,5750
2178,Apple Music,2025-04-01,154363,0.534,4780
2178,YouTube Music,2023-01-01,67049,0.115,3214
2179,Spotify,2024-10-01,47692,0.461,1069
2179,Apple Music,2025-08-01,49482,0.288,3037
2179,YouTube Music,2023-07-01,16651,0.351,1145
2180,Spotify,2025-06-01,120316,0.37,7311
2180,Apple Music,2023-02-01,64046,0.211,2905
2180,YouTube Music,2025-06-01,70918,0.082,996
2181,Spotify,2024-02-01,131049,0.21,1634
2181,Apple Music,2024-04-01,65411,0.439,2105
2181,YouTube Music,2025-04-01,55994,0.176,1798
2182,Spotify,2023-06-01,175904,0.135,5096
2182,Apple Music,2023-05-01,48027,0.417,770
2182,YouTube Music,2025-08-01,162870,0.427,7764
2183,Spotify,2025-01-01,201752,0.233,7623
2183,Apple Music,2024-12-01,118623,0.185,762
2183,YouTube Music,2025-01-01,89881,0.233,2647
2184,Spotify,2023-08-01,102047,0.16,7339
2184,Apple Music,2025-06-01,200664,0.324,3820
2184,YouTube Music,2025-12-01,146063,0.164,2803
2185,Spotify,2025-11-01,96813,0.281,5949
2185,Apple Music,2024-01-01,125774,0.527,7457
2185,YouTube Music,2025-03-01,115200,0.245,1724
2186,Spotify,2023-07-01,97560,0.175,5658
2186,Apple Music,2023-03-01,124037,0.089,1404
2186,YouTube Music,2023-05-01,228173,0.431,18051
2187,Spotify,2024-08-01,33118,0.491,2493
2187,Apple Music,2025-11-01,111586,0.48,5117
2187,YouTube Music,2024-10-01,102865,0.309,2337
2188,Spotify,2025-06-01,173505,0.084,1271
2188,Apple Music,2025-02-01,72343,0.334,3526
2188,YouTube Music,2025-10-01,56969,0.388,3603
2189,Spotify,2024-04-01,158018,0.235,8943
2189,Apple Music,2024-06-01,284317,0.452,9714
2189,YouTube Music,2023-03-01,32572,0.234,1099
2190,Spotify,2024-07-01,4930,0.492,100
2190,Apple Music,2025-11-01,97988,0.456,1456
2190,YouTube Music,2023-09-01,238834,0.179,2213
2191,Spotify,2024-10-01,284245,0.257,20945
2191,Apple Music,2024-02-01,239102,0.175,11934
2191,YouTube Music,2025-12-01,16749,0.389,748
2192,Spotify,2025-09-01,56622,0.113,901
2192,Apple Music,2025-06-01,236573,0.224,4474
2192,YouTube Music,2023-07-01,242645,0.455,14865
2193,Spotify,2024-11-01,187782,0.086,6242
2193,Apple Music,2023-11-01,257230,0.509,7382
2193,YouTube Music,2024-03-01,188953,0.221,2931
2194,Spotify,2023-11-01,192952,0.369,10734
2194,Apple Music,2024-01-01,230899,0.437,10142
2194,YouTube Music,2023-05-01,139496,0.496,735
2195,Spotify,2024-01-01,234427,0.51,4764
2195,Apple Music,2025-06-01,98278,0.275,707
2195,YouTube Music,2024-04-01,211032,0.215,13433
2196,Spotify,2024-12-01,135702,0.133,2697
2196,Apple Music,2025-04-01,245871,0.313,8913
2196,YouTube Music,2023-05-01,28827,0.116,2138
2197,Spotify,2025-08-01,81814,0.22,1885
2197,Apple Music,2025-12-01,248472,0.235,15616
2197,YouTube Music,2023-02-01,75044,0.341,3505
2198,Spotify,2025-02-01,217207,0.302,8622
2198,Apple Music,2023-07-01,308766,0.499,3970
2198,YouTube Music,2023-01-01,132189,0.287,4504
2199,Spotify,2025-02-01,50710,0.13,528
2199,Apple Music,2023-03-01,179922,0.088,3297
2199,YouTube Music,2023-09-01,204891,0.327,9497
2200,Spotify,2023-05-01,117204,0.158,4229
2200,Apple Music,2024-02-01,38265,0.141,1492
2200,YouTube Music,2023-02-01,232770,0.128,11198
2201,Spotify,2025-11-01,11336,0.502,115
2201,Apple Music,2025-03-01,72137,0.11,2508
2201,YouTube Music,2025-08-01,45577,0.387,484
2202,Spotify,2025-02-01,9659,0.48,521
2202,Apple Music,2024-07-01,185881,0.115,13697
2202,YouTube Music,2024-01-01,200737,0.487,4560
2203,Spotify,2025-12-01,161298,0.5,2702
2203,Apple Music,2025-01-01,91085,0.407,4358
2203,YouTube Music,2024-04-01,170201,0.501,9657
2204,Spotify,2024-12-01,105159,0.25,1409
2204,Apple Music,2024-10-01,62721,0.233,634
2204,YouTube Music,2024-11-01,88499,0.136,2063
2205,Spotify,2023-11-01,30958,0.525,388
2205,Apple Music,2025-03-01,32786,0.266,663
2205,YouTube Music,2023-06-01,128692,0.305,1544
2206,Spotify,2023-10-01,211030,0.277,6395
2206,Apple Music,2025-06-01,15206,0.26,829
2206,YouTube Music,2024-09-01,146713,0.184,1846
2207,Spotify,2023-07-01,8199,0.093,380
2207,Apple Music,2025-05-01,54581,0.309,452
2207,YouTube Music,2024-01-01,151226,0.385,3795
2208,Spotify,2024-06-01,5793,0.2,304
2208,Apple Music,2024-12-01,198399,0.421,15136
2208,YouTube Music,2025-10-01,107972,0.108,4605
2209,Spotify,2024-02-01,6443,0.16,78
2209,Apple Music,2025-01-01,210827,0.518,1164
2209,YouTube Music,2024-06-01,162527,0.309,5067
2210,Spotify,2024-08-01,51820,0.429,3854
2210,Apple Music,2023-07-01,176402,0.457,4593
2210,YouTube Music,2025-11-01,182978,0.148,9661
2211,Spotify,2024-07-01,125360,0.425,6962
2211,Apple Music,2025-08-01,225493,0.489,10566
2211,YouTube Music,2025-08-01,42238,0.497,1025
2212,Spotify,2025-06-01,34506,0.469,1164
2212,Apple Music,2024-05-01,70036,0.257,1901
2212,YouTube Music,2023-11-01,56095,0.414,3419
2213,Spotify,2023-05-01,250075,0.521,7573
2213,Apple Music,2023-01-01,131929,0.247,10130
2213,YouTube Music,2025-10-01,54440,0.502,4273
2214,Spotify,2024-03-01,108847,0.172,3116
2214,Apple Music,2025-02-01,172050,0.359,3481
2214,YouTube Music,2023-05-01,17237,0.367,817
2215,Spotify,2024-11-01,85346,0.325,2117
2215,Apple Music,2023-08-01,100198,0.151,1989
2215,YouTube Music,2023-03-01,81178,0.108,3011
2216,Spotify,2025-11-01,103527,0.232,7628
2216,Apple Music,2023-03-01,23597,0.429,914
2216,YouTube Music,2023-08-01,140794,0.351,3863
2217,Spotify,2024-10-01,112251,0.095,3830
2217,Apple Music,2025-02-01,12105,0.338,563
2217,YouTube Music,2025-12-01,128495,0.176,7919
2218,Spotify,2025-03-01,150303,0.505,1047
2218,Apple Music,2023-03-01,194603,0.391,6138
2218,YouTube Music,2024-12-01,25071,0.523,661
2219,Spotify,2024-09-01,168215,0.55,5585
2219,Apple Music,2024-06-01,115774,0.236,993
2219,YouTube Music,2024-04-01,23483,0.117,1644
2220,Spotify,2023-10-01,207866,0.153,8343
2220,Apple Music,2023-09-01,243108,0.322,3399
2220,YouTube Music,2023-09-01,128222,0.439,1670
2221,Spotify,2023-04-01,280499,0.231,8419
2221,Apple Music,2024-06-01,80438,0.396,4776
2221,YouTube Music,2025-09-01,155114,0.438,2197
2222,Spotify,2025-01-01,14841,0.167,1027
2222,Apple Music,2023-12-01,98283,0.536,4095
2222,YouTube Music,2025-05-01,237996,0.462,5241
2223,Spotify,2024-10-01,4628,0.282,187
2223,Apple Music,2025-02-01,46036,0.489,2238
2223,YouTube Music,2023-10-01,156438,0.086,6526
2224,Spotify,2024-06-01,99023,0.246,4097
2224,Apple Music,2023-05-01,179507,0.479,8855
2224,YouTube Music,2025-11-01,72226,0.455,2911
2225,Spotify,2024-12-01,76269,0.443,5676
2225,Apple Music,2024-10-01,102892,0.28,2941
2225,YouTube Music,2023-12-01,49340,0.165,1759
2226,Spotify,2024-01-01,116611,0.533,8872
2226,Apple Music,2025-01-01,60869,0.378,664
2226,YouTube Music,2023-05-01,89991,0.439,5061
2227,Spotify,2024-07-01,20572,0.225,135
2227,Apple Music,2025-08-01,162451,0.188,12378
2227,YouTube Music,2025-07-01,130354,0.337,6917
2228,Spotify,2025-02-01,12580,0.461,654
2228,Apple Music,2023-07-01,158049,0.155,3967
2228,YouTube Music,2024-04-01,185946,0.198,10156
2229,Spotify,2024-04-01,116226,0.182,1237
2229,Apple Music,2025-02-01,64052,0.242,3557
2229,YouTube Music,2023-12-01,143938,0.147,2061
2230,Spotify,2024-04-01,81534,0.515,1450
2230,Apple Music,2023-12-01,72611,0.306,4671
2230,YouTube Music,2024-07-01,89468,0.212,6917
2231,Spotify,2025-02-01,86274,0.521,1686
2231,Apple Music,2024-04-01,115605,0.234,2105
2231,YouTube Music,2025-09-01,147312,0.089,6762
2232,Spotify,2024-09-01,152764,0.338,1283
2232,Apple Music,2023-07-01,179015,0.318,14259
2232,YouTube Music,2023-11-01,131993,0.085,5901
2233,Spotify,2025-03-01,93493,0.319,4820
2233,Apple Music,2025-09-01,72058,0.269,4227
2233,YouTube Music,2024-01-01,47869,0.3,1181
2234,Spotify,2023-02-01,154079,0.439,5784
2234,Apple Music,2023-08-01,78727,0.404,3442
2234,YouTube Music,2025-01-01,44713,0.357,899
2235,Spotify,2025-09-01,80883,0.385,424
2235,Apple Music,2024-05-01,182026,0.347,9845
2235,YouTube Music,2023-09-01,135091,0.353,8024
2236,Spotify,2023-12-01,251246,0.341,3060
2236,Apple Music,2024-12-01,148714,0.497,2543
2236,YouTube Music,2023-11-01,126604,0.115,3912
2237,Spotify,2023-03-01,138917,0.404,6267
2237,Apple Music,2025-04-01,21774,0.309,775
2237,YouTube Music,2025-08-01,71152,0.114,4229
2238,Spotify,2023-08-01,85905,0.32,2425
2238,Apple Music,2025-02-01,44450,0.405,1058
2238,YouTube Music,2024-08-01,1500,0.094,73
2239,Spotify,2024-10-01,119340,0.33,6586
2239,Apple Music,2025-10-01,155430,0.385,4611
2239,YouTube Music,2023-03-01,80584,0.548,5099
2240,Spotify,2025-06-01,140094,0.323,3578
2240,Apple Music,2025-09-01,76324,0.195,4812
2240,YouTube Music,2023-08-01,170398,0.525,10772
2241,Spotify,2025-02-01,52343,0.463,1888
2241,Apple Music,2023-04-01,95108,0.498,6406
2241,YouTube Music,2023-11-01,18231,0.263,846
2242,Spotify,2024-12-01,146596,0.311,11672
2242,Apple Music,2024-05-01,27239,0.344,2169
2242,YouTube Music,2023-09-01,99425,0.543,6939
2243,Spotify,2024-09-01,66900,0.14,3086
2243,Apple Music,2025-09-01,90552,0.181,3499
2243,YouTube Music,2023-08-01,136941,0.305,2958
2244,Spotify,2023-10-01,166965,0.092,6044
2244,Apple Music,2024-09-01,207164,0.381,12003
2244,YouTube Music,2024-05-01,196938,0.103,6298
2245,Spotify,2023-07-01,24397,0.359,581
2245,Apple Music,2025-06-01,144830,0.195,3402
2245,YouTube Music,2024-04-01,139142,0.506,5988
2246,Spotify,2025-06-01,98372,0.306,4151
2246,Apple Music,2025-04-01,130706,0.366,10108
2246,YouTube Music,2025-12-01,92043,0.537,6872
2247,Spotify,2023-04-01,54036,0.227,3821
2247,Apple Music,2023-05-01,233583,0.545,1825
2247,YouTube Music,2024-08-01,70107,0.166,4728
2248,Spotify,2025-03-01,169195,0.137,6929
2248,Apple Music,2023-07-01,194903,0.531,9093
2248,YouTube Music,2025-07-01,207066,0.082,4671
2249,Spotify,2025-12-01,83222,0.357,432
2249,Apple Music,2023-07-01,10153,0.311,119
2249,YouTube Music,2025-07-01,257400,0.338,1472
2250,Spotify,2023-10-01,100026,0.136,4431
2250,Apple Music,2025-12-01,201845,0.541,14128
2250,YouTube Music,2023-03-01,146625,0.452,8193
2251,Spotify,2024-10-01,192956,0.158,7780
2251,Apple Music,2024-06-01,83732,0.504,832
2251,YouTube Music,2024-04-01,144268,0.23,3981
2252,Spotify,2025-08-01,178018,0.113,1033
2252,Apple Music,2023-06-01,263835,0.081,8064
2252,YouTube Music,2024-02-01,108238,0.326,5619
2253,Spotify,2024-07-01,18954,0.083,135
2253,Apple Music,2023-11-01,38895,0.538,2160
2253,YouTube Music,2023-12-01,99369,0.117,3317
2254,Spotify,2024-12-01,51095,0.406,1698
2254,Apple Music,2025-07-01,159134,0.12,3336
2254,YouTube Music,2024-05-01,270881,0.234,8107
2255,Spotify,2023-07-01,157994,0.261,3047
2255,Apple Music,2023-11-01,7504,0.191,332
2255,YouTube Music,2024-07-01,114395,0.357,4306
2256,Spotify,2025-11-01,190060,0.411,13137
2256,Apple Music,2023-05-01,40869,0.436,1790
2256,YouTube Music,2023-05-01,33650,0.089,1225
2257,Spotify,2025-07-01,177330,0.237,2723
2257,Apple Music,2025-01-01,51963,0.494,3637
2257,YouTube Music,2023-10-01,46905,0.429,2371
2258,Spotify,2023-11-01,247380,0.218,18746
2258,Apple Music,2025-06-01,44224,0.173,3516
2258,YouTube Music,2023-08-01,135756,0.365,6752
2259,Spotify,2025-08-01,59293,0.262,4085
2259,Apple Music,2024-06-01,57041,0.107,3025
2259,YouTube Music,2023-11-01,186029,0.538,7097
2260,Spotify,2023-04-01,182991,0.534,1636
2260,Apple Music,2024-10-01,114683,0.307,3838
2260,YouTube Music,2025-03-01,122121,0.389,6506
2261,Spotify,2024-04-01,259334,0.208,12995
2261,Apple Music,2024-10-01,104407,0.278,2977
2261,YouTube Music,2024-05-01,40495,0.094,2039
2262,Spotify,2025-05-01,172126,0.157,9960
2262,Apple Music,2024-10-01,87026,0.515,3883
2262,YouTube Music,2025-07-01,147131,0.211,2071
2263,Spotify,2025-10-01,111308,0.44,4905
2263,Apple Music,2024-09-01,158654,0.49,6973
2263,YouTube Music,2024-02-01,104826,0.509,8283
2264,Spotify,2025-10-01,172443,0.232,1355
2264,Apple Music,2024-08-01,87783,0.403,5639
2264,YouTube Music,2024-05-01,67100,0.105,1028
2265,Spotify,2023-10-01,111925,0.306,4017
2265,Apple Music,2024-05-01,83799,0.469,1444
2265,YouTube Music,2023-10-01,15965,0.541,1124
2266,Spotify,2024-09-01,44819,0.259,248
2266,Apple Music,2024-07-01,61987,0.522,454
2266,YouTube Music,2023-09-01,188553,0.366,2571
2267,Spotify,2023-12-01,203704,0.331,8356
2267,Apple Music,2025-10-01,125472,0.13,6045
2267,YouTube Music,2024-07-01,74247,0.362,1336
2268,Spotify,2024-12-01,154932,0.517,12392
2268,Apple Music,2023-08-01,101514,0.461,6708
2268,YouTube Music,2025-08-01,106671,0.27,3784
2269,Spotify,2023-04-01,243176,0.328,2492
2269,Apple Music,2023-04-01,152977,0.452,2134
2269,YouTube Music,2025-09-01,47158,0.273,1307
2270,Spotify,2024-05-01,108952,0.367,3832
2270,Apple Music,2024-05-01,162848,0.094,4634
2270,YouTube Music,2025-11-01,97888,0.457,6488
2271,Spotify,2024-03-01,86255,0.142,4654
2271,Apple Music,2025-03-01,17709,0.387,1214
2271,YouTube Music,2023-09-01,163380,0.501,12064
2272,Spotify,2023-06-01,3914,0.451,192
2272,Apple Music,2024-07-01,85496,0.231,2279
2272,YouTube Music,2023-10-01,145730,0.277,1159
2273,Spotify,2024-03-01,59546,0.168,3806
2273,Apple Music,2024-11-01,64105,0.208,4901
2273,YouTube Music,2023-08-01,119629,0.404,6835
2274,Spotify,2023-08-01,123724,0.539,1483
2274,Apple Music,2025-04-01,152325,0.422,10380
2274,YouTube Music,2025-05-01,59708,0.47,2250
2275,Spotify,2024-08-01,33330,0.339,807
2275,Apple Music,2025-11-01,142909,0.119,10026
2275,YouTube Music,2024-01-01,61790,0.475,4544
2276,Spotify,2025-05-01,201572,0.111,4240
2276,Apple Music,2023-11-01,20106,0.521,1595
2276,YouTube Music,2024-11-01,56600,0.253,879
2277,Spotify,2024-12-01,115146,0.5,3701
2277,Apple Music,2025-05-01,15038,0.39,144
2277,YouTube Music,2024-05-01,268874,0.294,4843
2278,Spotify,2025-10-01,147443,0.49,11170
2278,Apple Music,2024-11-01,56047,0.32,2809
2278,YouTube Music,2025-05-01,72068,0.542,2196
2279,Spotify,2023-09-01,48001,0.416,3186
2279,Apple Music,2024-12-01,231595,0.459,12387
2279,YouTube Music,2025-05-01,114434,0.437,7285
2280,Spotify,2025-05-01,200654,0.237,2101
2280,Apple Music,2025-06-01,12792,0.208,148
2280,YouTube Music,2023-11-01,5469,0.492,390
2281,Spotify,2024-07-01,57153,0.243,4288
2281,Apple Music,2023-11-01,189276,0.142,6646
2281,YouTube Music,2025-06-01,195765,0.131,10144
2282,Spotify,2023-01-01,166955,0.38,2782
2282,Apple Music,2023-10-01,53433,0.332,1784
2282,YouTube Music,2023-12-01,63650,0.472,927
2283,Spotify,2023-12-01,80481,0.088,3930
2283,Apple Music,2023-08-01,183622,0.35,13782
2283,YouTube Music,2025-04-01,161779,0.087,11146
2284,Spotify,2025-12-01,124894,0.098,7734
2284,Apple Music,2024-03-01,153904,0.168,7957
2284,YouTube Music,2024-12-01,9461,0.4,592
2285,Spotify,2023-09-01,124432,0.421,4192
2285,Apple Music,2025-08-01,92606,0.255,5996
2285,YouTube Music,2025-04-01,174607,0.472,11483
2286,Spotify,2025-11-01,181891,0.216,1886
2286,Apple Music,2024-09-01,78442,0.334,3383
2286,YouTube Music,2023-11-01,129532,0.168,9203
2287,Spotify,2025-04-01,149442,0.165,10487
2287,Apple Music,2023-09-01,169542,0.173,9521
2287,YouTube Music,2025-11-01,180225,0.462,9432
2288,Spotify,2025-01-01,134127,0.435,7058
2288,Apple Music,2025-06-01,148633,0.24,5420
2288,YouTube Music,2023-03-01,222709,0.381,1172
2289,Spotify,2024-06-01,101275,0.331,5358
2289,Apple Music,2025-01-01,146669,0.234,9474
2289,YouTube Music,2025-03-01,153614,0.308,10976
2290,Spotify,2023-08-01,11857,0.453,579
2290,Apple Music,2024-09-01,70175,0.09,2450
2290,YouTube Music,2023-03-01,72244,0.313,3687
2291,Spotify,2024-01-01,92531,0.2,6681
2291,Apple Music,2023-09-01,194826,0.379,9363
2291,YouTube Music,2023-01-01,201549,0.396,2833
2292,Spotify,2025-11-01,182602,0.267,13372
2292,Apple Music,2024-03-01,143868,0.266,9410
2292,YouTube Music,2024-11-01,96977,0.38,7626
2293,Spotify,2025-10-01,106776,0.111,767
2293,Apple Music,2023-12-01,58599,0.288,2140
2293,YouTube Music,2023-01-01,151501,0.197,11593
2294,Spotify,2025-04-01,165051,0.426,1816
2294,Apple Music,2023-01-01,48477,0.154,2310
2294,YouTube Music,2024-12-01,151904,0.459,5125
2295,Spotify,2023-05-01,210828,0.526,9748
2295,Apple Music,2024-03-01,53593,0.392,655
2295,YouTube Music,2025-05-01,59179,0.546,1991
2296,Spotify,2024-01-01,96437,0.098,831
2296,Apple Music,2024-09-01,145740,0.383,6100
2296,YouTube Music,2025-02-01,223445,0.157,5401
2297,Spotify,2025-11-01,10850,0.156,549
2297,Apple Music,2025-01-01,88241,0.461,5945
2297,YouTube Music,2024-07-01,197685,0.125,1892
2298,Spotify,2024-09-01,92772,0.489,3445
2298,Apple Music,2023-04-01,203130,0.435,7869
2298,YouTube Music,2024-11-01,215703,0.375,15164
2299,Spotify,2025-02-01,232421,0.513,14553
2299,Apple Music,2025-11-01,9192,0.438,539
2299,YouTube Music,2025-12-01,85932,0.523,3840
2300,Spotify,2023-05-01,125688,0.182,1033
2300,Apple Music,2023-05-01,130295,0.171,9221
2300,YouTube Music,2023-01-01,249202,0.162,15965
2301,Spotify,2024-05-01,7118,0.528,285
2301,Apple Music,2024-05-01,142285,0.462,8990
2301,YouTube Music,2024-02-01,191545,0.279,8557
2302,Spotify,2025-04-01,36102,0.465,2401
2302,Apple Music,2023-08-01,15724,0.46,676
2302,YouTube Music,2023-09-01,77425,0.53,4365
2303,Spotify,2025-11-01,21901,0.432,533
2303,Apple Music,2025-02-01,5260,0.405,307
2303,YouTube Music,2024-12-01,30913,0.253,202
2304,Spotify,2024-08-01,61428,0.541,3446
2304,Apple Music,2024-09-01,34662,0.143,451
2304,YouTube Music,2025-08-01,27096,0.329,328
2305,Spotify,2023-02-01,176000,0.538,12929
2305,Apple Music,2025-08-01,94136,0.277,1896
2305,YouTube Music,2024-09-01,30903,0.292,169
2306,Spotify,2025-05-01,144692,0.284,5272
2306,Apple Music,2025-05-01,31499,0.497,984
2306,YouTube Music,2024-03-01,152661,0.238,8042
2307,Spotify,2025-10-01,97961,0.296,7288
2307,Apple Music,2023-11-01,212884,0.311,8766
2307,YouTube Music,2023-04-01,185106,0.262,13427
2308,Spotify,2024-12-01,205073,0.394,4857
2308,Apple Music,2025-06-01,8666,0.398,54
2308,YouTube Music,2025-02-01,266951,0.109,10142
2309,Spotify,2024-12-01,109809,0.441,5663
2309,Apple Music,2025-05-01,206817,0.185,4502
2309,YouTube Music,2024-02-01,172811,0.151,10166
2310,Spotify,2025-06-01,157749,0.38,8389
2310,Apple Music,2025-05-01,218571,0.483,4864
2310,YouTube Music,2025-11-01,25404,0.514,2009
2311,Spotify,2023-06-01,5342,0.337,332
2311,Apple Music,2023-01-01,230261,0.272,2076
2311,YouTube Music,2025-04-01,169747,0.245,1916
2312,Spotify,2024-04-01,94369,0.209,4487
2312,Apple Music,2025-08-01,90021,0.109,7176
2312,YouTube Music,2023-05-01,136354,0.512,10560
2313,Spotify,2025-07-01,113735,0.504,2791
2313,Apple Music,2025-05-01,126050,0.124,5704
2313,YouTube Music,2023-10-01,51816,0.271,2201
2314,Spotify,2024-09-01,154982,0.264,3521
2314,Apple Music,2025-06-01,103540,0.418,5475
2314,YouTube Music,2023-09-01,29284,0.159,1704
2315,Spotify,2023-08-01,83079,0.327,1377
2315,Apple Music,2023-06-01,168583,0.185,11736
2315,YouTube Music,2025-08-01,117618,0.395,8977
2316,Spotify,2023-10-01,143990,0.185,795
2316,Apple Music,2024-07-01,161267,0.429,3965
2316,YouTube Music,2024-10-01,110502,0.479,1622
2317,Spotify,2024-10-01,117230,0.236,7290
2317,Apple Music,2023-06-01,39607,0.254,1568
2317,YouTube Music,2024-11-01,215879,0.376,5889
2318,Spotify,2025-01-01,97761,0.374,2887
2318,Apple Music,2025-09-01,119885,0.287,6740
2318,YouTube Music,2025-05-01,12996,0.277,586
2319,Spotify,2024-07-01,28677,0.393,399
2319,Apple Music,2025-05-01,13911,0.443,274
2319,YouTube Music,2024-06-01,128842,0.511,8194
2320,Spotify,2025-02-01,32799,0.528,2026
2320,Apple Music,2023-05-01,134904,0.392,9577
2320,YouTube Music,2024-02-01,31438,0.409,989
2321,Spotify,2023-01-01,59453,0.383,2877
2321,Apple Music,2023-10-01,147878,0.397,5868
2321,YouTube Music,2025-09-01,201574,0.497,10522
2322,Spotify,2024-09-01,161401,0.458,7098
2322,Apple Music,2023-03-01,150221,0.127,5918
2322,YouTube Music,2024-11-01,161653,0.408,11895
2323,Spotify,2023-10-01,184549,0.171,12463
2323,Apple Music,2024-01-01,31057,0.212,1290
2323,YouTube Music,2025-10-01,110908,0.17,7153
2324,Spotify,2024-05-01,172759,0.346,1443
2324,Apple Music,2025-05-01,30120,0.439,886
2324,YouTube Music,2024-06-01,8154,0.346,324
2325,Spotify,2023-09-01,43602,0.381,2033
2325,Apple Music,2024-07-01,5749,0.192,407
2325,YouTube Music,2023-06-01,65915,0.101,395
2326,Spotify,2025-09-01,171687,0.394,2405
2326,Apple Music,2024-04-01,108750,0.409,544
2326,YouTube Music,2025-12-01,134802,0.337,4690
2327,Spotify,2025-03-01,148497,0.449,8044
2327,Apple Music,2023-01-01,18694,0.549,107
2327,YouTube Music,2023-03-01,119500,0.439,5716
2328,Spotify,2025-07-01,71828,0.357,2397
2328,Apple Music,2025-02-01,38495,0.206,1198
2328,YouTube Music,2025-03-01,212268,0.108,1102
2329,Spotify,2025-10-01,148345,0.371,2595
2329,Apple Music,2024-04-01,106456,0.518,5819
2329,YouTube Music,2023-12-01,98315,0.48,2750
2330,Spotify,2025-08-01,94638,0.354,6830
2330,Apple Music,2023-01-01,202270,0.369,6338
2330,YouTube Music,2023-06-01,141732,0.444,3150
2331,Spotify,2023-09-01,125347,0.317,4909
2331,Apple Music,2025-10-01,159249,0.268,3370
2331,YouTube Music,2024-06-01,34703,0.118,1734
2332,Spotify,2023-10-01,191500,0.178,10985
2332,Apple Music,2023-11-01,110202,0.418,5522
2332,YouTube Music,2025-11-01,188282,0.281,8938
2333,Spotify,2025-10-01,59482,0.168,2955
2333,Apple Music,2024-09-01,266507,0.125,7894
2333,YouTube Music,2023-08-01,33482,0.344,1714
2334,Spotify,2024-09-01,177279,0.211,11299
2334,Apple Music,2023-10-01,253977,0.356,2087
2334,YouTube Music,2024-06-01,58344,0.34,3704
2335,Spotify,2025-03-01,260570,0.09,18603
2335,Apple Music,2024-08-01,9510,0.342,519
2335,YouTube Music,2023-11-01,6021,0.505,158
2336,Spotify,2025-10-01,292722,0.29,16515
2336,Apple Music,2024-11-01,41053,0.547,2990
2336,YouTube Music,2024-10-01,146586,0.41,6749
2337,Spotify,2025-02-01,185747,0.129,10604
2337,Apple Music,2025-03-01,51712,0.259,849
2337,YouTube Music,2024-11-01,108910,0.541,2876
2338,Spotify,2025-12-01,9868,0.537,304
2338,Apple Music,2024-12-01,13585,0.386,989
2338,YouTube Music,2024-12-01,108240,0.104,8161
2339,Spotify,2024-05-01,170704,0.474,7673
2339,Apple Music,2025-09-01,124416,0.528,9552
2339,YouTube Music,2023-10-01,56236,0.142,2544
2340,Spotify,2025-07-01,33234,0.397,258
2340,Apple Music,2025-02-01,63369,0.296,3299
2340,YouTube Music,2023-11-01,107426,0.204,6780
2341,Spotify,2025-08-01,36538,0.087,2322
2341,Apple Music,2024-09-01,97456,0.181,6167
2341,YouTube Music,2024-06-01,214522,0.517,14731
2342,Spotify,2025-07-01,120173,0.248,1851
2342,Apple Music,2023-12-01,145789,0.261,6640
2342,YouTube Music,2024-09-01,141103,0.206,10946
2343,Spotify,2024-02-01,53150,0.226,4145
2343,Apple Music,2024-07-01,49009,0.105,1507
2343,YouTube Music,2024-10-01,161644,0.479,3701
2344,Spotify,2025-05-01,135388,0.355,7129
2344,Apple Music,2025-05-01,81502,0.215,1130
2344,YouTube Music,2023-08-01,80458,0.393,2729
2345,Spotify,2023-09-01,11708,0.507,628
2345,Apple Music,2025-08-01,32182,0.385,638
2345,YouTube Music,2023-03-01,114421,0.244,5410
2346,Spotify,2025-03-01,168538,0.129,3256
2346,Apple Music,2024-12-01,64468,0.394,2547
2346,YouTube Music,2025-07-01,19804,0.083,259
2347,Spotify,2023-07-01,169925,0.297,12839
2347,Apple Music,2025-09-01,21846,0.336,1701
2347,YouTube Music,2023-11-01,122013,0.286,9713
2348,Spotify,2025-04-01,150265,0.208,3601
2348,Apple Music,2025-09-01,197307,0.306,11304
2348,YouTube Music,2025-12-01,170423,0.318,1893
2349,Spotify,2024-07-01,35543,0.327,1458
2349,Apple Music,2025-05-01,134207,0.229,7454
2349,YouTube Music,2023-12-01,50985,0.371,2681
2350,Spotify,2023-11-01,29257,0.29,1384
2350,Apple Music,2024-01-01,12252,0.171,120
2350,YouTube Music,2023-11-01,116112,0.478,3186
2351,Spotify,2024-09-01,175003,0.222,5285
2351,Apple Music,2023-11-01,122611,0.231,5811
2351,YouTube Music,2025-04-01,47449,0.123,360
2352,Spotify,2025-04-01,156737,0.131,6898
2352,Apple Music,2023-12-01,105551,0.224,1881
2352,YouTube Music,2024-12-01,68861,0.417,1386
2353,Spotify,2024-08-01,113230,0.432,3020
2353,Apple Music,2025-08-01,28128,0.44,2237
2353,YouTube Music,2024-10-01,90012,0.236,6596
2354,Spotify,2025-01-01,37042,0.273,556
2354,Apple Music,2023-03-01,37701,0.298,1981
2354,YouTube Music,2025-08-01,172017,0.101,5766
2355,Spotify,2024-11-01,95990,0.219,1976
2355,Apple Music,2025-07-01,87591,0.385,6786
2355,YouTube Music,2025-07-01,52144,0.252,1346
2356,Spotify,2024-01-01,152312,0.458,8346
2356,Apple Music,2023-05-01,45271,0.124,2674
2356,YouTube Music,2023-08-01,211013,0.422,16043
2357,Spotify,2024-01-01,41360,0.394,3069
2357,Apple Music,2024-03-01,86057,0.453,2443
2357,YouTube Music,2025-04-01,85014,0.495,1328
2358,Spotify,2024-01-01,85573,0.301,6058
2358,Apple Music,2023-01-01,114315,0.518,7454
2358,YouTube Music,2025-01-01,142819,0.532,11354
2359,Spotify,2023-08-01,1552,0.388,114
2359,Apple Music,2025-08-01,125332,0.158,3145
2359,YouTube Music,2025-04-01,12354,0.277,798
2360,Spotify,2025-06-01,57931,0.527,2035
2360,Apple Music,2024-04-01,175803,0.327,2907
2360,YouTube Music,2024-10-01,183344,0.286,8202
2361,Spotify,2024-12-01,121700,0.491,7148
2361,Apple Music,2023-08-01,71448,0.475,5219
2361,YouTube Music,2024-01-01,227016,0.536,8048
2362,Spotify,2024-01-01,183074,0.085,4373
2362,Apple Music,2025-07-01,29392,0.228,881
2362,YouTube Music,2025-12-01,116075,0.322,7243
2363,Spotify,2025-08-01,12704,0.232,952
2363,Apple Music,2024-03-01,241451,0.143,4864
2363,YouTube Music,2025-02-01,10981,0.089,383
2364,Spotify,2025-08-01,130325,0.097,4850
2364,Apple Music,2024-10-01,33453,0.196,2071
2364,YouTube Music,2024-12-01,26507,0.455,313
2365,Spotify,2024-02-01,50740,0.539,839
2365,Apple Music,2025-02-01,45795,0.182,2130
2365,YouTube Music,2024-05-01,57016,0.443,3004
2366,Spotify,2024-04-01,32165,0.427,537
2366,Apple Music,2023-01-01,5656,0.405,356
2366,YouTube Music,2025-03-01,6552,0.141,291
2367,Spotify,2024-01-01,171273,0.156,9363
2367,Apple Music,2023-06-01,193996,0.31,2365
2367,YouTube Music,2023-11-01,76399,0.364,5958
2368,Spotify,2025-12-01,178385,0.166,4647
2368,Apple Music,2024-01-01,131868,0.426,8569
2368,YouTube Music,2024-08-01,177011,0.502,8798
2369,Spotify,2024-01-01,207522,0.181,2113
2369,Apple Music,2023-07-01,132606,0.382,1058
2369,YouTube Music,2024-04-01,86926,0.192,791
2370,Spotify,2025-03-01,40036,0.237,1611
2370,Apple Music,2023-07-01,93357,0.431,6867
2370,YouTube Music,2025-09-01,57083,0.217,3760
2371,Spotify,2025-12-01,162898,0.292,6371
2371,Apple Music,2023-02-01,177158,0.221,13459
2371,YouTube Music,2023-09-01,78105,0.359,1361
2372,Spotify,2025-06-01,54149,0.419,606
2372,Apple Music,2023-07-01,57703,0.182,2891
2372,YouTube Music,2025-05-01,41893,0.093,2034
2373,Spotify,2024-02-01,15394,0.403,1229
2373,Apple Music,2023-05-01,44931,0.514,849
2373,YouTube Music,2025-10-01,100596,0.397,4444
2374,Spotify,2025-06-01,80124,0.187,5655
2374,Apple Music,2025-12-01,11114,0.507,634
2374,YouTube Music,2024-04-01,55177,0.529,1427
2375,Spotify,2023-04-01,122431,0.462,8737
2375,Apple Music,2024-10-01,251325,0.319,19036
2375,YouTube Music,2024-04-01,31796,0.459,1612
2376,Spotify,2024-06-01,12337,0.43,376
2376,Apple Music,2024-08-01,181347,0.319,14389
2376,YouTube Music,2023-01-01,38534,0.428,2160
2377,Spotify,2025-07-01,122201,0.278,8754
2377,Apple Music,2025-08-01,245096,0.316,6702
2377,YouTube Music,2025-10-01,97500,0.376,3047
2378,Spotify,2025-07-01,30204,0.197,981
2378,Apple Music,2023-11-01,94693,0.38,3179
2378,YouTube Music,2023-12-01,47777,0.521,3589
2379,Spotify,2025-11-01,45764,0.141,2573
2379,Apple Music,2025-11-01,178071,0.374,11520
2379,YouTube Music,2024-03-01,22404,0.491,708
2380,Spotify,2024-08-01,168672,0.114,6192
2380,Apple Music,2025-05-01,148270,0.318,9481
2380,YouTube Music,2023-04-01,16707,0.347,462
2381,Spotify,2024-04-01,55922,0.205,3808
2381,Apple Music,2025-12-01,167957,0.282,4249
2381,YouTube Music,2023-05-01,52571,0.272,527
2382,Spotify,2023-08-01,19325,0.506,1315
2382,Apple Music,2023-02-01,19299,0.498,1125
2382,YouTube Music,2024-09-01,13719,0.238,936
2383,Spotify,2025-06-01,77810,0.094,5721
2383,Apple Music,2023-03-01,78627,0.526,4800
2383,YouTube Music,2025-08-01,86012,0.484,3022
2384,Spotify,2025-11-01,79022,0.298,2972
2384,Apple Music,2025-04-01,180665,0.212,7763
2384,YouTube Music,2025-02-01,11018,0.39,79
2385,Spotify,2023-05-01,159053,0.113,1232
2385,Apple Music,2025-05-01,85260,0.084,2931
2385,YouTube Music,2025-10-01,29574,0.427,1217
2386,Spotify,2023-11-01,139358,0.211,6802
2386,Apple Music,2023-12-01,159083,0.16,3090
2386,YouTube Music,2025-10-01,104560,0.161,764
2387,Spotify,2024-02-01,44558,0.53,1189
2387,Apple Music,2024-11-01,29205,0.295,1616
2387,YouTube Music,2023-04-01,46264,0.456,1516
2388,Spotify,2024-01-01,24051,0.325,942
2388,Apple Music,2024-11-01,106970,0.442,4103
2388,YouTube Music,2023-06-01,29623,0.204,654
2389,Spotify,2023-08-01,86283,0.245,2151
2389,Apple Music,2023-09-01,103706,0.153,3184
2389,YouTube Music,2023-12-01,88876,0.533,1258
2390,Spotify,2024-04-01,103458,0.421,7082
2390,Apple Music,2024-02-01,201794,0.171,2701
2390,YouTube Music,2024-12-01,223609,0.533,1292
2391,Spotify,2025-01-01,143688,0.229,3040
2391,Apple Music,2023-08-01,144329,0.501,2744
2391,YouTube Music,2024-06-01,45905,0.095,2460
2392,Spotify,2025-07-01,285349,0.221,1854
2392,Apple Music,2025-03-01,289157,0.428,10738
2392,YouTube Music,2023-02-01,126585,0.188,2861
2393,Spotify,2025-10-01,171532,0.517,10318
2393,Apple Music,2023-12-01,95610,0.472,4714
2393,YouTube Music,2025-09-01,107635,0.092,5342
2394,Spotify,2025-02-01,32847,0.418,1702
2394,Apple Music,2023-09-01,163352,0.409,10525
2394,YouTube Music,2024-12-01,175684,0.502,10536
2395,Spotify,2024-05-01,245913,0.201,3996
2395,Apple Music,2023-07-01,183595,0.413,12220
2395,YouTube Music,2025-07-01,128845,0.162,2990
2396,Spotify,2024-09-01,228323,0.265,8630
2396,Apple Music,2023-10-01,26911,0.098,275
2396,YouTube Music,2024-04-01,250146,0.408,10036
2397,Spotify,2025-04-01,8255,0.312,349
2397,Apple Music,2024-01-01,215768,0.296,2157
2397,YouTube Music,2025-10-01,195864,0.143,15090
2398,Spotify,2023-04-01,69586,0.119,3973
2398,Apple Music,2023-01-01,245295,0.547,9586
2398,YouTube Music,2023-12-01,134232,0.197,5023
2399,Spotify,2023-10-01,121004,0.088,4654
2399,Apple Music,2024-01-01,106399,0.399,3575
2399,YouTube Music,2024-02-01,203899,0.486,15564
2400,Spotify,2025-04-01,30692,0.089,776
2400,Apple Music,2025-08-01,134084,0.347,7290
2400,YouTube Music,2025-07-01,137933,0.182,4951
2401,Spotify,2025-11-01,80508,0.177,5330
2401,Apple Music,2024-07-01,75465,0.264,2666
2401,YouTube Music,2025-01-01,3508,0.24,22
2402,Spotify,2025-01-01,140199,0.471,1212
2402,Apple Music,2024-01-01,134286,0.276,6934
2402,YouTube Music,2024-06-01,222930,0.438,14982
2403,Spotify,2025-12-01,154012,0.226,1669
2403,Apple Music,2024-02-01,96103,0.477,2363
2403,YouTube Music,2025-10-01,85687,0.086,1585
2404,Spotify,2023-11-01,221563,0.287,2640
2404,Apple Music,2025-04-01,114985,0.502,3252
2404,YouTube Music,2023-02-01,119221,0.204,724
2405,Spotify,2023-02-01,126197,0.345,9676
2405,Apple Music,2025-11-01,133578,0.236,901
2405,YouTube Music,2023-12-01,10790,0.468,328
2406,Spotify,2025-03-01,28065,0.29,1497
2406,Apple Music,2025-07-01,55099,0.105,2500
2406,YouTube Music,2024-08-01,13280,0.525,125
2407,Spotify,2024-08-01,87045,0.288,2785
2407,Apple Music,2023-06-01,126961,0.443,3729
2407,YouTube Music,2024-04-01,62661,0.408,4912
2408,Spotify,2023-01-01,214108,0.313,9390
2408,Apple Music,2023-08-01,135979,0.438,7973
2408,YouTube Music,2025-03-01,121180,0.081,633
2409,Spotify,2023-07-01,2144,0.478,52
2409,Apple Music,2024-08-01,3502,0.369,169
2409,YouTube Music,2024-07-01,205888,0.459,6488
2410,Spotify,2024-05-01,25725,0.314,893
2410,Apple Music,2025-11-01,130601,0.185,6431
2410,YouTube Music,2025-03-01,247798,0.267,2630
2411,Spotify,2024-03-01,40420,0.543,2293
2411,Apple Music,2023-03-01,98032,0.24,6228
2411,YouTube Music,2025-05-01,195844,0.43,3624
2412,Spotify,2023-12-01,110030,0.236,1722
2412,Apple Music,2024-05-01,160842,0.26,6921
2412,YouTube Music,2025-08-01,188208,0.182,3650
2413,Spotify,2025-01-01,73262,0.492,5659
2413,Apple Music,2023-11-01,43892,0.218,1670
2413,YouTube Music,2023-11-01,78693,0.185,4619
2414,Spotify,2025-11-01,224033,0.505,7467
2414,Apple Music,2024-06-01,11954,0.477,518
2414,YouTube Music,2024-04-01,74592,0.3,2084
2415,Spotify,2025-10-01,31217,0.182,752
2415,Apple Music,2025-08-01,3799,0.214,188
2415,YouTube Music,2024-07-01,192502,0.241,13190
2416,Spotify,2023-02-01,260916,0.117,2662
2416,Apple Music,2025-10-01,255839,0.311,15385
2416,YouTube Music,2024-06-01,89009,0.089,6756
2417,Spotify,2025-05-01,177150,0.29,9889
2417,Apple Music,2023-10-01,42728,0.478,1369
2417,YouTube Music,2023-11-01,65534,0.235,3780
2418,Spotify,2025-04-01,169851,0.218,5139
2418,Apple Music,2023-12-01,170722,0.171,12167
2418,YouTube Music,2023-09-01,68777,0.526,2355
2419,Spotify,2023-03-01,44646,0.218,2001
2419,Apple Music,2023-11-01,195167,0.453,15440
2419,YouTube Music,2025-04-01,179242,0.185,1927
2420,Spotify,2023-10-01,6860,0.299,343
2420,Apple Music,2025-07-01,14854,0.412,849
2420,YouTube Music,2025-04-01,5491,0.109,320
2421,Spotify,2023-10-01,85667,0.21,2476
2421,Apple Music,2024-05-01,123502,0.546,7507
2421,YouTube Music,2025-09-01,168768,0.178,10700
